provincia_id,provincia_nombre,departamento_id,departamento_nombre,poblacion_disponible,superficie_disponible,padron_disponible,contexto_socioeconomico_disponible,conectividad_disponible,oferta_educativa_disponible,observaciones
02,Ciudad Autónoma de Buenos Aires,02007,Comuna 1,True,True,True,False,False,True,Ausencia preservada. Dos variantes 2022 tienen puente oficial confirmado; seis siguen pendientes y no reciben ID. Contexto censal y conectividad pendientes.
02,Ciudad Autónoma de Buenos Aires,02014,Comuna 2,True,True,True,False,False,True,Ausencia preservada. Dos variantes 2022 tienen puente oficial confirmado; seis siguen pendientes y no reciben ID. Contexto censal y conectividad pendientes.
02,Ciudad Autónoma de Buenos Aires,02021,Comuna 3,True,True,True,False,False,True,Ausencia preservada. Dos variantes 2022 tienen puente oficial confirmado; seis siguen pendientes y no reciben ID. Contexto censal y conectividad pendientes.
02,Ciudad Autónoma de Buenos Aires,02028,Comuna 4,True,True,True,False,False,True,Ausencia preservada. Dos variantes 2022 tienen puente oficial confirmado; seis siguen pendientes y no reciben ID. Contexto censal y conectividad pendientes.
02,Ciudad Autónoma de Buenos Aires,02035,Comuna 5,True,True,True,False,False,True,Ausencia preservada. Dos variantes 2022 tienen puente oficial confirmado; seis siguen pendientes y no reciben ID. Contexto censal y conectividad pendientes.
02,Ciudad Autónoma de Buenos Aires,02042,Comuna 6,True,True,True,False,False,True,Ausencia preservada. Dos variantes 2022 tienen puente oficial confirmado; seis siguen pendientes y no reciben ID. Contexto censal y conectividad pendientes.
02,Ciudad Autónoma de Buenos Aires,02049,Comuna 7,True,True,True,False,False,True,Ausencia preservada. Dos variantes 2022 tienen puente oficial confirmado; seis siguen pendientes y no reciben ID. Contexto censal y conectividad pendientes.
02,Ciudad Autónoma de Buenos Aires,02056,Comuna 8,True,True,True,False,False,True,Ausencia preservada. Dos variantes 2022 tienen puente oficial confirmado; seis siguen pendientes y no reciben ID. Contexto censal y conectividad pendientes.
02,Ciudad Autónoma de Buenos Aires,02063,Comuna 9,True,True,True,False,False,True,Ausencia preservada. Dos variantes 2022 tienen puente oficial confirmado; seis siguen pendientes y no reciben ID. Contexto censal y conectividad pendientes.
02,Ciudad Autónoma de Buenos Aires,02070,Comuna 10,True,True,True,False,False,True,Ausencia preservada. Dos variantes 2022 tienen puente oficial confirmado; seis siguen pendientes y no reciben ID. Contexto censal y conectividad pendientes.
02,Ciudad Autónoma de Buenos Aires,02077,Comuna 11,True,True,True,False,False,True,Ausencia preservada. Dos variantes 2022 tienen puente oficial confirmado; seis siguen pendientes y no reciben ID. Contexto censal y conectividad pendientes.
02,Ciudad Autónoma de Buenos Aires,02084,Comuna 12,True,True,True,False,False,True,Ausencia preservada. Dos variantes 2022 tienen puente oficial confirmado; seis siguen pendientes y no reciben ID. Contexto censal y conectividad pendientes.
02,Ciudad Autónoma de Buenos Aires,02091,Comuna 13,True,True,True,False,False,True,Ausencia preservada. Dos variantes 2022 tienen puente oficial confirmado; seis siguen pendientes y no reciben ID. Contexto censal y conectividad pendientes.
02,Ciudad Autónoma de Buenos Aires,02098,Comuna 14,True,True,True,False,False,True,Ausencia preservada. Dos variantes 2022 tienen puente oficial confirmado; seis siguen pendientes y no reciben ID. Contexto censal y conectividad pendientes.
02,Ciudad Autónoma de Buenos Aires,02105,Comuna 15,True,True,True,False,False,True,Ausencia preservada. Dos variantes 2022 tienen puente oficial confirmado; seis siguen pendientes y no reciben ID. Contexto censal y conectividad pendientes.
06,Buenos Aires,06007,Adolfo Alsina,True,True,True,False,False,True,Ausencia preservada. Dos variantes 2022 tienen puente oficial confirmado; seis siguen pendientes y no reciben ID. Contexto censal y conectividad pendientes.
06,Buenos Aires,06014,Adolfo Gonzales Chaves,True,True,True,False,False,True,Ausencia preservada. Dos variantes 2022 tienen puente oficial confirmado; seis siguen pendientes y no reciben ID. Contexto censal y conectividad pendientes.
06,Buenos Aires,06021,Alberti,True,True,True,False,False,True,Ausencia preservada. Dos variantes 2022 tienen puente oficial confirmado; seis siguen pendientes y no reciben ID. Contexto censal y conectividad pendientes.
06,Buenos Aires,06028,Almirante Brown,True,True,True,False,False,True,Ausencia preservada. Dos variantes 2022 tienen puente oficial confirmado; seis siguen pendientes y no reciben ID. Contexto censal y conectividad pendientes.
06,Buenos Aires,06035,Avellaneda,True,True,True,False,False,True,Ausencia preservada. Dos variantes 2022 tienen puente oficial confirmado; seis siguen pendientes y no reciben ID. Contexto censal y conectividad pendientes.
06,Buenos Aires,06042,Ayacucho,True,True,True,False,False,True,Ausencia preservada. Dos variantes 2022 tienen puente oficial confirmado; seis siguen pendientes y no reciben ID. Contexto censal y conectividad pendientes.
06,Buenos Aires,06049,Azul,True,True,True,False,False,True,Ausencia preservada. Dos variantes 2022 tienen puente oficial confirmado; seis siguen pendientes y no reciben ID. Contexto censal y conectividad pendientes.
06,Buenos Aires,06056,Bahía Blanca,True,True,True,False,False,True,Ausencia preservada. Dos variantes 2022 tienen puente oficial confirmado; seis siguen pendientes y no reciben ID. Contexto censal y conectividad pendientes.
06,Buenos Aires,06063,Balcarce,True,True,True,False,False,True,Ausencia preservada. Dos variantes 2022 tienen puente oficial confirmado; seis siguen pendientes y no reciben ID. Contexto censal y conectividad pendientes.
06,Buenos Aires,06070,Baradero,True,True,True,False,False,True,Ausencia preservada. Dos variantes 2022 tienen puente oficial confirmado; seis siguen pendientes y no reciben ID. Contexto censal y conectividad pendientes.
06,Buenos Aires,06077,Arrecifes,True,True,True,False,False,True,Ausencia preservada. Dos variantes 2022 tienen puente oficial confirmado; seis siguen pendientes y no reciben ID. Contexto censal y conectividad pendientes.
06,Buenos Aires,06084,Benito Juárez,True,True,True,False,False,True,Ausencia preservada. Dos variantes 2022 tienen puente oficial confirmado; seis siguen pendientes y no reciben ID. Contexto censal y conectividad pendientes.
06,Buenos Aires,06091,Berazategui,True,True,True,False,False,True,Ausencia preservada. Dos variantes 2022 tienen puente oficial confirmado; seis siguen pendientes y no reciben ID. Contexto censal y conectividad pendientes.
06,Buenos Aires,06098,Berisso,True,True,True,False,False,True,Ausencia preservada. Dos variantes 2022 tienen puente oficial confirmado; seis siguen pendientes y no reciben ID. Contexto censal y conectividad pendientes.
06,Buenos Aires,06105,Bolívar,True,True,True,False,False,True,Ausencia preservada. Dos variantes 2022 tienen puente oficial confirmado; seis siguen pendientes y no reciben ID. Contexto censal y conectividad pendientes.
06,Buenos Aires,06112,Bragado,True,True,True,False,False,True,Ausencia preservada. Dos variantes 2022 tienen puente oficial confirmado; seis siguen pendientes y no reciben ID. Contexto censal y conectividad pendientes.
06,Buenos Aires,06119,Brandsen,True,True,True,False,False,True,Ausencia preservada. Dos variantes 2022 tienen puente oficial confirmado; seis siguen pendientes y no reciben ID. Contexto censal y conectividad pendientes.
06,Buenos Aires,06126,Campana,True,True,True,False,False,True,Ausencia preservada. Dos variantes 2022 tienen puente oficial confirmado; seis siguen pendientes y no reciben ID. Contexto censal y conectividad pendientes.
06,Buenos Aires,06134,Cañuelas,True,True,True,False,False,True,Ausencia preservada. Dos variantes 2022 tienen puente oficial confirmado; seis siguen pendientes y no reciben ID. Contexto censal y conectividad pendientes.
06,Buenos Aires,06140,Capitán Sarmiento,True,True,True,False,False,True,Ausencia preservada. Dos variantes 2022 tienen puente oficial confirmado; seis siguen pendientes y no reciben ID. Contexto censal y conectividad pendientes.
06,Buenos Aires,06147,Carlos Casares,True,True,True,False,False,True,Ausencia preservada. Dos variantes 2022 tienen puente oficial confirmado; seis siguen pendientes y no reciben ID. Contexto censal y conectividad pendientes.
06,Buenos Aires,06154,Carlos Tejedor,True,True,True,False,False,True,Ausencia preservada. Dos variantes 2022 tienen puente oficial confirmado; seis siguen pendientes y no reciben ID. Contexto censal y conectividad pendientes.
06,Buenos Aires,06161,Carmen de Areco,True,True,True,False,False,True,Ausencia preservada. Dos variantes 2022 tienen puente oficial confirmado; seis siguen pendientes y no reciben ID. Contexto censal y conectividad pendientes.
06,Buenos Aires,06168,Castelli,True,True,True,False,False,True,Ausencia preservada. Dos variantes 2022 tienen puente oficial confirmado; seis siguen pendientes y no reciben ID. Contexto censal y conectividad pendientes.
06,Buenos Aires,06175,Colón,True,True,True,False,False,True,Ausencia preservada. Dos variantes 2022 tienen puente oficial confirmado; seis siguen pendientes y no reciben ID. Contexto censal y conectividad pendientes.
06,Buenos Aires,06182,Coronel de Marina Leonardo Rosales,True,True,False,False,False,False,Ausencia preservada. Dos variantes 2022 tienen puente oficial confirmado; seis siguen pendientes y no reciben ID. Contexto censal y conectividad pendientes.
06,Buenos Aires,06189,Coronel Dorrego,True,True,True,False,False,True,Ausencia preservada. Dos variantes 2022 tienen puente oficial confirmado; seis siguen pendientes y no reciben ID. Contexto censal y conectividad pendientes.
06,Buenos Aires,06196,Coronel Pringles,True,True,True,False,False,True,Ausencia preservada. Dos variantes 2022 tienen puente oficial confirmado; seis siguen pendientes y no reciben ID. Contexto censal y conectividad pendientes.
06,Buenos Aires,06203,Coronel Suárez,True,True,True,False,False,True,Ausencia preservada. Dos variantes 2022 tienen puente oficial confirmado; seis siguen pendientes y no reciben ID. Contexto censal y conectividad pendientes.
06,Buenos Aires,06210,Chacabuco,True,True,True,False,False,True,Ausencia preservada. Dos variantes 2022 tienen puente oficial confirmado; seis siguen pendientes y no reciben ID. Contexto censal y conectividad pendientes.
06,Buenos Aires,06218,Chascomús,True,True,True,False,False,True,Ausencia preservada. Dos variantes 2022 tienen puente oficial confirmado; seis siguen pendientes y no reciben ID. Contexto censal y conectividad pendientes.
06,Buenos Aires,06224,Chivilcoy,True,True,True,False,False,True,Ausencia preservada. Dos variantes 2022 tienen puente oficial confirmado; seis siguen pendientes y no reciben ID. Contexto censal y conectividad pendientes.
06,Buenos Aires,06231,Daireaux,True,True,True,False,False,True,Ausencia preservada. Dos variantes 2022 tienen puente oficial confirmado; seis siguen pendientes y no reciben ID. Contexto censal y conectividad pendientes.
06,Buenos Aires,06238,Dolores,True,True,True,False,False,True,Ausencia preservada. Dos variantes 2022 tienen puente oficial confirmado; seis siguen pendientes y no reciben ID. Contexto censal y conectividad pendientes.
06,Buenos Aires,06245,Ensenada,True,True,True,False,False,True,Ausencia preservada. Dos variantes 2022 tienen puente oficial confirmado; seis siguen pendientes y no reciben ID. Contexto censal y conectividad pendientes.
06,Buenos Aires,06252,Escobar,True,True,True,False,False,True,Ausencia preservada. Dos variantes 2022 tienen puente oficial confirmado; seis siguen pendientes y no reciben ID. Contexto censal y conectividad pendientes.
06,Buenos Aires,06260,Esteban Echeverría,True,True,True,False,False,True,Ausencia preservada. Dos variantes 2022 tienen puente oficial confirmado; seis siguen pendientes y no reciben ID. Contexto censal y conectividad pendientes.
06,Buenos Aires,06266,Exaltación de la Cruz,True,True,True,False,False,True,Ausencia preservada. Dos variantes 2022 tienen puente oficial confirmado; seis siguen pendientes y no reciben ID. Contexto censal y conectividad pendientes.
06,Buenos Aires,06270,Ezeiza,True,True,True,False,False,True,Ausencia preservada. Dos variantes 2022 tienen puente oficial confirmado; seis siguen pendientes y no reciben ID. Contexto censal y conectividad pendientes.
06,Buenos Aires,06274,Florencio Varela,True,True,True,False,False,True,Ausencia preservada. Dos variantes 2022 tienen puente oficial confirmado; seis siguen pendientes y no reciben ID. Contexto censal y conectividad pendientes.
06,Buenos Aires,06277,Florentino Ameghino,True,True,True,False,False,True,Ausencia preservada. Dos variantes 2022 tienen puente oficial confirmado; seis siguen pendientes y no reciben ID. Contexto censal y conectividad pendientes.
06,Buenos Aires,06280,General Alvarado,True,True,True,False,False,True,Ausencia preservada. Dos variantes 2022 tienen puente oficial confirmado; seis siguen pendientes y no reciben ID. Contexto censal y conectividad pendientes.
06,Buenos Aires,06287,General Alvear,True,True,True,False,False,True,Ausencia preservada. Dos variantes 2022 tienen puente oficial confirmado; seis siguen pendientes y no reciben ID. Contexto censal y conectividad pendientes.
06,Buenos Aires,06294,General Arenales,True,True,True,False,False,True,Ausencia preservada. Dos variantes 2022 tienen puente oficial confirmado; seis siguen pendientes y no reciben ID. Contexto censal y conectividad pendientes.
06,Buenos Aires,06301,General Belgrano,True,True,True,False,False,True,Ausencia preservada. Dos variantes 2022 tienen puente oficial confirmado; seis siguen pendientes y no reciben ID. Contexto censal y conectividad pendientes.
06,Buenos Aires,06308,General Guido,True,True,True,False,False,True,Ausencia preservada. Dos variantes 2022 tienen puente oficial confirmado; seis siguen pendientes y no reciben ID. Contexto censal y conectividad pendientes.
06,Buenos Aires,06315,General Juan Madariaga,True,True,True,False,False,True,Ausencia preservada. Dos variantes 2022 tienen puente oficial confirmado; seis siguen pendientes y no reciben ID. Contexto censal y conectividad pendientes.
06,Buenos Aires,06322,General La Madrid,True,True,True,False,False,True,Ausencia preservada. Dos variantes 2022 tienen puente oficial confirmado; seis siguen pendientes y no reciben ID. Contexto censal y conectividad pendientes.
06,Buenos Aires,06329,General Las Heras,True,True,True,False,False,True,Ausencia preservada. Dos variantes 2022 tienen puente oficial confirmado; seis siguen pendientes y no reciben ID. Contexto censal y conectividad pendientes.
06,Buenos Aires,06336,General Lavalle,True,True,True,False,False,True,Ausencia preservada. Dos variantes 2022 tienen puente oficial confirmado; seis siguen pendientes y no reciben ID. Contexto censal y conectividad pendientes.
06,Buenos Aires,06343,General Paz,True,True,True,False,False,True,Ausencia preservada. Dos variantes 2022 tienen puente oficial confirmado; seis siguen pendientes y no reciben ID. Contexto censal y conectividad pendientes.
06,Buenos Aires,06351,General Pinto,True,True,True,False,False,True,Ausencia preservada. Dos variantes 2022 tienen puente oficial confirmado; seis siguen pendientes y no reciben ID. Contexto censal y conectividad pendientes.
06,Buenos Aires,06357,General Pueyrredón,True,True,True,False,False,True,Ausencia preservada. Dos variantes 2022 tienen puente oficial confirmado; seis siguen pendientes y no reciben ID. Contexto censal y conectividad pendientes.
06,Buenos Aires,06364,General Rodríguez,True,True,True,False,False,True,Ausencia preservada. Dos variantes 2022 tienen puente oficial confirmado; seis siguen pendientes y no reciben ID. Contexto censal y conectividad pendientes.
06,Buenos Aires,06371,General San Martín,True,True,True,False,False,True,Ausencia preservada. Dos variantes 2022 tienen puente oficial confirmado; seis siguen pendientes y no reciben ID. Contexto censal y conectividad pendientes.
06,Buenos Aires,06385,General Viamonte,True,True,True,False,False,True,Ausencia preservada. Dos variantes 2022 tienen puente oficial confirmado; seis siguen pendientes y no reciben ID. Contexto censal y conectividad pendientes.
06,Buenos Aires,06392,General Villegas,True,True,True,False,False,True,Ausencia preservada. Dos variantes 2022 tienen puente oficial confirmado; seis siguen pendientes y no reciben ID. Contexto censal y conectividad pendientes.
06,Buenos Aires,06399,Guaminí,True,True,True,False,False,True,Ausencia preservada. Dos variantes 2022 tienen puente oficial confirmado; seis siguen pendientes y no reciben ID. Contexto censal y conectividad pendientes.
06,Buenos Aires,06406,Hipólito Yrigoyen,True,True,True,False,False,True,Ausencia preservada. Dos variantes 2022 tienen puente oficial confirmado; seis siguen pendientes y no reciben ID. Contexto censal y conectividad pendientes.
06,Buenos Aires,06408,Hurlingham,True,True,True,False,False,True,Ausencia preservada. Dos variantes 2022 tienen puente oficial confirmado; seis siguen pendientes y no reciben ID. Contexto censal y conectividad pendientes.
06,Buenos Aires,06410,Ituzaingó,True,True,True,False,False,True,Ausencia preservada. Dos variantes 2022 tienen puente oficial confirmado; seis siguen pendientes y no reciben ID. Contexto censal y conectividad pendientes.
06,Buenos Aires,06412,José C. Paz,True,True,True,False,False,True,Ausencia preservada. Dos variantes 2022 tienen puente oficial confirmado; seis siguen pendientes y no reciben ID. Contexto censal y conectividad pendientes.
06,Buenos Aires,06413,Junín,True,True,True,False,False,True,Ausencia preservada. Dos variantes 2022 tienen puente oficial confirmado; seis siguen pendientes y no reciben ID. Contexto censal y conectividad pendientes.
06,Buenos Aires,06420,La Costa,True,True,True,False,False,True,Ausencia preservada. Dos variantes 2022 tienen puente oficial confirmado; seis siguen pendientes y no reciben ID. Contexto censal y conectividad pendientes.
06,Buenos Aires,06427,La Matanza,True,True,True,False,False,True,Ausencia preservada. Dos variantes 2022 tienen puente oficial confirmado; seis siguen pendientes y no reciben ID. Contexto censal y conectividad pendientes.
06,Buenos Aires,06434,Lanús,True,True,True,False,False,True,Ausencia preservada. Dos variantes 2022 tienen puente oficial confirmado; seis siguen pendientes y no reciben ID. Contexto censal y conectividad pendientes.
06,Buenos Aires,06441,La Plata,True,True,True,False,False,True,Ausencia preservada. Dos variantes 2022 tienen puente oficial confirmado; seis siguen pendientes y no reciben ID. Contexto censal y conectividad pendientes.
06,Buenos Aires,06448,Laprida,True,True,True,False,False,True,Ausencia preservada. Dos variantes 2022 tienen puente oficial confirmado; seis siguen pendientes y no reciben ID. Contexto censal y conectividad pendientes.
06,Buenos Aires,06455,Las Flores,True,True,True,False,False,True,Ausencia preservada. Dos variantes 2022 tienen puente oficial confirmado; seis siguen pendientes y no reciben ID. Contexto censal y conectividad pendientes.
06,Buenos Aires,06462,Leandro N. Alem,True,True,True,False,False,True,Ausencia preservada. Dos variantes 2022 tienen puente oficial confirmado; seis siguen pendientes y no reciben ID. Contexto censal y conectividad pendientes.
06,Buenos Aires,06466,Lezama,True,True,True,False,False,True,Ausencia preservada. Dos variantes 2022 tienen puente oficial confirmado; seis siguen pendientes y no reciben ID. Contexto censal y conectividad pendientes.
06,Buenos Aires,06469,Lincoln,True,True,True,False,False,True,Ausencia preservada. Dos variantes 2022 tienen puente oficial confirmado; seis siguen pendientes y no reciben ID. Contexto censal y conectividad pendientes.
06,Buenos Aires,06476,Lobería,True,True,True,False,False,True,Ausencia preservada. Dos variantes 2022 tienen puente oficial confirmado; seis siguen pendientes y no reciben ID. Contexto censal y conectividad pendientes.
06,Buenos Aires,06483,Lobos,True,True,True,False,False,True,Ausencia preservada. Dos variantes 2022 tienen puente oficial confirmado; seis siguen pendientes y no reciben ID. Contexto censal y conectividad pendientes.
06,Buenos Aires,06490,Lomas de Zamora,True,True,True,False,False,True,Ausencia preservada. Dos variantes 2022 tienen puente oficial confirmado; seis siguen pendientes y no reciben ID. Contexto censal y conectividad pendientes.
06,Buenos Aires,06497,Luján,True,True,True,False,False,True,Ausencia preservada. Dos variantes 2022 tienen puente oficial confirmado; seis siguen pendientes y no reciben ID. Contexto censal y conectividad pendientes.
06,Buenos Aires,06505,Magdalena,True,True,True,False,False,True,Ausencia preservada. Dos variantes 2022 tienen puente oficial confirmado; seis siguen pendientes y no reciben ID. Contexto censal y conectividad pendientes.
06,Buenos Aires,06511,Maipú,True,True,True,False,False,True,Ausencia preservada. Dos variantes 2022 tienen puente oficial confirmado; seis siguen pendientes y no reciben ID. Contexto censal y conectividad pendientes.
06,Buenos Aires,06515,Malvinas Argentinas,True,True,True,False,False,True,Ausencia preservada. Dos variantes 2022 tienen puente oficial confirmado; seis siguen pendientes y no reciben ID. Contexto censal y conectividad pendientes.
06,Buenos Aires,06518,Mar Chiquita,True,True,True,False,False,True,Ausencia preservada. Dos variantes 2022 tienen puente oficial confirmado; seis siguen pendientes y no reciben ID. Contexto censal y conectividad pendientes.
06,Buenos Aires,06525,Marcos Paz,True,True,True,False,False,True,Ausencia preservada. Dos variantes 2022 tienen puente oficial confirmado; seis siguen pendientes y no reciben ID. Contexto censal y conectividad pendientes.
06,Buenos Aires,06532,Mercedes,True,True,True,False,False,True,Ausencia preservada. Dos variantes 2022 tienen puente oficial confirmado; seis siguen pendientes y no reciben ID. Contexto censal y conectividad pendientes.
06,Buenos Aires,06539,Merlo,True,True,True,False,False,True,Ausencia preservada. Dos variantes 2022 tienen puente oficial confirmado; seis siguen pendientes y no reciben ID. Contexto censal y conectividad pendientes.
06,Buenos Aires,06547,Monte,True,True,True,False,False,True,Ausencia preservada. Dos variantes 2022 tienen puente oficial confirmado; seis siguen pendientes y no reciben ID. Contexto censal y conectividad pendientes.
06,Buenos Aires,06553,Monte Hermoso,True,True,True,False,False,True,Ausencia preservada. Dos variantes 2022 tienen puente oficial confirmado; seis siguen pendientes y no reciben ID. Contexto censal y conectividad pendientes.
06,Buenos Aires,06560,Moreno,True,True,True,False,False,True,Ausencia preservada. Dos variantes 2022 tienen puente oficial confirmado; seis siguen pendientes y no reciben ID. Contexto censal y conectividad pendientes.
06,Buenos Aires,06568,Morón,True,True,True,False,False,True,Ausencia preservada. Dos variantes 2022 tienen puente oficial confirmado; seis siguen pendientes y no reciben ID. Contexto censal y conectividad pendientes.
06,Buenos Aires,06574,Navarro,True,True,True,False,False,True,Ausencia preservada. Dos variantes 2022 tienen puente oficial confirmado; seis siguen pendientes y no reciben ID. Contexto censal y conectividad pendientes.
06,Buenos Aires,06581,Necochea,True,True,True,False,False,True,Ausencia preservada. Dos variantes 2022 tienen puente oficial confirmado; seis siguen pendientes y no reciben ID. Contexto censal y conectividad pendientes.
06,Buenos Aires,06588,9 de Julio,True,True,True,False,False,True,Ausencia preservada. Dos variantes 2022 tienen puente oficial confirmado; seis siguen pendientes y no reciben ID. Contexto censal y conectividad pendientes.
06,Buenos Aires,06595,Olavarría,True,True,True,False,False,True,Ausencia preservada. Dos variantes 2022 tienen puente oficial confirmado; seis siguen pendientes y no reciben ID. Contexto censal y conectividad pendientes.
06,Buenos Aires,06602,Patagones,True,True,True,False,False,True,Ausencia preservada. Dos variantes 2022 tienen puente oficial confirmado; seis siguen pendientes y no reciben ID. Contexto censal y conectividad pendientes.
06,Buenos Aires,06609,Pehuajó,True,True,True,False,False,True,Ausencia preservada. Dos variantes 2022 tienen puente oficial confirmado; seis siguen pendientes y no reciben ID. Contexto censal y conectividad pendientes.
06,Buenos Aires,06616,Pellegrini,True,True,True,False,False,True,Ausencia preservada. Dos variantes 2022 tienen puente oficial confirmado; seis siguen pendientes y no reciben ID. Contexto censal y conectividad pendientes.
06,Buenos Aires,06623,Pergamino,True,True,True,False,False,True,Ausencia preservada. Dos variantes 2022 tienen puente oficial confirmado; seis siguen pendientes y no reciben ID. Contexto censal y conectividad pendientes.
06,Buenos Aires,06630,Pila,True,True,True,False,False,True,Ausencia preservada. Dos variantes 2022 tienen puente oficial confirmado; seis siguen pendientes y no reciben ID. Contexto censal y conectividad pendientes.
06,Buenos Aires,06638,Pilar,True,True,True,False,False,True,Ausencia preservada. Dos variantes 2022 tienen puente oficial confirmado; seis siguen pendientes y no reciben ID. Contexto censal y conectividad pendientes.
06,Buenos Aires,06644,Pinamar,True,True,True,False,False,True,Ausencia preservada. Dos variantes 2022 tienen puente oficial confirmado; seis siguen pendientes y no reciben ID. Contexto censal y conectividad pendientes.
06,Buenos Aires,06648,Presidente Perón,True,True,True,False,False,True,Ausencia preservada. Dos variantes 2022 tienen puente oficial confirmado; seis siguen pendientes y no reciben ID. Contexto censal y conectividad pendientes.
06,Buenos Aires,06651,Puán,True,True,True,False,False,True,Ausencia preservada. Dos variantes 2022 tienen puente oficial confirmado; seis siguen pendientes y no reciben ID. Contexto censal y conectividad pendientes.
06,Buenos Aires,06655,Punta Indio,True,True,True,False,False,True,Ausencia preservada. Dos variantes 2022 tienen puente oficial confirmado; seis siguen pendientes y no reciben ID. Contexto censal y conectividad pendientes.
06,Buenos Aires,06658,Quilmes,True,True,True,False,False,True,Ausencia preservada. Dos variantes 2022 tienen puente oficial confirmado; seis siguen pendientes y no reciben ID. Contexto censal y conectividad pendientes.
06,Buenos Aires,06665,Ramallo,True,True,True,False,False,True,Ausencia preservada. Dos variantes 2022 tienen puente oficial confirmado; seis siguen pendientes y no reciben ID. Contexto censal y conectividad pendientes.
06,Buenos Aires,06672,Rauch,True,True,True,False,False,True,Ausencia preservada. Dos variantes 2022 tienen puente oficial confirmado; seis siguen pendientes y no reciben ID. Contexto censal y conectividad pendientes.
06,Buenos Aires,06679,Rivadavia,True,True,True,False,False,True,Ausencia preservada. Dos variantes 2022 tienen puente oficial confirmado; seis siguen pendientes y no reciben ID. Contexto censal y conectividad pendientes.
06,Buenos Aires,06686,Rojas,True,True,True,False,False,True,Ausencia preservada. Dos variantes 2022 tienen puente oficial confirmado; seis siguen pendientes y no reciben ID. Contexto censal y conectividad pendientes.
06,Buenos Aires,06693,Roque Pérez,True,True,True,False,False,True,Ausencia preservada. Dos variantes 2022 tienen puente oficial confirmado; seis siguen pendientes y no reciben ID. Contexto censal y conectividad pendientes.
06,Buenos Aires,06700,Saavedra,True,True,True,False,False,True,Ausencia preservada. Dos variantes 2022 tienen puente oficial confirmado; seis siguen pendientes y no reciben ID. Contexto censal y conectividad pendientes.
06,Buenos Aires,06707,Saladillo,True,True,True,False,False,True,Ausencia preservada. Dos variantes 2022 tienen puente oficial confirmado; seis siguen pendientes y no reciben ID. Contexto censal y conectividad pendientes.
06,Buenos Aires,06714,Salto,True,True,True,False,False,True,Ausencia preservada. Dos variantes 2022 tienen puente oficial confirmado; seis siguen pendientes y no reciben ID. Contexto censal y conectividad pendientes.
06,Buenos Aires,06721,Salliqueló,True,True,True,False,False,True,Ausencia preservada. Dos variantes 2022 tienen puente oficial confirmado; seis siguen pendientes y no reciben ID. Contexto censal y conectividad pendientes.
06,Buenos Aires,06728,San Andrés de Giles,True,True,True,False,False,True,Ausencia preservada. Dos variantes 2022 tienen puente oficial confirmado; seis siguen pendientes y no reciben ID. Contexto censal y conectividad pendientes.
06,Buenos Aires,06735,San Antonio de Areco,True,True,True,False,False,True,Ausencia preservada. Dos variantes 2022 tienen puente oficial confirmado; seis siguen pendientes y no reciben ID. Contexto censal y conectividad pendientes.
06,Buenos Aires,06742,San Cayetano,True,True,True,False,False,True,Ausencia preservada. Dos variantes 2022 tienen puente oficial confirmado; seis siguen pendientes y no reciben ID. Contexto censal y conectividad pendientes.
06,Buenos Aires,06749,San Fernando,True,True,True,False,False,True,Ausencia preservada. Dos variantes 2022 tienen puente oficial confirmado; seis siguen pendientes y no reciben ID. Contexto censal y conectividad pendientes.
06,Buenos Aires,06756,San Isidro,True,True,True,False,False,True,Ausencia preservada. Dos variantes 2022 tienen puente oficial confirmado; seis siguen pendientes y no reciben ID. Contexto censal y conectividad pendientes.
06,Buenos Aires,06760,San Miguel,True,True,True,False,False,True,Ausencia preservada. Dos variantes 2022 tienen puente oficial confirmado; seis siguen pendientes y no reciben ID. Contexto censal y conectividad pendientes.
06,Buenos Aires,06763,San Nicolás,True,True,True,False,False,True,Ausencia preservada. Dos variantes 2022 tienen puente oficial confirmado; seis siguen pendientes y no reciben ID. Contexto censal y conectividad pendientes.
06,Buenos Aires,06770,San Pedro,True,True,True,False,False,True,Ausencia preservada. Dos variantes 2022 tienen puente oficial confirmado; seis siguen pendientes y no reciben ID. Contexto censal y conectividad pendientes.
06,Buenos Aires,06778,San Vicente,True,True,True,False,False,True,Ausencia preservada. Dos variantes 2022 tienen puente oficial confirmado; seis siguen pendientes y no reciben ID. Contexto censal y conectividad pendientes.
06,Buenos Aires,06784,Suipacha,True,True,True,False,False,True,Ausencia preservada. Dos variantes 2022 tienen puente oficial confirmado; seis siguen pendientes y no reciben ID. Contexto censal y conectividad pendientes.
06,Buenos Aires,06791,Tandil,True,True,True,False,False,True,Ausencia preservada. Dos variantes 2022 tienen puente oficial confirmado; seis siguen pendientes y no reciben ID. Contexto censal y conectividad pendientes.
06,Buenos Aires,06798,Tapalqué,True,True,True,False,False,True,Ausencia preservada. Dos variantes 2022 tienen puente oficial confirmado; seis siguen pendientes y no reciben ID. Contexto censal y conectividad pendientes.
06,Buenos Aires,06805,Tigre,True,True,True,False,False,True,Ausencia preservada. Dos variantes 2022 tienen puente oficial confirmado; seis siguen pendientes y no reciben ID. Contexto censal y conectividad pendientes.
06,Buenos Aires,06812,Tordillo,True,True,True,False,False,True,Ausencia preservada. Dos variantes 2022 tienen puente oficial confirmado; seis siguen pendientes y no reciben ID. Contexto censal y conectividad pendientes.
06,Buenos Aires,06819,Tornquist,True,True,True,False,False,True,Ausencia preservada. Dos variantes 2022 tienen puente oficial confirmado; seis siguen pendientes y no reciben ID. Contexto censal y conectividad pendientes.
06,Buenos Aires,06826,Trenque Lauquen,True,True,True,False,False,True,Ausencia preservada. Dos variantes 2022 tienen puente oficial confirmado; seis siguen pendientes y no reciben ID. Contexto censal y conectividad pendientes.
06,Buenos Aires,06833,Tres Arroyos,True,True,True,False,False,True,Ausencia preservada. Dos variantes 2022 tienen puente oficial confirmado; seis siguen pendientes y no reciben ID. Contexto censal y conectividad pendientes.
06,Buenos Aires,06840,Tres de Febrero,True,True,True,False,False,True,Ausencia preservada. Dos variantes 2022 tienen puente oficial confirmado; seis siguen pendientes y no reciben ID. Contexto censal y conectividad pendientes.
06,Buenos Aires,06847,Tres Lomas,True,True,True,False,False,True,Ausencia preservada. Dos variantes 2022 tienen puente oficial confirmado; seis siguen pendientes y no reciben ID. Contexto censal y conectividad pendientes.
06,Buenos Aires,06854,25 de Mayo,True,True,True,False,False,True,Ausencia preservada. Dos variantes 2022 tienen puente oficial confirmado; seis siguen pendientes y no reciben ID. Contexto censal y conectividad pendientes.
06,Buenos Aires,06861,Vicente López,True,True,True,False,False,True,Ausencia preservada. Dos variantes 2022 tienen puente oficial confirmado; seis siguen pendientes y no reciben ID. Contexto censal y conectividad pendientes.
06,Buenos Aires,06868,Villa Gesell,True,True,True,False,False,True,Ausencia preservada. Dos variantes 2022 tienen puente oficial confirmado; seis siguen pendientes y no reciben ID. Contexto censal y conectividad pendientes.
06,Buenos Aires,06875,Villarino,True,True,True,False,False,True,Ausencia preservada. Dos variantes 2022 tienen puente oficial confirmado; seis siguen pendientes y no reciben ID. Contexto censal y conectividad pendientes.
06,Buenos Aires,06882,Zárate,True,True,True,False,False,True,Ausencia preservada. Dos variantes 2022 tienen puente oficial confirmado; seis siguen pendientes y no reciben ID. Contexto censal y conectividad pendientes.
10,Catamarca,10007,Ambato,True,True,True,False,False,True,Ausencia preservada. Dos variantes 2022 tienen puente oficial confirmado; seis siguen pendientes y no reciben ID. Contexto censal y conectividad pendientes.
10,Catamarca,10014,Ancasti,True,True,True,False,False,True,Ausencia preservada. Dos variantes 2022 tienen puente oficial confirmado; seis siguen pendientes y no reciben ID. Contexto censal y conectividad pendientes.
10,Catamarca,10021,Andalgalá,True,True,True,False,False,True,Ausencia preservada. Dos variantes 2022 tienen puente oficial confirmado; seis siguen pendientes y no reciben ID. Contexto censal y conectividad pendientes.
10,Catamarca,10028,Antofagasta de la Sierra,True,True,True,False,False,True,Ausencia preservada. Dos variantes 2022 tienen puente oficial confirmado; seis siguen pendientes y no reciben ID. Contexto censal y conectividad pendientes.
10,Catamarca,10035,Belén,True,True,True,False,False,True,Ausencia preservada. Dos variantes 2022 tienen puente oficial confirmado; seis siguen pendientes y no reciben ID. Contexto censal y conectividad pendientes.
10,Catamarca,10042,Capayán,True,True,True,False,False,True,Ausencia preservada. Dos variantes 2022 tienen puente oficial confirmado; seis siguen pendientes y no reciben ID. Contexto censal y conectividad pendientes.
10,Catamarca,10049,Capital,True,True,True,False,False,True,Ausencia preservada. Dos variantes 2022 tienen puente oficial confirmado; seis siguen pendientes y no reciben ID. Contexto censal y conectividad pendientes.
10,Catamarca,10056,El Alto,True,True,True,False,False,True,Ausencia preservada. Dos variantes 2022 tienen puente oficial confirmado; seis siguen pendientes y no reciben ID. Contexto censal y conectividad pendientes.
10,Catamarca,10063,Fray Mamerto Esquiú,True,True,True,False,False,True,Ausencia preservada. Dos variantes 2022 tienen puente oficial confirmado; seis siguen pendientes y no reciben ID. Contexto censal y conectividad pendientes.
10,Catamarca,10070,La Paz,True,True,True,False,False,True,Ausencia preservada. Dos variantes 2022 tienen puente oficial confirmado; seis siguen pendientes y no reciben ID. Contexto censal y conectividad pendientes.
10,Catamarca,10077,Paclín,True,True,True,False,False,True,Ausencia preservada. Dos variantes 2022 tienen puente oficial confirmado; seis siguen pendientes y no reciben ID. Contexto censal y conectividad pendientes.
10,Catamarca,10084,Pomán,True,True,True,False,False,True,Ausencia preservada. Dos variantes 2022 tienen puente oficial confirmado; seis siguen pendientes y no reciben ID. Contexto censal y conectividad pendientes.
10,Catamarca,10091,Santa María,True,True,True,False,False,True,Ausencia preservada. Dos variantes 2022 tienen puente oficial confirmado; seis siguen pendientes y no reciben ID. Contexto censal y conectividad pendientes.
10,Catamarca,10098,Santa Rosa,True,True,True,False,False,True,Ausencia preservada. Dos variantes 2022 tienen puente oficial confirmado; seis siguen pendientes y no reciben ID. Contexto censal y conectividad pendientes.
10,Catamarca,10105,Tinogasta,True,True,True,False,False,True,Ausencia preservada. Dos variantes 2022 tienen puente oficial confirmado; seis siguen pendientes y no reciben ID. Contexto censal y conectividad pendientes.
10,Catamarca,10112,Valle Viejo,True,True,True,False,False,True,Ausencia preservada. Dos variantes 2022 tienen puente oficial confirmado; seis siguen pendientes y no reciben ID. Contexto censal y conectividad pendientes.
14,Córdoba,14007,Calamuchita,True,True,True,False,False,True,Ausencia preservada. Dos variantes 2022 tienen puente oficial confirmado; seis siguen pendientes y no reciben ID. Contexto censal y conectividad pendientes.
14,Córdoba,14014,Capital,True,True,True,False,False,True,Ausencia preservada. Dos variantes 2022 tienen puente oficial confirmado; seis siguen pendientes y no reciben ID. Contexto censal y conectividad pendientes.
14,Córdoba,14021,Colón,True,True,True,False,False,True,Ausencia preservada. Dos variantes 2022 tienen puente oficial confirmado; seis siguen pendientes y no reciben ID. Contexto censal y conectividad pendientes.
14,Córdoba,14028,Cruz del Eje,True,True,True,False,False,True,Ausencia preservada. Dos variantes 2022 tienen puente oficial confirmado; seis siguen pendientes y no reciben ID. Contexto censal y conectividad pendientes.
14,Córdoba,14035,General Roca,True,True,True,False,False,True,Ausencia preservada. Dos variantes 2022 tienen puente oficial confirmado; seis siguen pendientes y no reciben ID. Contexto censal y conectividad pendientes.
14,Córdoba,14042,General San Martín,True,True,True,False,False,True,Ausencia preservada. Dos variantes 2022 tienen puente oficial confirmado; seis siguen pendientes y no reciben ID. Contexto censal y conectividad pendientes.
14,Córdoba,14049,Ischilín,True,True,True,False,False,True,Ausencia preservada. Dos variantes 2022 tienen puente oficial confirmado; seis siguen pendientes y no reciben ID. Contexto censal y conectividad pendientes.
14,Córdoba,14056,Juárez Celman,True,True,True,False,False,True,Ausencia preservada. Dos variantes 2022 tienen puente oficial confirmado; seis siguen pendientes y no reciben ID. Contexto censal y conectividad pendientes.
14,Córdoba,14063,Marcos Juárez,True,True,True,False,False,True,Ausencia preservada. Dos variantes 2022 tienen puente oficial confirmado; seis siguen pendientes y no reciben ID. Contexto censal y conectividad pendientes.
14,Córdoba,14070,Minas,True,True,True,False,False,True,Ausencia preservada. Dos variantes 2022 tienen puente oficial confirmado; seis siguen pendientes y no reciben ID. Contexto censal y conectividad pendientes.
14,Córdoba,14077,Pocho,True,True,True,False,False,True,Ausencia preservada. Dos variantes 2022 tienen puente oficial confirmado; seis siguen pendientes y no reciben ID. Contexto censal y conectividad pendientes.
14,Córdoba,14084,Presidente Roque Sáenz Peña,True,True,True,False,False,True,Ausencia preservada. Dos variantes 2022 tienen puente oficial confirmado; seis siguen pendientes y no reciben ID. Contexto censal y conectividad pendientes.
14,Córdoba,14091,Punilla,True,True,True,False,False,True,Ausencia preservada. Dos variantes 2022 tienen puente oficial confirmado; seis siguen pendientes y no reciben ID. Contexto censal y conectividad pendientes.
14,Córdoba,14098,Río Cuarto,True,True,True,False,False,True,Ausencia preservada. Dos variantes 2022 tienen puente oficial confirmado; seis siguen pendientes y no reciben ID. Contexto censal y conectividad pendientes.
14,Córdoba,14105,Río Primero,True,True,True,False,False,True,Ausencia preservada. Dos variantes 2022 tienen puente oficial confirmado; seis siguen pendientes y no reciben ID. Contexto censal y conectividad pendientes.
14,Córdoba,14112,Río Seco,True,True,True,False,False,True,Ausencia preservada. Dos variantes 2022 tienen puente oficial confirmado; seis siguen pendientes y no reciben ID. Contexto censal y conectividad pendientes.
14,Córdoba,14119,Río Segundo,True,True,True,False,False,True,Ausencia preservada. Dos variantes 2022 tienen puente oficial confirmado; seis siguen pendientes y no reciben ID. Contexto censal y conectividad pendientes.
14,Córdoba,14126,San Alberto,True,True,True,False,False,True,Ausencia preservada. Dos variantes 2022 tienen puente oficial confirmado; seis siguen pendientes y no reciben ID. Contexto censal y conectividad pendientes.
14,Córdoba,14133,San Javier,True,True,True,False,False,True,Ausencia preservada. Dos variantes 2022 tienen puente oficial confirmado; seis siguen pendientes y no reciben ID. Contexto censal y conectividad pendientes.
14,Córdoba,14140,San Justo,True,True,True,False,False,True,Ausencia preservada. Dos variantes 2022 tienen puente oficial confirmado; seis siguen pendientes y no reciben ID. Contexto censal y conectividad pendientes.
14,Córdoba,14147,Santa María,True,True,True,False,False,True,Ausencia preservada. Dos variantes 2022 tienen puente oficial confirmado; seis siguen pendientes y no reciben ID. Contexto censal y conectividad pendientes.
14,Córdoba,14154,Sobremonte,True,True,True,False,False,True,Ausencia preservada. Dos variantes 2022 tienen puente oficial confirmado; seis siguen pendientes y no reciben ID. Contexto censal y conectividad pendientes.
14,Córdoba,14161,Tercero Arriba,True,True,True,False,False,True,Ausencia preservada. Dos variantes 2022 tienen puente oficial confirmado; seis siguen pendientes y no reciben ID. Contexto censal y conectividad pendientes.
14,Córdoba,14168,Totoral,True,True,True,False,False,True,Ausencia preservada. Dos variantes 2022 tienen puente oficial confirmado; seis siguen pendientes y no reciben ID. Contexto censal y conectividad pendientes.
14,Córdoba,14175,Tulumba,True,True,True,False,False,True,Ausencia preservada. Dos variantes 2022 tienen puente oficial confirmado; seis siguen pendientes y no reciben ID. Contexto censal y conectividad pendientes.
14,Córdoba,14182,Unión,True,True,True,False,False,True,Ausencia preservada. Dos variantes 2022 tienen puente oficial confirmado; seis siguen pendientes y no reciben ID. Contexto censal y conectividad pendientes.
18,Corrientes,18007,Bella Vista,True,True,True,False,False,True,Ausencia preservada. Dos variantes 2022 tienen puente oficial confirmado; seis siguen pendientes y no reciben ID. Contexto censal y conectividad pendientes.
18,Corrientes,18014,Berón de Astrada,True,True,True,False,False,True,Ausencia preservada. Dos variantes 2022 tienen puente oficial confirmado; seis siguen pendientes y no reciben ID. Contexto censal y conectividad pendientes.
18,Corrientes,18021,Capital,True,True,True,False,False,True,Ausencia preservada. Dos variantes 2022 tienen puente oficial confirmado; seis siguen pendientes y no reciben ID. Contexto censal y conectividad pendientes.
18,Corrientes,18028,Concepción,True,True,True,False,False,True,Ausencia preservada. Dos variantes 2022 tienen puente oficial confirmado; seis siguen pendientes y no reciben ID. Contexto censal y conectividad pendientes.
18,Corrientes,18035,Curuzú Cuatiá,True,True,True,False,False,True,Ausencia preservada. Dos variantes 2022 tienen puente oficial confirmado; seis siguen pendientes y no reciben ID. Contexto censal y conectividad pendientes.
18,Corrientes,18042,Empedrado,True,True,True,False,False,True,Ausencia preservada. Dos variantes 2022 tienen puente oficial confirmado; seis siguen pendientes y no reciben ID. Contexto censal y conectividad pendientes.
18,Corrientes,18049,Esquina,True,True,True,False,False,True,Ausencia preservada. Dos variantes 2022 tienen puente oficial confirmado; seis siguen pendientes y no reciben ID. Contexto censal y conectividad pendientes.
18,Corrientes,18056,General Alvear,True,True,True,False,False,True,Ausencia preservada. Dos variantes 2022 tienen puente oficial confirmado; seis siguen pendientes y no reciben ID. Contexto censal y conectividad pendientes.
18,Corrientes,18063,General Paz,True,True,True,False,False,True,Ausencia preservada. Dos variantes 2022 tienen puente oficial confirmado; seis siguen pendientes y no reciben ID. Contexto censal y conectividad pendientes.
18,Corrientes,18070,Goya,True,True,True,False,False,True,Ausencia preservada. Dos variantes 2022 tienen puente oficial confirmado; seis siguen pendientes y no reciben ID. Contexto censal y conectividad pendientes.
18,Corrientes,18077,Itatí,True,True,True,False,False,True,Ausencia preservada. Dos variantes 2022 tienen puente oficial confirmado; seis siguen pendientes y no reciben ID. Contexto censal y conectividad pendientes.
18,Corrientes,18084,Ituzaingó,True,True,True,False,False,True,Ausencia preservada. Dos variantes 2022 tienen puente oficial confirmado; seis siguen pendientes y no reciben ID. Contexto censal y conectividad pendientes.
18,Corrientes,18091,Lavalle,True,True,True,False,False,True,Ausencia preservada. Dos variantes 2022 tienen puente oficial confirmado; seis siguen pendientes y no reciben ID. Contexto censal y conectividad pendientes.
18,Corrientes,18098,Mburucuyá,True,True,True,False,False,True,Ausencia preservada. Dos variantes 2022 tienen puente oficial confirmado; seis siguen pendientes y no reciben ID. Contexto censal y conectividad pendientes.
18,Corrientes,18105,Mercedes,True,True,True,False,False,True,Ausencia preservada. Dos variantes 2022 tienen puente oficial confirmado; seis siguen pendientes y no reciben ID. Contexto censal y conectividad pendientes.
18,Corrientes,18112,Monte Caseros,True,True,True,False,False,True,Ausencia preservada. Dos variantes 2022 tienen puente oficial confirmado; seis siguen pendientes y no reciben ID. Contexto censal y conectividad pendientes.
18,Corrientes,18119,Paso de los Libres,True,True,True,False,False,True,Ausencia preservada. Dos variantes 2022 tienen puente oficial confirmado; seis siguen pendientes y no reciben ID. Contexto censal y conectividad pendientes.
18,Corrientes,18126,Saladas,True,True,True,False,False,True,Ausencia preservada. Dos variantes 2022 tienen puente oficial confirmado; seis siguen pendientes y no reciben ID. Contexto censal y conectividad pendientes.
18,Corrientes,18133,San Cosme,True,True,True,False,False,True,Ausencia preservada. Dos variantes 2022 tienen puente oficial confirmado; seis siguen pendientes y no reciben ID. Contexto censal y conectividad pendientes.
18,Corrientes,18140,San Luis del Palmar,True,True,True,False,False,True,Ausencia preservada. Dos variantes 2022 tienen puente oficial confirmado; seis siguen pendientes y no reciben ID. Contexto censal y conectividad pendientes.
18,Corrientes,18147,San Martín,True,True,True,False,False,True,Ausencia preservada. Dos variantes 2022 tienen puente oficial confirmado; seis siguen pendientes y no reciben ID. Contexto censal y conectividad pendientes.
18,Corrientes,18154,San Miguel,True,True,True,False,False,True,Ausencia preservada. Dos variantes 2022 tienen puente oficial confirmado; seis siguen pendientes y no reciben ID. Contexto censal y conectividad pendientes.
18,Corrientes,18161,San Roque,True,True,True,False,False,True,Ausencia preservada. Dos variantes 2022 tienen puente oficial confirmado; seis siguen pendientes y no reciben ID. Contexto censal y conectividad pendientes.
18,Corrientes,18168,Santo Tomé,True,True,True,False,False,True,Ausencia preservada. Dos variantes 2022 tienen puente oficial confirmado; seis siguen pendientes y no reciben ID. Contexto censal y conectividad pendientes.
18,Corrientes,18175,Sauce,True,True,True,False,False,True,Ausencia preservada. Dos variantes 2022 tienen puente oficial confirmado; seis siguen pendientes y no reciben ID. Contexto censal y conectividad pendientes.
22,Chaco,22007,Almirante Brown,True,True,True,False,False,True,Ausencia preservada. Dos variantes 2022 tienen puente oficial confirmado; seis siguen pendientes y no reciben ID. Contexto censal y conectividad pendientes.
22,Chaco,22014,Bermejo,True,True,True,False,False,True,Ausencia preservada. Dos variantes 2022 tienen puente oficial confirmado; seis siguen pendientes y no reciben ID. Contexto censal y conectividad pendientes.
22,Chaco,22021,Comandante Fernández,True,True,True,False,False,True,Ausencia preservada. Dos variantes 2022 tienen puente oficial confirmado; seis siguen pendientes y no reciben ID. Contexto censal y conectividad pendientes.
22,Chaco,22028,Chacabuco,True,True,True,False,False,True,Ausencia preservada. Dos variantes 2022 tienen puente oficial confirmado; seis siguen pendientes y no reciben ID. Contexto censal y conectividad pendientes.
22,Chaco,22036,12 de Octubre,True,True,True,False,False,True,Ausencia preservada. Dos variantes 2022 tienen puente oficial confirmado; seis siguen pendientes y no reciben ID. Contexto censal y conectividad pendientes.
22,Chaco,22039,2 de Abril,True,True,True,False,False,True,Ausencia preservada. Dos variantes 2022 tienen puente oficial confirmado; seis siguen pendientes y no reciben ID. Contexto censal y conectividad pendientes.
22,Chaco,22043,Fray Justo Santa María de Oro,True,True,True,False,False,True,Ausencia preservada. Dos variantes 2022 tienen puente oficial confirmado; seis siguen pendientes y no reciben ID. Contexto censal y conectividad pendientes.
22,Chaco,22049,General Belgrano,True,True,True,False,False,True,Ausencia preservada. Dos variantes 2022 tienen puente oficial confirmado; seis siguen pendientes y no reciben ID. Contexto censal y conectividad pendientes.
22,Chaco,22056,General Donovan,True,True,True,False,False,True,Ausencia preservada. Dos variantes 2022 tienen puente oficial confirmado; seis siguen pendientes y no reciben ID. Contexto censal y conectividad pendientes.
22,Chaco,22063,General Güemes,True,True,True,False,False,True,Ausencia preservada. Dos variantes 2022 tienen puente oficial confirmado; seis siguen pendientes y no reciben ID. Contexto censal y conectividad pendientes.
22,Chaco,22070,Independencia,True,True,True,False,False,True,Ausencia preservada. Dos variantes 2022 tienen puente oficial confirmado; seis siguen pendientes y no reciben ID. Contexto censal y conectividad pendientes.
22,Chaco,22077,Libertad,True,True,True,False,False,True,Ausencia preservada. Dos variantes 2022 tienen puente oficial confirmado; seis siguen pendientes y no reciben ID. Contexto censal y conectividad pendientes.
22,Chaco,22084,Libertador General San Martín,True,True,True,False,False,True,Ausencia preservada. Dos variantes 2022 tienen puente oficial confirmado; seis siguen pendientes y no reciben ID. Contexto censal y conectividad pendientes.
22,Chaco,22091,Maipú,True,True,True,False,False,True,Ausencia preservada. Dos variantes 2022 tienen puente oficial confirmado; seis siguen pendientes y no reciben ID. Contexto censal y conectividad pendientes.
22,Chaco,22098,Mayor Luis J. Fontana,True,True,True,False,False,True,Ausencia preservada. Dos variantes 2022 tienen puente oficial confirmado; seis siguen pendientes y no reciben ID. Contexto censal y conectividad pendientes.
22,Chaco,22105,9 de Julio,True,True,True,False,False,True,Ausencia preservada. Dos variantes 2022 tienen puente oficial confirmado; seis siguen pendientes y no reciben ID. Contexto censal y conectividad pendientes.
22,Chaco,22112,O'Higgins,True,True,True,False,False,True,Ausencia preservada. Dos variantes 2022 tienen puente oficial confirmado; seis siguen pendientes y no reciben ID. Contexto censal y conectividad pendientes.
22,Chaco,22119,Presidencia de la Plaza,True,True,True,False,False,True,Ausencia preservada. Dos variantes 2022 tienen puente oficial confirmado; seis siguen pendientes y no reciben ID. Contexto censal y conectividad pendientes.
22,Chaco,22126,1° de Mayo,True,True,True,False,False,True,Ausencia preservada. Dos variantes 2022 tienen puente oficial confirmado; seis siguen pendientes y no reciben ID. Contexto censal y conectividad pendientes.
22,Chaco,22133,Quitilipi,True,True,True,False,False,True,Ausencia preservada. Dos variantes 2022 tienen puente oficial confirmado; seis siguen pendientes y no reciben ID. Contexto censal y conectividad pendientes.
22,Chaco,22140,San Fernando,True,True,True,False,False,True,Ausencia preservada. Dos variantes 2022 tienen puente oficial confirmado; seis siguen pendientes y no reciben ID. Contexto censal y conectividad pendientes.
22,Chaco,22147,San Lorenzo,True,True,True,False,False,True,Ausencia preservada. Dos variantes 2022 tienen puente oficial confirmado; seis siguen pendientes y no reciben ID. Contexto censal y conectividad pendientes.
22,Chaco,22154,Sargento Cabral,True,True,True,False,False,True,Ausencia preservada. Dos variantes 2022 tienen puente oficial confirmado; seis siguen pendientes y no reciben ID. Contexto censal y conectividad pendientes.
22,Chaco,22161,Tapenagá,True,True,True,False,False,True,Ausencia preservada. Dos variantes 2022 tienen puente oficial confirmado; seis siguen pendientes y no reciben ID. Contexto censal y conectividad pendientes.
22,Chaco,22168,25 de Mayo,True,True,True,False,False,True,Ausencia preservada. Dos variantes 2022 tienen puente oficial confirmado; seis siguen pendientes y no reciben ID. Contexto censal y conectividad pendientes.
26,Chubut,26007,Biedma,True,True,True,False,False,True,Ausencia preservada. Dos variantes 2022 tienen puente oficial confirmado; seis siguen pendientes y no reciben ID. Contexto censal y conectividad pendientes.
26,Chubut,26014,Cushamen,True,True,True,False,False,True,Ausencia preservada. Dos variantes 2022 tienen puente oficial confirmado; seis siguen pendientes y no reciben ID. Contexto censal y conectividad pendientes.
26,Chubut,26021,Escalante,True,True,True,False,False,True,Ausencia preservada. Dos variantes 2022 tienen puente oficial confirmado; seis siguen pendientes y no reciben ID. Contexto censal y conectividad pendientes.
26,Chubut,26028,Florentino Ameghino,True,True,True,False,False,True,Ausencia preservada. Dos variantes 2022 tienen puente oficial confirmado; seis siguen pendientes y no reciben ID. Contexto censal y conectividad pendientes.
26,Chubut,26035,Futaleufú,True,True,True,False,False,True,Ausencia preservada. Dos variantes 2022 tienen puente oficial confirmado; seis siguen pendientes y no reciben ID. Contexto censal y conectividad pendientes.
26,Chubut,26042,Gaiman,True,True,True,False,False,True,Ausencia preservada. Dos variantes 2022 tienen puente oficial confirmado; seis siguen pendientes y no reciben ID. Contexto censal y conectividad pendientes.
26,Chubut,26049,Gastre,True,True,True,False,False,True,Ausencia preservada. Dos variantes 2022 tienen puente oficial confirmado; seis siguen pendientes y no reciben ID. Contexto censal y conectividad pendientes.
26,Chubut,26056,Languiñeo,True,True,True,False,False,True,Ausencia preservada. Dos variantes 2022 tienen puente oficial confirmado; seis siguen pendientes y no reciben ID. Contexto censal y conectividad pendientes.
26,Chubut,26063,Mártires,True,True,True,False,False,True,Ausencia preservada. Dos variantes 2022 tienen puente oficial confirmado; seis siguen pendientes y no reciben ID. Contexto censal y conectividad pendientes.
26,Chubut,26070,Paso de Indios,True,True,True,False,False,True,Ausencia preservada. Dos variantes 2022 tienen puente oficial confirmado; seis siguen pendientes y no reciben ID. Contexto censal y conectividad pendientes.
26,Chubut,26077,Rawson,True,True,True,False,False,True,Ausencia preservada. Dos variantes 2022 tienen puente oficial confirmado; seis siguen pendientes y no reciben ID. Contexto censal y conectividad pendientes.
26,Chubut,26084,Río Senguer,True,True,True,False,False,True,Ausencia preservada. Dos variantes 2022 tienen puente oficial confirmado; seis siguen pendientes y no reciben ID. Contexto censal y conectividad pendientes.
26,Chubut,26091,Sarmiento,True,True,True,False,False,True,Ausencia preservada. Dos variantes 2022 tienen puente oficial confirmado; seis siguen pendientes y no reciben ID. Contexto censal y conectividad pendientes.
26,Chubut,26098,Tehuelches,True,True,True,False,False,True,Ausencia preservada. Dos variantes 2022 tienen puente oficial confirmado; seis siguen pendientes y no reciben ID. Contexto censal y conectividad pendientes.
26,Chubut,26105,Telsen,True,True,True,False,False,True,Ausencia preservada. Dos variantes 2022 tienen puente oficial confirmado; seis siguen pendientes y no reciben ID. Contexto censal y conectividad pendientes.
30,Entre Ríos,30008,Colón,True,True,True,False,False,True,Ausencia preservada. Dos variantes 2022 tienen puente oficial confirmado; seis siguen pendientes y no reciben ID. Contexto censal y conectividad pendientes.
30,Entre Ríos,30015,Concordia,True,True,True,False,False,True,Ausencia preservada. Dos variantes 2022 tienen puente oficial confirmado; seis siguen pendientes y no reciben ID. Contexto censal y conectividad pendientes.
30,Entre Ríos,30021,Diamante,True,True,True,False,False,True,Ausencia preservada. Dos variantes 2022 tienen puente oficial confirmado; seis siguen pendientes y no reciben ID. Contexto censal y conectividad pendientes.
30,Entre Ríos,30028,Federación,True,True,True,False,False,True,Ausencia preservada. Dos variantes 2022 tienen puente oficial confirmado; seis siguen pendientes y no reciben ID. Contexto censal y conectividad pendientes.
30,Entre Ríos,30035,Federal,True,True,True,False,False,True,Ausencia preservada. Dos variantes 2022 tienen puente oficial confirmado; seis siguen pendientes y no reciben ID. Contexto censal y conectividad pendientes.
30,Entre Ríos,30042,Feliciano,True,True,True,False,False,True,Ausencia preservada. Dos variantes 2022 tienen puente oficial confirmado; seis siguen pendientes y no reciben ID. Contexto censal y conectividad pendientes.
30,Entre Ríos,30049,Gualeguay,True,True,True,False,False,True,Ausencia preservada. Dos variantes 2022 tienen puente oficial confirmado; seis siguen pendientes y no reciben ID. Contexto censal y conectividad pendientes.
30,Entre Ríos,30056,Gualeguaychú,True,True,True,False,False,True,Ausencia preservada. Dos variantes 2022 tienen puente oficial confirmado; seis siguen pendientes y no reciben ID. Contexto censal y conectividad pendientes.
30,Entre Ríos,30063,Islas del Ibicuy,True,True,True,False,False,True,Ausencia preservada. Dos variantes 2022 tienen puente oficial confirmado; seis siguen pendientes y no reciben ID. Contexto censal y conectividad pendientes.
30,Entre Ríos,30070,La Paz,True,True,True,False,False,True,Ausencia preservada. Dos variantes 2022 tienen puente oficial confirmado; seis siguen pendientes y no reciben ID. Contexto censal y conectividad pendientes.
30,Entre Ríos,30077,Nogoyá,True,True,True,False,False,True,Ausencia preservada. Dos variantes 2022 tienen puente oficial confirmado; seis siguen pendientes y no reciben ID. Contexto censal y conectividad pendientes.
30,Entre Ríos,30084,Paraná,True,True,True,False,False,True,Ausencia preservada. Dos variantes 2022 tienen puente oficial confirmado; seis siguen pendientes y no reciben ID. Contexto censal y conectividad pendientes.
30,Entre Ríos,30088,San Salvador,True,True,True,False,False,True,Ausencia preservada. Dos variantes 2022 tienen puente oficial confirmado; seis siguen pendientes y no reciben ID. Contexto censal y conectividad pendientes.
30,Entre Ríos,30091,Tala,True,True,True,False,False,True,Ausencia preservada. Dos variantes 2022 tienen puente oficial confirmado; seis siguen pendientes y no reciben ID. Contexto censal y conectividad pendientes.
30,Entre Ríos,30098,Uruguay,True,True,True,False,False,True,Ausencia preservada. Dos variantes 2022 tienen puente oficial confirmado; seis siguen pendientes y no reciben ID. Contexto censal y conectividad pendientes.
30,Entre Ríos,30105,Victoria,True,True,True,False,False,True,Ausencia preservada. Dos variantes 2022 tienen puente oficial confirmado; seis siguen pendientes y no reciben ID. Contexto censal y conectividad pendientes.
30,Entre Ríos,30113,Villaguay,True,True,True,False,False,True,Ausencia preservada. Dos variantes 2022 tienen puente oficial confirmado; seis siguen pendientes y no reciben ID. Contexto censal y conectividad pendientes.
34,Formosa,34007,Bermejo,True,True,True,False,False,True,Ausencia preservada. Dos variantes 2022 tienen puente oficial confirmado; seis siguen pendientes y no reciben ID. Contexto censal y conectividad pendientes.
34,Formosa,34014,Formosa,True,True,True,False,False,True,Ausencia preservada. Dos variantes 2022 tienen puente oficial confirmado; seis siguen pendientes y no reciben ID. Contexto censal y conectividad pendientes.
34,Formosa,34021,Laishi,True,True,True,False,False,True,Ausencia preservada. Dos variantes 2022 tienen puente oficial confirmado; seis siguen pendientes y no reciben ID. Contexto censal y conectividad pendientes.
34,Formosa,34028,Matacos,True,True,True,False,False,True,Ausencia preservada. Dos variantes 2022 tienen puente oficial confirmado; seis siguen pendientes y no reciben ID. Contexto censal y conectividad pendientes.
34,Formosa,34035,Patiño,True,True,True,False,False,True,Ausencia preservada. Dos variantes 2022 tienen puente oficial confirmado; seis siguen pendientes y no reciben ID. Contexto censal y conectividad pendientes.
34,Formosa,34042,Pilagás,True,True,True,False,False,True,Ausencia preservada. Dos variantes 2022 tienen puente oficial confirmado; seis siguen pendientes y no reciben ID. Contexto censal y conectividad pendientes.
34,Formosa,34049,Pilcomayo,True,True,True,False,False,True,Ausencia preservada. Dos variantes 2022 tienen puente oficial confirmado; seis siguen pendientes y no reciben ID. Contexto censal y conectividad pendientes.
34,Formosa,34056,Pirané,True,True,True,False,False,True,Ausencia preservada. Dos variantes 2022 tienen puente oficial confirmado; seis siguen pendientes y no reciben ID. Contexto censal y conectividad pendientes.
34,Formosa,34063,Ramón Lista,True,True,True,False,False,True,Ausencia preservada. Dos variantes 2022 tienen puente oficial confirmado; seis siguen pendientes y no reciben ID. Contexto censal y conectividad pendientes.
38,Jujuy,38007,Cochinoca,True,True,True,False,False,True,Ausencia preservada. Dos variantes 2022 tienen puente oficial confirmado; seis siguen pendientes y no reciben ID. Contexto censal y conectividad pendientes.
38,Jujuy,38014,El Carmen,True,True,True,False,False,True,Ausencia preservada. Dos variantes 2022 tienen puente oficial confirmado; seis siguen pendientes y no reciben ID. Contexto censal y conectividad pendientes.
38,Jujuy,38021,Dr. Manuel Belgrano,True,True,True,False,False,True,Ausencia preservada. Dos variantes 2022 tienen puente oficial confirmado; seis siguen pendientes y no reciben ID. Contexto censal y conectividad pendientes.
38,Jujuy,38028,Humahuaca,True,True,True,False,False,True,Ausencia preservada. Dos variantes 2022 tienen puente oficial confirmado; seis siguen pendientes y no reciben ID. Contexto censal y conectividad pendientes.
38,Jujuy,38035,Ledesma,True,True,True,False,False,True,Ausencia preservada. Dos variantes 2022 tienen puente oficial confirmado; seis siguen pendientes y no reciben ID. Contexto censal y conectividad pendientes.
38,Jujuy,38042,Palpalá,True,True,True,False,False,True,Ausencia preservada. Dos variantes 2022 tienen puente oficial confirmado; seis siguen pendientes y no reciben ID. Contexto censal y conectividad pendientes.
38,Jujuy,38049,Rinconada,True,True,True,False,False,True,Ausencia preservada. Dos variantes 2022 tienen puente oficial confirmado; seis siguen pendientes y no reciben ID. Contexto censal y conectividad pendientes.
38,Jujuy,38056,San Antonio,True,True,True,False,False,True,Ausencia preservada. Dos variantes 2022 tienen puente oficial confirmado; seis siguen pendientes y no reciben ID. Contexto censal y conectividad pendientes.
38,Jujuy,38063,San Pedro,True,True,True,False,False,True,Ausencia preservada. Dos variantes 2022 tienen puente oficial confirmado; seis siguen pendientes y no reciben ID. Contexto censal y conectividad pendientes.
38,Jujuy,38070,Santa Bárbara,True,True,True,False,False,True,Ausencia preservada. Dos variantes 2022 tienen puente oficial confirmado; seis siguen pendientes y no reciben ID. Contexto censal y conectividad pendientes.
38,Jujuy,38077,Santa Catalina,True,True,True,False,False,True,Ausencia preservada. Dos variantes 2022 tienen puente oficial confirmado; seis siguen pendientes y no reciben ID. Contexto censal y conectividad pendientes.
38,Jujuy,38084,Susques,True,True,True,False,False,True,Ausencia preservada. Dos variantes 2022 tienen puente oficial confirmado; seis siguen pendientes y no reciben ID. Contexto censal y conectividad pendientes.
38,Jujuy,38094,Tilcara,True,True,True,False,False,True,Ausencia preservada. Dos variantes 2022 tienen puente oficial confirmado; seis siguen pendientes y no reciben ID. Contexto censal y conectividad pendientes.
38,Jujuy,38098,Tumbaya,True,True,True,False,False,True,Ausencia preservada. Dos variantes 2022 tienen puente oficial confirmado; seis siguen pendientes y no reciben ID. Contexto censal y conectividad pendientes.
38,Jujuy,38105,Valle Grande,True,True,True,False,False,True,Ausencia preservada. Dos variantes 2022 tienen puente oficial confirmado; seis siguen pendientes y no reciben ID. Contexto censal y conectividad pendientes.
38,Jujuy,38112,Yavi,True,True,True,False,False,True,Ausencia preservada. Dos variantes 2022 tienen puente oficial confirmado; seis siguen pendientes y no reciben ID. Contexto censal y conectividad pendientes.
42,La Pampa,42007,Atreucó,True,True,True,False,False,True,Ausencia preservada. Dos variantes 2022 tienen puente oficial confirmado; seis siguen pendientes y no reciben ID. Contexto censal y conectividad pendientes.
42,La Pampa,42014,Caleu Caleu,True,True,True,False,False,True,Ausencia preservada. Dos variantes 2022 tienen puente oficial confirmado; seis siguen pendientes y no reciben ID. Contexto censal y conectividad pendientes.
42,La Pampa,42021,Capital,True,True,True,False,False,True,Ausencia preservada. Dos variantes 2022 tienen puente oficial confirmado; seis siguen pendientes y no reciben ID. Contexto censal y conectividad pendientes.
42,La Pampa,42028,Catriló,True,True,True,False,False,True,Ausencia preservada. Dos variantes 2022 tienen puente oficial confirmado; seis siguen pendientes y no reciben ID. Contexto censal y conectividad pendientes.
42,La Pampa,42035,Conhelo,True,True,True,False,False,True,Ausencia preservada. Dos variantes 2022 tienen puente oficial confirmado; seis siguen pendientes y no reciben ID. Contexto censal y conectividad pendientes.
42,La Pampa,42042,Curacó,True,True,True,False,False,True,Ausencia preservada. Dos variantes 2022 tienen puente oficial confirmado; seis siguen pendientes y no reciben ID. Contexto censal y conectividad pendientes.
42,La Pampa,42049,Chalileo,True,True,True,False,False,True,Ausencia preservada. Dos variantes 2022 tienen puente oficial confirmado; seis siguen pendientes y no reciben ID. Contexto censal y conectividad pendientes.
42,La Pampa,42056,Chapaleufú,True,True,True,False,False,True,Ausencia preservada. Dos variantes 2022 tienen puente oficial confirmado; seis siguen pendientes y no reciben ID. Contexto censal y conectividad pendientes.
42,La Pampa,42063,Chical Co,True,True,True,False,False,True,Ausencia preservada. Dos variantes 2022 tienen puente oficial confirmado; seis siguen pendientes y no reciben ID. Contexto censal y conectividad pendientes.
42,La Pampa,42070,Guatraché,True,True,True,False,False,True,Ausencia preservada. Dos variantes 2022 tienen puente oficial confirmado; seis siguen pendientes y no reciben ID. Contexto censal y conectividad pendientes.
42,La Pampa,42077,Hucal,True,True,True,False,False,True,Ausencia preservada. Dos variantes 2022 tienen puente oficial confirmado; seis siguen pendientes y no reciben ID. Contexto censal y conectividad pendientes.
42,La Pampa,42084,Lihuel Calel,True,True,True,False,False,True,Ausencia preservada. Dos variantes 2022 tienen puente oficial confirmado; seis siguen pendientes y no reciben ID. Contexto censal y conectividad pendientes.
42,La Pampa,42091,Limay Mahuida,True,True,True,False,False,True,Ausencia preservada. Dos variantes 2022 tienen puente oficial confirmado; seis siguen pendientes y no reciben ID. Contexto censal y conectividad pendientes.
42,La Pampa,42098,Loventué,True,True,True,False,False,True,Ausencia preservada. Dos variantes 2022 tienen puente oficial confirmado; seis siguen pendientes y no reciben ID. Contexto censal y conectividad pendientes.
42,La Pampa,42105,Maracó,True,True,True,False,False,True,Ausencia preservada. Dos variantes 2022 tienen puente oficial confirmado; seis siguen pendientes y no reciben ID. Contexto censal y conectividad pendientes.
42,La Pampa,42112,Puelén,True,True,True,False,False,True,Ausencia preservada. Dos variantes 2022 tienen puente oficial confirmado; seis siguen pendientes y no reciben ID. Contexto censal y conectividad pendientes.
42,La Pampa,42119,Quemú Quemú,True,True,True,False,False,True,Ausencia preservada. Dos variantes 2022 tienen puente oficial confirmado; seis siguen pendientes y no reciben ID. Contexto censal y conectividad pendientes.
42,La Pampa,42126,Rancul,True,True,True,False,False,True,Ausencia preservada. Dos variantes 2022 tienen puente oficial confirmado; seis siguen pendientes y no reciben ID. Contexto censal y conectividad pendientes.
42,La Pampa,42133,Realicó,True,True,True,False,False,True,Ausencia preservada. Dos variantes 2022 tienen puente oficial confirmado; seis siguen pendientes y no reciben ID. Contexto censal y conectividad pendientes.
42,La Pampa,42140,Toay,True,True,True,False,False,True,Ausencia preservada. Dos variantes 2022 tienen puente oficial confirmado; seis siguen pendientes y no reciben ID. Contexto censal y conectividad pendientes.
42,La Pampa,42147,Trenel,True,True,True,False,False,True,Ausencia preservada. Dos variantes 2022 tienen puente oficial confirmado; seis siguen pendientes y no reciben ID. Contexto censal y conectividad pendientes.
42,La Pampa,42154,Utracán,True,True,True,False,False,True,Ausencia preservada. Dos variantes 2022 tienen puente oficial confirmado; seis siguen pendientes y no reciben ID. Contexto censal y conectividad pendientes.
46,La Rioja,46007,Arauco,True,True,True,False,False,True,Ausencia preservada. Dos variantes 2022 tienen puente oficial confirmado; seis siguen pendientes y no reciben ID. Contexto censal y conectividad pendientes.
46,La Rioja,46014,Capital,True,True,True,False,False,True,Ausencia preservada. Dos variantes 2022 tienen puente oficial confirmado; seis siguen pendientes y no reciben ID. Contexto censal y conectividad pendientes.
46,La Rioja,46021,Castro Barros,True,True,True,False,False,True,Ausencia preservada. Dos variantes 2022 tienen puente oficial confirmado; seis siguen pendientes y no reciben ID. Contexto censal y conectividad pendientes.
46,La Rioja,46028,General Felipe Varela,True,True,False,False,False,False,Ausencia preservada. Dos variantes 2022 tienen puente oficial confirmado; seis siguen pendientes y no reciben ID. Contexto censal y conectividad pendientes.
46,La Rioja,46035,Chamical,True,True,True,False,False,True,Ausencia preservada. Dos variantes 2022 tienen puente oficial confirmado; seis siguen pendientes y no reciben ID. Contexto censal y conectividad pendientes.
46,La Rioja,46042,Chilecito,True,True,True,False,False,True,Ausencia preservada. Dos variantes 2022 tienen puente oficial confirmado; seis siguen pendientes y no reciben ID. Contexto censal y conectividad pendientes.
46,La Rioja,46049,Famatina,True,True,True,False,False,True,Ausencia preservada. Dos variantes 2022 tienen puente oficial confirmado; seis siguen pendientes y no reciben ID. Contexto censal y conectividad pendientes.
46,La Rioja,46056,Ángel Vicente Peñaloza,False,True,True,False,False,True,Ausencia preservada. Dos variantes 2022 tienen puente oficial confirmado; seis siguen pendientes y no reciben ID. Contexto censal y conectividad pendientes.
46,La Rioja,46063,General Belgrano,True,True,True,False,False,True,Ausencia preservada. Dos variantes 2022 tienen puente oficial confirmado; seis siguen pendientes y no reciben ID. Contexto censal y conectividad pendientes.
46,La Rioja,46070,General Juan Facundo Quiroga,True,True,True,False,False,True,Ausencia preservada. Dos variantes 2022 tienen puente oficial confirmado; seis siguen pendientes y no reciben ID. Contexto censal y conectividad pendientes.
46,La Rioja,46077,General Lamadrid,True,True,True,False,False,True,Ausencia preservada. Dos variantes 2022 tienen puente oficial confirmado; seis siguen pendientes y no reciben ID. Contexto censal y conectividad pendientes.
46,La Rioja,46084,General Ortiz de Ocampo,True,True,False,False,False,False,Ausencia preservada. Dos variantes 2022 tienen puente oficial confirmado; seis siguen pendientes y no reciben ID. Contexto censal y conectividad pendientes.
46,La Rioja,46091,General San Martín,True,True,True,False,False,True,Ausencia preservada. Dos variantes 2022 tienen puente oficial confirmado; seis siguen pendientes y no reciben ID. Contexto censal y conectividad pendientes.
46,La Rioja,46098,Vinchina,True,True,True,False,False,True,Ausencia preservada. Dos variantes 2022 tienen puente oficial confirmado; seis siguen pendientes y no reciben ID. Contexto censal y conectividad pendientes.
46,La Rioja,46105,Independencia,True,True,True,False,False,True,Ausencia preservada. Dos variantes 2022 tienen puente oficial confirmado; seis siguen pendientes y no reciben ID. Contexto censal y conectividad pendientes.
46,La Rioja,46112,Rosario Vera Peñaloza,True,True,True,False,False,True,Ausencia preservada. Dos variantes 2022 tienen puente oficial confirmado; seis siguen pendientes y no reciben ID. Contexto censal y conectividad pendientes.
46,La Rioja,46119,San Blas de Los Sauces,True,True,True,False,False,True,Ausencia preservada. Dos variantes 2022 tienen puente oficial confirmado; seis siguen pendientes y no reciben ID. Contexto censal y conectividad pendientes.
46,La Rioja,46126,Sanagasta,True,True,True,False,False,True,Ausencia preservada. Dos variantes 2022 tienen puente oficial confirmado; seis siguen pendientes y no reciben ID. Contexto censal y conectividad pendientes.
50,Mendoza,50007,Capital,True,True,True,False,False,True,Ausencia preservada. Dos variantes 2022 tienen puente oficial confirmado; seis siguen pendientes y no reciben ID. Contexto censal y conectividad pendientes.
50,Mendoza,50014,General Alvear,True,True,True,False,False,True,Ausencia preservada. Dos variantes 2022 tienen puente oficial confirmado; seis siguen pendientes y no reciben ID. Contexto censal y conectividad pendientes.
50,Mendoza,50021,Godoy Cruz,True,True,True,False,False,True,Ausencia preservada. Dos variantes 2022 tienen puente oficial confirmado; seis siguen pendientes y no reciben ID. Contexto censal y conectividad pendientes.
50,Mendoza,50028,Guaymallén,True,True,True,False,False,True,Ausencia preservada. Dos variantes 2022 tienen puente oficial confirmado; seis siguen pendientes y no reciben ID. Contexto censal y conectividad pendientes.
50,Mendoza,50035,Junín,True,True,True,False,False,True,Ausencia preservada. Dos variantes 2022 tienen puente oficial confirmado; seis siguen pendientes y no reciben ID. Contexto censal y conectividad pendientes.
50,Mendoza,50042,La Paz,True,True,True,False,False,True,Ausencia preservada. Dos variantes 2022 tienen puente oficial confirmado; seis siguen pendientes y no reciben ID. Contexto censal y conectividad pendientes.
50,Mendoza,50049,Las Heras,True,True,True,False,False,True,Ausencia preservada. Dos variantes 2022 tienen puente oficial confirmado; seis siguen pendientes y no reciben ID. Contexto censal y conectividad pendientes.
50,Mendoza,50056,Lavalle,True,True,True,False,False,True,Ausencia preservada. Dos variantes 2022 tienen puente oficial confirmado; seis siguen pendientes y no reciben ID. Contexto censal y conectividad pendientes.
50,Mendoza,50063,Luján de Cuyo,True,True,True,False,False,True,Ausencia preservada. Dos variantes 2022 tienen puente oficial confirmado; seis siguen pendientes y no reciben ID. Contexto censal y conectividad pendientes.
50,Mendoza,50070,Maipú,True,True,True,False,False,True,Ausencia preservada. Dos variantes 2022 tienen puente oficial confirmado; seis siguen pendientes y no reciben ID. Contexto censal y conectividad pendientes.
50,Mendoza,50077,Malargüe,True,True,True,False,False,True,Ausencia preservada. Dos variantes 2022 tienen puente oficial confirmado; seis siguen pendientes y no reciben ID. Contexto censal y conectividad pendientes.
50,Mendoza,50084,Rivadavia,True,True,True,False,False,True,Ausencia preservada. Dos variantes 2022 tienen puente oficial confirmado; seis siguen pendientes y no reciben ID. Contexto censal y conectividad pendientes.
50,Mendoza,50091,San Carlos,True,True,True,False,False,True,Ausencia preservada. Dos variantes 2022 tienen puente oficial confirmado; seis siguen pendientes y no reciben ID. Contexto censal y conectividad pendientes.
50,Mendoza,50098,San Martín,True,True,True,False,False,True,Ausencia preservada. Dos variantes 2022 tienen puente oficial confirmado; seis siguen pendientes y no reciben ID. Contexto censal y conectividad pendientes.
50,Mendoza,50105,San Rafael,True,True,True,False,False,True,Ausencia preservada. Dos variantes 2022 tienen puente oficial confirmado; seis siguen pendientes y no reciben ID. Contexto censal y conectividad pendientes.
50,Mendoza,50112,Santa Rosa,True,True,True,False,False,True,Ausencia preservada. Dos variantes 2022 tienen puente oficial confirmado; seis siguen pendientes y no reciben ID. Contexto censal y conectividad pendientes.
50,Mendoza,50119,Tunuyán,True,True,True,False,False,True,Ausencia preservada. Dos variantes 2022 tienen puente oficial confirmado; seis siguen pendientes y no reciben ID. Contexto censal y conectividad pendientes.
50,Mendoza,50126,Tupungato,True,True,True,False,False,True,Ausencia preservada. Dos variantes 2022 tienen puente oficial confirmado; seis siguen pendientes y no reciben ID. Contexto censal y conectividad pendientes.
54,Misiones,54007,Apóstoles,True,True,True,False,False,True,Ausencia preservada. Dos variantes 2022 tienen puente oficial confirmado; seis siguen pendientes y no reciben ID. Contexto censal y conectividad pendientes.
54,Misiones,54014,Cainguás,True,True,True,False,False,True,Ausencia preservada. Dos variantes 2022 tienen puente oficial confirmado; seis siguen pendientes y no reciben ID. Contexto censal y conectividad pendientes.
54,Misiones,54021,Candelaria,True,True,True,False,False,True,Ausencia preservada. Dos variantes 2022 tienen puente oficial confirmado; seis siguen pendientes y no reciben ID. Contexto censal y conectividad pendientes.
54,Misiones,54028,Capital,True,True,True,False,False,True,Ausencia preservada. Dos variantes 2022 tienen puente oficial confirmado; seis siguen pendientes y no reciben ID. Contexto censal y conectividad pendientes.
54,Misiones,54035,Concepción,True,True,True,False,False,True,Ausencia preservada. Dos variantes 2022 tienen puente oficial confirmado; seis siguen pendientes y no reciben ID. Contexto censal y conectividad pendientes.
54,Misiones,54042,Eldorado,True,True,True,False,False,True,Ausencia preservada. Dos variantes 2022 tienen puente oficial confirmado; seis siguen pendientes y no reciben ID. Contexto censal y conectividad pendientes.
54,Misiones,54049,General Manuel Belgrano,True,True,True,False,False,True,Ausencia preservada. Dos variantes 2022 tienen puente oficial confirmado; seis siguen pendientes y no reciben ID. Contexto censal y conectividad pendientes.
54,Misiones,54056,Guaraní,True,True,True,False,False,True,Ausencia preservada. Dos variantes 2022 tienen puente oficial confirmado; seis siguen pendientes y no reciben ID. Contexto censal y conectividad pendientes.
54,Misiones,54063,Iguazú,True,True,True,False,False,True,Ausencia preservada. Dos variantes 2022 tienen puente oficial confirmado; seis siguen pendientes y no reciben ID. Contexto censal y conectividad pendientes.
54,Misiones,54070,Leandro N. Alem,True,True,True,False,False,True,Ausencia preservada. Dos variantes 2022 tienen puente oficial confirmado; seis siguen pendientes y no reciben ID. Contexto censal y conectividad pendientes.
54,Misiones,54077,Libertador General San Martín,True,True,True,False,False,True,Ausencia preservada. Dos variantes 2022 tienen puente oficial confirmado; seis siguen pendientes y no reciben ID. Contexto censal y conectividad pendientes.
54,Misiones,54084,Montecarlo,True,True,True,False,False,True,Ausencia preservada. Dos variantes 2022 tienen puente oficial confirmado; seis siguen pendientes y no reciben ID. Contexto censal y conectividad pendientes.
54,Misiones,54091,Oberá,True,True,True,False,False,True,Ausencia preservada. Dos variantes 2022 tienen puente oficial confirmado; seis siguen pendientes y no reciben ID. Contexto censal y conectividad pendientes.
54,Misiones,54098,San Ignacio,True,True,True,False,False,True,Ausencia preservada. Dos variantes 2022 tienen puente oficial confirmado; seis siguen pendientes y no reciben ID. Contexto censal y conectividad pendientes.
54,Misiones,54105,San Javier,True,True,True,False,False,True,Ausencia preservada. Dos variantes 2022 tienen puente oficial confirmado; seis siguen pendientes y no reciben ID. Contexto censal y conectividad pendientes.
54,Misiones,54112,San Pedro,True,True,True,False,False,True,Ausencia preservada. Dos variantes 2022 tienen puente oficial confirmado; seis siguen pendientes y no reciben ID. Contexto censal y conectividad pendientes.
54,Misiones,54119,25 de Mayo,True,True,True,False,False,True,Ausencia preservada. Dos variantes 2022 tienen puente oficial confirmado; seis siguen pendientes y no reciben ID. Contexto censal y conectividad pendientes.
58,Neuquén,58007,Aluminé,True,True,True,False,False,True,Ausencia preservada. Dos variantes 2022 tienen puente oficial confirmado; seis siguen pendientes y no reciben ID. Contexto censal y conectividad pendientes.
58,Neuquén,58014,Añelo,True,True,True,False,False,True,Ausencia preservada. Dos variantes 2022 tienen puente oficial confirmado; seis siguen pendientes y no reciben ID. Contexto censal y conectividad pendientes.
58,Neuquén,58021,Catán Lil,True,True,True,False,False,True,Ausencia preservada. Dos variantes 2022 tienen puente oficial confirmado; seis siguen pendientes y no reciben ID. Contexto censal y conectividad pendientes.
58,Neuquén,58028,Collón Curá,True,True,True,False,False,True,Ausencia preservada. Dos variantes 2022 tienen puente oficial confirmado; seis siguen pendientes y no reciben ID. Contexto censal y conectividad pendientes.
58,Neuquén,58035,Confluencia,True,True,True,False,False,True,Ausencia preservada. Dos variantes 2022 tienen puente oficial confirmado; seis siguen pendientes y no reciben ID. Contexto censal y conectividad pendientes.
58,Neuquén,58042,Chos Malal,True,True,True,False,False,True,Ausencia preservada. Dos variantes 2022 tienen puente oficial confirmado; seis siguen pendientes y no reciben ID. Contexto censal y conectividad pendientes.
58,Neuquén,58049,Huiliches,True,True,True,False,False,True,Ausencia preservada. Dos variantes 2022 tienen puente oficial confirmado; seis siguen pendientes y no reciben ID. Contexto censal y conectividad pendientes.
58,Neuquén,58056,Lácar,True,True,True,False,False,True,Ausencia preservada. Dos variantes 2022 tienen puente oficial confirmado; seis siguen pendientes y no reciben ID. Contexto censal y conectividad pendientes.
58,Neuquén,58063,Loncopué,True,True,True,False,False,True,Ausencia preservada. Dos variantes 2022 tienen puente oficial confirmado; seis siguen pendientes y no reciben ID. Contexto censal y conectividad pendientes.
58,Neuquén,58070,Los Lagos,True,True,True,False,False,True,Ausencia preservada. Dos variantes 2022 tienen puente oficial confirmado; seis siguen pendientes y no reciben ID. Contexto censal y conectividad pendientes.
58,Neuquén,58077,Minas,True,True,True,False,False,True,Ausencia preservada. Dos variantes 2022 tienen puente oficial confirmado; seis siguen pendientes y no reciben ID. Contexto censal y conectividad pendientes.
58,Neuquén,58084,Ñorquín,True,True,True,False,False,True,Ausencia preservada. Dos variantes 2022 tienen puente oficial confirmado; seis siguen pendientes y no reciben ID. Contexto censal y conectividad pendientes.
58,Neuquén,58091,Pehuenches,True,True,True,False,False,True,Ausencia preservada. Dos variantes 2022 tienen puente oficial confirmado; seis siguen pendientes y no reciben ID. Contexto censal y conectividad pendientes.
58,Neuquén,58098,Picún Leufú,True,True,True,False,False,True,Ausencia preservada. Dos variantes 2022 tienen puente oficial confirmado; seis siguen pendientes y no reciben ID. Contexto censal y conectividad pendientes.
58,Neuquén,58105,Picunches,True,True,True,False,False,True,Ausencia preservada. Dos variantes 2022 tienen puente oficial confirmado; seis siguen pendientes y no reciben ID. Contexto censal y conectividad pendientes.
58,Neuquén,58112,Zapala,True,True,True,False,False,True,Ausencia preservada. Dos variantes 2022 tienen puente oficial confirmado; seis siguen pendientes y no reciben ID. Contexto censal y conectividad pendientes.
62,Río Negro,62007,Adolfo Alsina,True,True,True,False,False,True,Ausencia preservada. Dos variantes 2022 tienen puente oficial confirmado; seis siguen pendientes y no reciben ID. Contexto censal y conectividad pendientes.
62,Río Negro,62014,Avellaneda,True,True,True,False,False,True,Ausencia preservada. Dos variantes 2022 tienen puente oficial confirmado; seis siguen pendientes y no reciben ID. Contexto censal y conectividad pendientes.
62,Río Negro,62021,Bariloche,True,True,True,False,False,True,Ausencia preservada. Dos variantes 2022 tienen puente oficial confirmado; seis siguen pendientes y no reciben ID. Contexto censal y conectividad pendientes.
62,Río Negro,62028,Conesa,True,True,True,False,False,True,Ausencia preservada. Dos variantes 2022 tienen puente oficial confirmado; seis siguen pendientes y no reciben ID. Contexto censal y conectividad pendientes.
62,Río Negro,62035,El Cuy,True,True,True,False,False,True,Ausencia preservada. Dos variantes 2022 tienen puente oficial confirmado; seis siguen pendientes y no reciben ID. Contexto censal y conectividad pendientes.
62,Río Negro,62042,General Roca,True,True,True,False,False,True,Ausencia preservada. Dos variantes 2022 tienen puente oficial confirmado; seis siguen pendientes y no reciben ID. Contexto censal y conectividad pendientes.
62,Río Negro,62049,9 de Julio,True,True,True,False,False,True,Ausencia preservada. Dos variantes 2022 tienen puente oficial confirmado; seis siguen pendientes y no reciben ID. Contexto censal y conectividad pendientes.
62,Río Negro,62056,Ñorquinco,True,True,True,False,False,True,Ausencia preservada. Dos variantes 2022 tienen puente oficial confirmado; seis siguen pendientes y no reciben ID. Contexto censal y conectividad pendientes.
62,Río Negro,62063,Pichi Mahuida,True,True,True,False,False,True,Ausencia preservada. Dos variantes 2022 tienen puente oficial confirmado; seis siguen pendientes y no reciben ID. Contexto censal y conectividad pendientes.
62,Río Negro,62070,Pilcaniyeu,True,True,True,False,False,True,Ausencia preservada. Dos variantes 2022 tienen puente oficial confirmado; seis siguen pendientes y no reciben ID. Contexto censal y conectividad pendientes.
62,Río Negro,62077,San Antonio,True,True,True,False,False,True,Ausencia preservada. Dos variantes 2022 tienen puente oficial confirmado; seis siguen pendientes y no reciben ID. Contexto censal y conectividad pendientes.
62,Río Negro,62084,Valcheta,True,True,True,False,False,True,Ausencia preservada. Dos variantes 2022 tienen puente oficial confirmado; seis siguen pendientes y no reciben ID. Contexto censal y conectividad pendientes.
62,Río Negro,62091,25 de Mayo,True,True,True,False,False,True,Ausencia preservada. Dos variantes 2022 tienen puente oficial confirmado; seis siguen pendientes y no reciben ID. Contexto censal y conectividad pendientes.
66,Salta,66007,Anta,True,True,True,False,False,True,Ausencia preservada. Dos variantes 2022 tienen puente oficial confirmado; seis siguen pendientes y no reciben ID. Contexto censal y conectividad pendientes.
66,Salta,66014,Cachi,True,True,True,False,False,True,Ausencia preservada. Dos variantes 2022 tienen puente oficial confirmado; seis siguen pendientes y no reciben ID. Contexto censal y conectividad pendientes.
66,Salta,66021,Cafayate,True,True,True,False,False,True,Ausencia preservada. Dos variantes 2022 tienen puente oficial confirmado; seis siguen pendientes y no reciben ID. Contexto censal y conectividad pendientes.
66,Salta,66028,Capital,True,True,True,False,False,True,Ausencia preservada. Dos variantes 2022 tienen puente oficial confirmado; seis siguen pendientes y no reciben ID. Contexto censal y conectividad pendientes.
66,Salta,66035,Cerrillos,True,True,True,False,False,True,Ausencia preservada. Dos variantes 2022 tienen puente oficial confirmado; seis siguen pendientes y no reciben ID. Contexto censal y conectividad pendientes.
66,Salta,66042,Chicoana,True,True,True,False,False,True,Ausencia preservada. Dos variantes 2022 tienen puente oficial confirmado; seis siguen pendientes y no reciben ID. Contexto censal y conectividad pendientes.
66,Salta,66049,General Güemes,True,True,True,False,False,True,Ausencia preservada. Dos variantes 2022 tienen puente oficial confirmado; seis siguen pendientes y no reciben ID. Contexto censal y conectividad pendientes.
66,Salta,66056,General José de San Martín,True,True,True,False,False,True,Ausencia preservada. Dos variantes 2022 tienen puente oficial confirmado; seis siguen pendientes y no reciben ID. Contexto censal y conectividad pendientes.
66,Salta,66063,Guachipas,True,True,True,False,False,True,Ausencia preservada. Dos variantes 2022 tienen puente oficial confirmado; seis siguen pendientes y no reciben ID. Contexto censal y conectividad pendientes.
66,Salta,66070,Iruya,True,True,True,False,False,True,Ausencia preservada. Dos variantes 2022 tienen puente oficial confirmado; seis siguen pendientes y no reciben ID. Contexto censal y conectividad pendientes.
66,Salta,66077,La Caldera,True,True,True,False,False,True,Ausencia preservada. Dos variantes 2022 tienen puente oficial confirmado; seis siguen pendientes y no reciben ID. Contexto censal y conectividad pendientes.
66,Salta,66084,La Candelaria,True,True,True,False,False,True,Ausencia preservada. Dos variantes 2022 tienen puente oficial confirmado; seis siguen pendientes y no reciben ID. Contexto censal y conectividad pendientes.
66,Salta,66091,La Poma,True,True,True,False,False,True,Ausencia preservada. Dos variantes 2022 tienen puente oficial confirmado; seis siguen pendientes y no reciben ID. Contexto censal y conectividad pendientes.
66,Salta,66098,La Viña,True,True,True,False,False,True,Ausencia preservada. Dos variantes 2022 tienen puente oficial confirmado; seis siguen pendientes y no reciben ID. Contexto censal y conectividad pendientes.
66,Salta,66105,Los Andes,True,True,True,False,False,True,Ausencia preservada. Dos variantes 2022 tienen puente oficial confirmado; seis siguen pendientes y no reciben ID. Contexto censal y conectividad pendientes.
66,Salta,66112,Metán,True,True,True,False,False,True,Ausencia preservada. Dos variantes 2022 tienen puente oficial confirmado; seis siguen pendientes y no reciben ID. Contexto censal y conectividad pendientes.
66,Salta,66119,Molinos,True,True,True,False,False,True,Ausencia preservada. Dos variantes 2022 tienen puente oficial confirmado; seis siguen pendientes y no reciben ID. Contexto censal y conectividad pendientes.
66,Salta,66126,Orán,True,True,True,False,False,True,Ausencia preservada. Dos variantes 2022 tienen puente oficial confirmado; seis siguen pendientes y no reciben ID. Contexto censal y conectividad pendientes.
66,Salta,66133,Rivadavia,True,True,True,False,False,True,Ausencia preservada. Dos variantes 2022 tienen puente oficial confirmado; seis siguen pendientes y no reciben ID. Contexto censal y conectividad pendientes.
66,Salta,66140,Rosario de la Frontera,True,True,True,False,False,True,Ausencia preservada. Dos variantes 2022 tienen puente oficial confirmado; seis siguen pendientes y no reciben ID. Contexto censal y conectividad pendientes.
66,Salta,66147,Rosario de Lerma,True,True,True,False,False,True,Ausencia preservada. Dos variantes 2022 tienen puente oficial confirmado; seis siguen pendientes y no reciben ID. Contexto censal y conectividad pendientes.
66,Salta,66154,San Carlos,True,True,True,False,False,True,Ausencia preservada. Dos variantes 2022 tienen puente oficial confirmado; seis siguen pendientes y no reciben ID. Contexto censal y conectividad pendientes.
66,Salta,66161,Santa Victoria,True,True,True,False,False,True,Ausencia preservada. Dos variantes 2022 tienen puente oficial confirmado; seis siguen pendientes y no reciben ID. Contexto censal y conectividad pendientes.
70,San Juan,70007,Albardón,True,True,True,False,False,True,Ausencia preservada. Dos variantes 2022 tienen puente oficial confirmado; seis siguen pendientes y no reciben ID. Contexto censal y conectividad pendientes.
70,San Juan,70014,Angaco,True,True,True,False,False,True,Ausencia preservada. Dos variantes 2022 tienen puente oficial confirmado; seis siguen pendientes y no reciben ID. Contexto censal y conectividad pendientes.
70,San Juan,70021,Calingasta,True,True,True,False,False,True,Ausencia preservada. Dos variantes 2022 tienen puente oficial confirmado; seis siguen pendientes y no reciben ID. Contexto censal y conectividad pendientes.
70,San Juan,70028,Capital,True,True,True,False,False,True,Ausencia preservada. Dos variantes 2022 tienen puente oficial confirmado; seis siguen pendientes y no reciben ID. Contexto censal y conectividad pendientes.
70,San Juan,70035,Caucete,True,True,True,False,False,True,Ausencia preservada. Dos variantes 2022 tienen puente oficial confirmado; seis siguen pendientes y no reciben ID. Contexto censal y conectividad pendientes.
70,San Juan,70042,Chimbas,True,True,True,False,False,True,Ausencia preservada. Dos variantes 2022 tienen puente oficial confirmado; seis siguen pendientes y no reciben ID. Contexto censal y conectividad pendientes.
70,San Juan,70049,Iglesia,True,True,True,False,False,True,Ausencia preservada. Dos variantes 2022 tienen puente oficial confirmado; seis siguen pendientes y no reciben ID. Contexto censal y conectividad pendientes.
70,San Juan,70056,Jáchal,True,True,True,False,False,True,Ausencia preservada. Dos variantes 2022 tienen puente oficial confirmado; seis siguen pendientes y no reciben ID. Contexto censal y conectividad pendientes.
70,San Juan,70063,9 de Julio,True,True,True,False,False,True,Ausencia preservada. Dos variantes 2022 tienen puente oficial confirmado; seis siguen pendientes y no reciben ID. Contexto censal y conectividad pendientes.
70,San Juan,70070,Pocito,True,True,True,False,False,True,Ausencia preservada. Dos variantes 2022 tienen puente oficial confirmado; seis siguen pendientes y no reciben ID. Contexto censal y conectividad pendientes.
70,San Juan,70077,Rawson,True,True,True,False,False,True,Ausencia preservada. Dos variantes 2022 tienen puente oficial confirmado; seis siguen pendientes y no reciben ID. Contexto censal y conectividad pendientes.
70,San Juan,70084,Rivadavia,True,True,True,False,False,True,Ausencia preservada. Dos variantes 2022 tienen puente oficial confirmado; seis siguen pendientes y no reciben ID. Contexto censal y conectividad pendientes.
70,San Juan,70091,San Martín,True,True,True,False,False,True,Ausencia preservada. Dos variantes 2022 tienen puente oficial confirmado; seis siguen pendientes y no reciben ID. Contexto censal y conectividad pendientes.
70,San Juan,70098,Santa Lucía,True,True,True,False,False,True,Ausencia preservada. Dos variantes 2022 tienen puente oficial confirmado; seis siguen pendientes y no reciben ID. Contexto censal y conectividad pendientes.
70,San Juan,70105,Sarmiento,True,True,True,False,False,True,Ausencia preservada. Dos variantes 2022 tienen puente oficial confirmado; seis siguen pendientes y no reciben ID. Contexto censal y conectividad pendientes.
70,San Juan,70112,Ullum,True,True,True,False,False,True,Ausencia preservada. Dos variantes 2022 tienen puente oficial confirmado; seis siguen pendientes y no reciben ID. Contexto censal y conectividad pendientes.
70,San Juan,70119,Valle Fértil,True,True,True,False,False,True,Ausencia preservada. Dos variantes 2022 tienen puente oficial confirmado; seis siguen pendientes y no reciben ID. Contexto censal y conectividad pendientes.
70,San Juan,70126,25 de Mayo,True,True,True,False,False,True,Ausencia preservada. Dos variantes 2022 tienen puente oficial confirmado; seis siguen pendientes y no reciben ID. Contexto censal y conectividad pendientes.
70,San Juan,70133,Zonda,True,True,True,False,False,True,Ausencia preservada. Dos variantes 2022 tienen puente oficial confirmado; seis siguen pendientes y no reciben ID. Contexto censal y conectividad pendientes.
74,San Luis,74007,Ayacucho,True,True,True,False,False,True,Ausencia preservada. Dos variantes 2022 tienen puente oficial confirmado; seis siguen pendientes y no reciben ID. Contexto censal y conectividad pendientes.
74,San Luis,74014,Belgrano,True,True,True,False,False,True,Ausencia preservada. Dos variantes 2022 tienen puente oficial confirmado; seis siguen pendientes y no reciben ID. Contexto censal y conectividad pendientes.
74,San Luis,74021,Coronel Pringles,True,True,True,False,False,True,Ausencia preservada. Dos variantes 2022 tienen puente oficial confirmado; seis siguen pendientes y no reciben ID. Contexto censal y conectividad pendientes.
74,San Luis,74028,Chacabuco,True,True,True,False,False,True,Ausencia preservada. Dos variantes 2022 tienen puente oficial confirmado; seis siguen pendientes y no reciben ID. Contexto censal y conectividad pendientes.
74,San Luis,74035,General Pedernera,True,True,True,False,False,True,Ausencia preservada. Dos variantes 2022 tienen puente oficial confirmado; seis siguen pendientes y no reciben ID. Contexto censal y conectividad pendientes.
74,San Luis,74042,Gobernador Dupuy,True,True,True,False,False,True,Ausencia preservada. Dos variantes 2022 tienen puente oficial confirmado; seis siguen pendientes y no reciben ID. Contexto censal y conectividad pendientes.
74,San Luis,74049,Junín,True,True,True,False,False,True,Ausencia preservada. Dos variantes 2022 tienen puente oficial confirmado; seis siguen pendientes y no reciben ID. Contexto censal y conectividad pendientes.
74,San Luis,74056,Juan Martín de Pueyrredón,True,True,False,False,False,False,Ausencia preservada. Dos variantes 2022 tienen puente oficial confirmado; seis siguen pendientes y no reciben ID. Contexto censal y conectividad pendientes.
74,San Luis,74063,Libertador General San Martín,True,True,True,False,False,True,Ausencia preservada. Dos variantes 2022 tienen puente oficial confirmado; seis siguen pendientes y no reciben ID. Contexto censal y conectividad pendientes.
78,Santa Cruz,78007,Corpen Aike,True,True,True,False,False,True,Ausencia preservada. Dos variantes 2022 tienen puente oficial confirmado; seis siguen pendientes y no reciben ID. Contexto censal y conectividad pendientes.
78,Santa Cruz,78014,Deseado,True,True,True,False,False,True,Ausencia preservada. Dos variantes 2022 tienen puente oficial confirmado; seis siguen pendientes y no reciben ID. Contexto censal y conectividad pendientes.
78,Santa Cruz,78021,Güer Aike,True,True,True,False,False,True,Ausencia preservada. Dos variantes 2022 tienen puente oficial confirmado; seis siguen pendientes y no reciben ID. Contexto censal y conectividad pendientes.
78,Santa Cruz,78028,Lago Argentino,True,True,True,False,False,True,Ausencia preservada. Dos variantes 2022 tienen puente oficial confirmado; seis siguen pendientes y no reciben ID. Contexto censal y conectividad pendientes.
78,Santa Cruz,78035,Lago Buenos Aires,True,True,True,False,False,True,Ausencia preservada. Dos variantes 2022 tienen puente oficial confirmado; seis siguen pendientes y no reciben ID. Contexto censal y conectividad pendientes.
78,Santa Cruz,78042,Magallanes,True,True,True,False,False,True,Ausencia preservada. Dos variantes 2022 tienen puente oficial confirmado; seis siguen pendientes y no reciben ID. Contexto censal y conectividad pendientes.
78,Santa Cruz,78049,Río Chico,True,True,True,False,False,True,Ausencia preservada. Dos variantes 2022 tienen puente oficial confirmado; seis siguen pendientes y no reciben ID. Contexto censal y conectividad pendientes.
82,Santa Fe,82007,Belgrano,True,True,True,False,False,True,Ausencia preservada. Dos variantes 2022 tienen puente oficial confirmado; seis siguen pendientes y no reciben ID. Contexto censal y conectividad pendientes.
82,Santa Fe,82014,Caseros,True,True,True,False,False,True,Ausencia preservada. Dos variantes 2022 tienen puente oficial confirmado; seis siguen pendientes y no reciben ID. Contexto censal y conectividad pendientes.
82,Santa Fe,82021,Castellanos,True,True,True,False,False,True,Ausencia preservada. Dos variantes 2022 tienen puente oficial confirmado; seis siguen pendientes y no reciben ID. Contexto censal y conectividad pendientes.
82,Santa Fe,82028,Constitución,True,True,True,False,False,True,Ausencia preservada. Dos variantes 2022 tienen puente oficial confirmado; seis siguen pendientes y no reciben ID. Contexto censal y conectividad pendientes.
82,Santa Fe,82035,Garay,True,True,True,False,False,True,Ausencia preservada. Dos variantes 2022 tienen puente oficial confirmado; seis siguen pendientes y no reciben ID. Contexto censal y conectividad pendientes.
82,Santa Fe,82042,General López,True,True,True,False,False,True,Ausencia preservada. Dos variantes 2022 tienen puente oficial confirmado; seis siguen pendientes y no reciben ID. Contexto censal y conectividad pendientes.
82,Santa Fe,82049,General Obligado,True,True,True,False,False,True,Ausencia preservada. Dos variantes 2022 tienen puente oficial confirmado; seis siguen pendientes y no reciben ID. Contexto censal y conectividad pendientes.
82,Santa Fe,82056,Iriondo,True,True,True,False,False,True,Ausencia preservada. Dos variantes 2022 tienen puente oficial confirmado; seis siguen pendientes y no reciben ID. Contexto censal y conectividad pendientes.
82,Santa Fe,82063,La Capital,True,True,True,False,False,True,Ausencia preservada. Dos variantes 2022 tienen puente oficial confirmado; seis siguen pendientes y no reciben ID. Contexto censal y conectividad pendientes.
82,Santa Fe,82070,Las Colonias,True,True,True,False,False,True,Ausencia preservada. Dos variantes 2022 tienen puente oficial confirmado; seis siguen pendientes y no reciben ID. Contexto censal y conectividad pendientes.
82,Santa Fe,82077,9 de Julio,True,True,True,False,False,True,Ausencia preservada. Dos variantes 2022 tienen puente oficial confirmado; seis siguen pendientes y no reciben ID. Contexto censal y conectividad pendientes.
82,Santa Fe,82084,Rosario,True,True,True,False,False,True,Ausencia preservada. Dos variantes 2022 tienen puente oficial confirmado; seis siguen pendientes y no reciben ID. Contexto censal y conectividad pendientes.
82,Santa Fe,82091,San Cristóbal,True,True,True,False,False,True,Ausencia preservada. Dos variantes 2022 tienen puente oficial confirmado; seis siguen pendientes y no reciben ID. Contexto censal y conectividad pendientes.
82,Santa Fe,82098,San Javier,True,True,True,False,False,True,Ausencia preservada. Dos variantes 2022 tienen puente oficial confirmado; seis siguen pendientes y no reciben ID. Contexto censal y conectividad pendientes.
82,Santa Fe,82105,San Jerónimo,True,True,True,False,False,True,Ausencia preservada. Dos variantes 2022 tienen puente oficial confirmado; seis siguen pendientes y no reciben ID. Contexto censal y conectividad pendientes.
82,Santa Fe,82112,San Justo,True,True,True,False,False,True,Ausencia preservada. Dos variantes 2022 tienen puente oficial confirmado; seis siguen pendientes y no reciben ID. Contexto censal y conectividad pendientes.
82,Santa Fe,82119,San Lorenzo,True,True,True,False,False,True,Ausencia preservada. Dos variantes 2022 tienen puente oficial confirmado; seis siguen pendientes y no reciben ID. Contexto censal y conectividad pendientes.
82,Santa Fe,82126,San Martín,True,True,True,False,False,True,Ausencia preservada. Dos variantes 2022 tienen puente oficial confirmado; seis siguen pendientes y no reciben ID. Contexto censal y conectividad pendientes.
82,Santa Fe,82133,Vera,True,True,True,False,False,True,Ausencia preservada. Dos variantes 2022 tienen puente oficial confirmado; seis siguen pendientes y no reciben ID. Contexto censal y conectividad pendientes.
86,Santiago del Estero,86007,Aguirre,True,True,True,False,False,True,Ausencia preservada. Dos variantes 2022 tienen puente oficial confirmado; seis siguen pendientes y no reciben ID. Contexto censal y conectividad pendientes.
86,Santiago del Estero,86014,Alberdi,True,True,True,False,False,True,Ausencia preservada. Dos variantes 2022 tienen puente oficial confirmado; seis siguen pendientes y no reciben ID. Contexto censal y conectividad pendientes.
86,Santiago del Estero,86021,Atamisqui,True,True,True,False,False,True,Ausencia preservada. Dos variantes 2022 tienen puente oficial confirmado; seis siguen pendientes y no reciben ID. Contexto censal y conectividad pendientes.
86,Santiago del Estero,86028,Avellaneda,True,True,True,False,False,True,Ausencia preservada. Dos variantes 2022 tienen puente oficial confirmado; seis siguen pendientes y no reciben ID. Contexto censal y conectividad pendientes.
86,Santiago del Estero,86035,Banda,True,True,True,False,False,True,Ausencia preservada. Dos variantes 2022 tienen puente oficial confirmado; seis siguen pendientes y no reciben ID. Contexto censal y conectividad pendientes.
86,Santiago del Estero,86042,Belgrano,True,True,True,False,False,True,Ausencia preservada. Dos variantes 2022 tienen puente oficial confirmado; seis siguen pendientes y no reciben ID. Contexto censal y conectividad pendientes.
86,Santiago del Estero,86049,Capital,True,True,True,False,False,True,Ausencia preservada. Dos variantes 2022 tienen puente oficial confirmado; seis siguen pendientes y no reciben ID. Contexto censal y conectividad pendientes.
86,Santiago del Estero,86056,Copo,True,True,True,False,False,True,Ausencia preservada. Dos variantes 2022 tienen puente oficial confirmado; seis siguen pendientes y no reciben ID. Contexto censal y conectividad pendientes.
86,Santiago del Estero,86063,Choya,True,True,True,False,False,True,Ausencia preservada. Dos variantes 2022 tienen puente oficial confirmado; seis siguen pendientes y no reciben ID. Contexto censal y conectividad pendientes.
86,Santiago del Estero,86070,Figueroa,True,True,True,False,False,True,Ausencia preservada. Dos variantes 2022 tienen puente oficial confirmado; seis siguen pendientes y no reciben ID. Contexto censal y conectividad pendientes.
86,Santiago del Estero,86077,General Taboada,True,True,True,False,False,True,Ausencia preservada. Dos variantes 2022 tienen puente oficial confirmado; seis siguen pendientes y no reciben ID. Contexto censal y conectividad pendientes.
86,Santiago del Estero,86084,Guasayán,True,True,True,False,False,True,Ausencia preservada. Dos variantes 2022 tienen puente oficial confirmado; seis siguen pendientes y no reciben ID. Contexto censal y conectividad pendientes.
86,Santiago del Estero,86091,Jiménez,True,True,True,False,False,True,Ausencia preservada. Dos variantes 2022 tienen puente oficial confirmado; seis siguen pendientes y no reciben ID. Contexto censal y conectividad pendientes.
86,Santiago del Estero,86098,Juan Felipe Ibarra,True,True,False,False,False,False,Ausencia preservada. Dos variantes 2022 tienen puente oficial confirmado; seis siguen pendientes y no reciben ID. Contexto censal y conectividad pendientes.
86,Santiago del Estero,86105,Loreto,True,True,True,False,False,True,Ausencia preservada. Dos variantes 2022 tienen puente oficial confirmado; seis siguen pendientes y no reciben ID. Contexto censal y conectividad pendientes.
86,Santiago del Estero,86112,Mitre,True,True,True,False,False,True,Ausencia preservada. Dos variantes 2022 tienen puente oficial confirmado; seis siguen pendientes y no reciben ID. Contexto censal y conectividad pendientes.
86,Santiago del Estero,86119,Moreno,True,True,True,False,False,True,Ausencia preservada. Dos variantes 2022 tienen puente oficial confirmado; seis siguen pendientes y no reciben ID. Contexto censal y conectividad pendientes.
86,Santiago del Estero,86126,Ojo de Agua,True,True,True,False,False,True,Ausencia preservada. Dos variantes 2022 tienen puente oficial confirmado; seis siguen pendientes y no reciben ID. Contexto censal y conectividad pendientes.
86,Santiago del Estero,86133,Pellegrini,True,True,True,False,False,True,Ausencia preservada. Dos variantes 2022 tienen puente oficial confirmado; seis siguen pendientes y no reciben ID. Contexto censal y conectividad pendientes.
86,Santiago del Estero,86140,Quebrachos,True,True,True,False,False,True,Ausencia preservada. Dos variantes 2022 tienen puente oficial confirmado; seis siguen pendientes y no reciben ID. Contexto censal y conectividad pendientes.
86,Santiago del Estero,86147,Río Hondo,True,True,True,False,False,True,Ausencia preservada. Dos variantes 2022 tienen puente oficial confirmado; seis siguen pendientes y no reciben ID. Contexto censal y conectividad pendientes.
86,Santiago del Estero,86154,Rivadavia,True,True,True,False,False,True,Ausencia preservada. Dos variantes 2022 tienen puente oficial confirmado; seis siguen pendientes y no reciben ID. Contexto censal y conectividad pendientes.
86,Santiago del Estero,86161,Robles,True,True,True,False,False,True,Ausencia preservada. Dos variantes 2022 tienen puente oficial confirmado; seis siguen pendientes y no reciben ID. Contexto censal y conectividad pendientes.
86,Santiago del Estero,86168,Salavina,True,True,True,False,False,True,Ausencia preservada. Dos variantes 2022 tienen puente oficial confirmado; seis siguen pendientes y no reciben ID. Contexto censal y conectividad pendientes.
86,Santiago del Estero,86175,San Martín,True,True,True,False,False,True,Ausencia preservada. Dos variantes 2022 tienen puente oficial confirmado; seis siguen pendientes y no reciben ID. Contexto censal y conectividad pendientes.
86,Santiago del Estero,86182,Sarmiento,True,True,True,False,False,True,Ausencia preservada. Dos variantes 2022 tienen puente oficial confirmado; seis siguen pendientes y no reciben ID. Contexto censal y conectividad pendientes.
86,Santiago del Estero,86189,Silípica,True,True,True,False,False,True,Ausencia preservada. Dos variantes 2022 tienen puente oficial confirmado; seis siguen pendientes y no reciben ID. Contexto censal y conectividad pendientes.
90,Tucumán,90007,Burruyacú,True,True,True,False,False,True,Ausencia preservada. Dos variantes 2022 tienen puente oficial confirmado; seis siguen pendientes y no reciben ID. Contexto censal y conectividad pendientes.
90,Tucumán,90014,Cruz Alta,True,True,True,False,False,True,Ausencia preservada. Dos variantes 2022 tienen puente oficial confirmado; seis siguen pendientes y no reciben ID. Contexto censal y conectividad pendientes.
90,Tucumán,90021,Chicligasta,True,True,True,False,False,True,Ausencia preservada. Dos variantes 2022 tienen puente oficial confirmado; seis siguen pendientes y no reciben ID. Contexto censal y conectividad pendientes.
90,Tucumán,90028,Famaillá,True,True,True,False,False,True,Ausencia preservada. Dos variantes 2022 tienen puente oficial confirmado; seis siguen pendientes y no reciben ID. Contexto censal y conectividad pendientes.
90,Tucumán,90035,Graneros,True,True,True,False,False,True,Ausencia preservada. Dos variantes 2022 tienen puente oficial confirmado; seis siguen pendientes y no reciben ID. Contexto censal y conectividad pendientes.
90,Tucumán,90042,Juan Bautista Alberdi,True,True,False,False,False,False,Ausencia preservada. Dos variantes 2022 tienen puente oficial confirmado; seis siguen pendientes y no reciben ID. Contexto censal y conectividad pendientes.
90,Tucumán,90049,La Cocha,True,True,True,False,False,True,Ausencia preservada. Dos variantes 2022 tienen puente oficial confirmado; seis siguen pendientes y no reciben ID. Contexto censal y conectividad pendientes.
90,Tucumán,90056,Leales,True,True,True,False,False,True,Ausencia preservada. Dos variantes 2022 tienen puente oficial confirmado; seis siguen pendientes y no reciben ID. Contexto censal y conectividad pendientes.
90,Tucumán,90063,Lules,True,True,True,False,False,True,Ausencia preservada. Dos variantes 2022 tienen puente oficial confirmado; seis siguen pendientes y no reciben ID. Contexto censal y conectividad pendientes.
90,Tucumán,90070,Monteros,True,True,True,False,False,True,Ausencia preservada. Dos variantes 2022 tienen puente oficial confirmado; seis siguen pendientes y no reciben ID. Contexto censal y conectividad pendientes.
90,Tucumán,90077,Río Chico,True,True,True,False,False,True,Ausencia preservada. Dos variantes 2022 tienen puente oficial confirmado; seis siguen pendientes y no reciben ID. Contexto censal y conectividad pendientes.
90,Tucumán,90084,Capital,True,True,True,False,False,True,Ausencia preservada. Dos variantes 2022 tienen puente oficial confirmado; seis siguen pendientes y no reciben ID. Contexto censal y conectividad pendientes.
90,Tucumán,90091,Simoca,True,True,True,False,False,True,Ausencia preservada. Dos variantes 2022 tienen puente oficial confirmado; seis siguen pendientes y no reciben ID. Contexto censal y conectividad pendientes.
90,Tucumán,90098,Tafí del Valle,True,True,True,False,False,True,Ausencia preservada. Dos variantes 2022 tienen puente oficial confirmado; seis siguen pendientes y no reciben ID. Contexto censal y conectividad pendientes.
90,Tucumán,90105,Tafí Viejo,True,True,True,False,False,True,Ausencia preservada. Dos variantes 2022 tienen puente oficial confirmado; seis siguen pendientes y no reciben ID. Contexto censal y conectividad pendientes.
90,Tucumán,90112,Trancas,True,True,True,False,False,True,Ausencia preservada. Dos variantes 2022 tienen puente oficial confirmado; seis siguen pendientes y no reciben ID. Contexto censal y conectividad pendientes.
90,Tucumán,90119,Yerba Buena,True,True,True,False,False,True,Ausencia preservada. Dos variantes 2022 tienen puente oficial confirmado; seis siguen pendientes y no reciben ID. Contexto censal y conectividad pendientes.
94,"Tierra del Fuego, Antártida e Islas del Atlántico Sur",94008,Río Grande,True,True,True,False,False,True,Ausencia preservada. Dos variantes 2022 tienen puente oficial confirmado; seis siguen pendientes y no reciben ID. Contexto censal y conectividad pendientes.
94,"Tierra del Fuego, Antártida e Islas del Atlántico Sur",94011,Tolhuin,True,True,True,False,False,True,Ausencia preservada. Dos variantes 2022 tienen puente oficial confirmado; seis siguen pendientes y no reciben ID. Contexto censal y conectividad pendientes.
94,"Tierra del Fuego, Antártida e Islas del Atlántico Sur",94015,Ushuaia,True,True,True,False,False,True,Ausencia preservada. Dos variantes 2022 tienen puente oficial confirmado; seis siguen pendientes y no reciben ID. Contexto censal y conectividad pendientes.
94,"Tierra del Fuego, Antártida e Islas del Atlántico Sur",94021,Islas del Atlántico Sur,False,True,False,False,False,False,Ausencia preservada. Dos variantes 2022 tienen puente oficial confirmado; seis siguen pendientes y no reciben ID. Contexto censal y conectividad pendientes.
94,"Tierra del Fuego, Antártida e Islas del Atlántico Sur",94028,Antártida Argentina,False,True,True,False,False,True,Ausencia preservada. Dos variantes 2022 tienen puente oficial confirmado; seis siguen pendientes y no reciben ID. Contexto censal y conectividad pendientes.
