anio,dataset,variable_origen,variable_estandar,descripcion,unidad,comparable,nivel_comparabilidad,motivo,observaciones
2011,caracteristicas,localizacion,localizaciones,Cantidad de localizaciones educativas,conteo,sí,Alta,Mismas columnas componentes y mismo grano en los 15 archivos; definición común en el diccionario oficial.,No incorporar la categoría _20 añadida desde 2023; conservar sector y ámbito.
2011,caracteristicas,bibliotecadisponedealmenosunasi,,Característica de localización,por verificar,no,No comparable,Unidad agregada ambigua y cambios de esquema/nombre.,Excluida hasta contar con definición anual inequívoca.
2011,caracteristicas,bibliotecafuncionaesespacioexclusivosi,,Característica de localización,por verificar,no,No comparable,Unidad agregada ambigua y cambios de esquema/nombre.,Excluida hasta contar con definición anual inequívoca.
2011,caracteristicas,cooperadoraconpersoneriajuridica,,Característica de localización,por verificar,no,No comparable,Unidad agregada ambigua y cambios de esquema/nombre.,Excluida hasta contar con definición anual inequívoca.
2011,caracteristicas,cooperadorano,,Característica de localización,por verificar,no,No comparable,Unidad agregada ambigua y cambios de esquema/nombre.,Excluida hasta contar con definición anual inequívoca.
2011,caracteristicas,cooperadorasinpersoneriajuridica,,Característica de localización,por verificar,no,No comparable,Unidad agregada ambigua y cambios de esquema/nombre.,Excluida hasta contar con definición anual inequívoca.
2011,caracteristicas,disponedesalaolaboratoriodeinformaticasi,,Característica de localización,por verificar,no,No comparable,Unidad agregada ambigua y cambios de esquema/nombre.,Excluida hasta contar con definición anual inequívoca.
2011,caracteristicas,electricidadgeneradoreolico,,Característica de localización,por verificar,no,No comparable,Unidad agregada ambigua y cambios de esquema/nombre.,Excluida hasta contar con definición anual inequívoca.
2011,caracteristicas,electricidadgeneradorhidraulico,,Característica de localización,por verificar,no,No comparable,Unidad agregada ambigua y cambios de esquema/nombre.,Excluida hasta contar con definición anual inequívoca.
2011,caracteristicas,electricidadgrupoelectrogeno,,Característica de localización,por verificar,no,No comparable,Unidad agregada ambigua y cambios de esquema/nombre.,Excluida hasta contar con definición anual inequívoca.
2011,caracteristicas,electricidadotro,,Característica de localización,por verificar,no,No comparable,Unidad agregada ambigua y cambios de esquema/nombre.,Excluida hasta contar con definición anual inequívoca.
2011,caracteristicas,electricidadpanelfotovoltaicosolar,,Característica de localización,por verificar,no,No comparable,Unidad agregada ambigua y cambios de esquema/nombre.,Excluida hasta contar con definición anual inequívoca.
2011,caracteristicas,electricidadredpublica,,Característica de localización,por verificar,no,No comparable,Unidad agregada ambigua y cambios de esquema/nombre.,Excluida hasta contar con definición anual inequívoca.
2011,caracteristicas,electricidadsi,,Característica de localización,por verificar,no,No comparable,Unidad agregada ambigua y cambios de esquema/nombre.,Excluida hasta contar con definición anual inequívoca.
2011,caracteristicas,equipamientobibliotecaequipamientobibliotecawebcam,,Característica de localización,por verificar,no,No comparable,Unidad agregada ambigua y cambios de esquema/nombre.,Excluida hasta contar con definición anual inequívoca.
2011,caracteristicas,equipamientobibliotecaequipoemisorderadioamfm,,Característica de localización,por verificar,no,No comparable,Unidad agregada ambigua y cambios de esquema/nombre.,Excluida hasta contar con definición anual inequívoca.
2011,caracteristicas,equipamientobibliotecaequiporeceptorderadioamfm,,Característica de localización,por verificar,no,No comparable,Unidad agregada ambigua y cambios de esquema/nombre.,Excluida hasta contar con definición anual inequívoca.
2011,caracteristicas,equipamientobibliotecaimpresora,,Característica de localización,por verificar,no,No comparable,Unidad agregada ambigua y cambios de esquema/nombre.,Excluida hasta contar con definición anual inequívoca.
2011,caracteristicas,equipamientobibliotecareproductordecd,,Característica de localización,por verificar,no,No comparable,Unidad agregada ambigua y cambios de esquema/nombre.,Excluida hasta contar con definición anual inequívoca.
2011,caracteristicas,equipamientobibliotecareproductordedvd,,Característica de localización,por verificar,no,No comparable,Unidad agregada ambigua y cambios de esquema/nombre.,Excluida hasta contar con definición anual inequívoca.
2011,caracteristicas,equipamientobibliotecascanner,,Característica de localización,por verificar,no,No comparable,Unidad agregada ambigua y cambios de esquema/nombre.,Excluida hasta contar con definición anual inequívoca.
2011,caracteristicas,equipamientobibliotecaservidorparausoescolar,,Característica de localización,por verificar,no,No comparable,Unidad agregada ambigua y cambios de esquema/nombre.,Excluida hasta contar con definición anual inequívoca.
2011,caracteristicas,equipamientobibliotecasistemamultimediaocanon,,Característica de localización,por verificar,no,No comparable,Unidad agregada ambigua y cambios de esquema/nombre.,Excluida hasta contar con definición anual inequívoca.
2011,caracteristicas,equipamientobibliotecatelevisor,,Característica de localización,por verificar,no,No comparable,Unidad agregada ambigua y cambios de esquema/nombre.,Excluida hasta contar con definición anual inequívoca.
2011,caracteristicas,equipamientoestablecimientoequipodesonido,,Característica de localización,por verificar,no,No comparable,Unidad agregada ambigua y cambios de esquema/nombre.,Excluida hasta contar con definición anual inequívoca.
2011,caracteristicas,equipamientoestablecimientoequipoemisorderadioamfm,,Característica de localización,por verificar,no,No comparable,Unidad agregada ambigua y cambios de esquema/nombre.,Excluida hasta contar con definición anual inequívoca.
2011,caracteristicas,equipamientoestablecimientoequiporeceptorderadioamfm,,Característica de localización,por verificar,no,No comparable,Unidad agregada ambigua y cambios de esquema/nombre.,Excluida hasta contar con definición anual inequívoca.
2011,caracteristicas,equipamientoestablecimientoimpresora,,Característica de localización,por verificar,no,No comparable,Unidad agregada ambigua y cambios de esquema/nombre.,Excluida hasta contar con definición anual inequívoca.
2011,caracteristicas,equipamientoestablecimientoimpresora3d,,Característica de localización,por verificar,no,No comparable,Unidad agregada ambigua y cambios de esquema/nombre.,Excluida hasta contar con definición anual inequívoca.
2011,caracteristicas,equipamientoestablecimientopizarrasdigitales,,Característica de localización,por verificar,no,No comparable,Unidad agregada ambigua y cambios de esquema/nombre.,Excluida hasta contar con definición anual inequívoca.
2011,caracteristicas,equipamientoestablecimientoreproductordecd,,Característica de localización,por verificar,no,No comparable,Unidad agregada ambigua y cambios de esquema/nombre.,Excluida hasta contar con definición anual inequívoca.
2011,caracteristicas,equipamientoestablecimientoreproductordedvd,,Característica de localización,por verificar,no,No comparable,Unidad agregada ambigua y cambios de esquema/nombre.,Excluida hasta contar con definición anual inequívoca.
2011,caracteristicas,equipamientoestablecimientoscanner,,Característica de localización,por verificar,no,No comparable,Unidad agregada ambigua y cambios de esquema/nombre.,Excluida hasta contar con definición anual inequívoca.
2011,caracteristicas,equipamientoestablecimientoservidorparausoescolar,,Característica de localización,por verificar,no,No comparable,Unidad agregada ambigua y cambios de esquema/nombre.,Excluida hasta contar con definición anual inequívoca.
2011,caracteristicas,equipamientoestablecimientosistemamultimediaocanon,,Característica de localización,por verificar,no,No comparable,Unidad agregada ambigua y cambios de esquema/nombre.,Excluida hasta contar con definición anual inequívoca.
2011,caracteristicas,equipamientoestablecimientotelevisor,,Característica de localización,por verificar,no,No comparable,Unidad agregada ambigua y cambios de esquema/nombre.,Excluida hasta contar con definición anual inequívoca.
2011,caracteristicas,equipamientoestablecimientowebcam,,Característica de localización,por verificar,no,No comparable,Unidad agregada ambigua y cambios de esquema/nombre.,Excluida hasta contar con definición anual inequívoca.
2011,caracteristicas,espaciosconconexionenelareadeadministracion,,Característica de localización,por verificar,no,No comparable,Unidad agregada ambigua y cambios de esquema/nombre.,Excluida hasta contar con definición anual inequívoca.
2011,caracteristicas,espaciosconconexionenellaboratorio,,Característica de localización,por verificar,no,No comparable,Unidad agregada ambigua y cambios de esquema/nombre.,Excluida hasta contar con definición anual inequívoca.
2011,caracteristicas,espaciosconconexionenlabibliotecas,,Característica de localización,por verificar,no,No comparable,Unidad agregada ambigua y cambios de esquema/nombre.,Excluida hasta contar con definición anual inequívoca.
2011,caracteristicas,espaciosconconexionenlasaulas,,Característica de localización,por verificar,no,No comparable,Unidad agregada ambigua y cambios de esquema/nombre.,Excluida hasta contar con definición anual inequívoca.
2011,caracteristicas,espaciosconconexionenotroespaciodelestablecimiento,,Característica de localización,por verificar,no,No comparable,Unidad agregada ambigua y cambios de esquema/nombre.,Excluida hasta contar con definición anual inequívoca.
2011,caracteristicas,internettipodeconexionadsl,,Característica de localización,por verificar,no,No comparable,Unidad agregada ambigua y cambios de esquema/nombre.,Excluida hasta contar con definición anual inequívoca.
2011,caracteristicas,internettipodeconexioncablemodem,,Característica de localización,por verificar,no,No comparable,Unidad agregada ambigua y cambios de esquema/nombre.,Excluida hasta contar con definición anual inequívoca.
2011,caracteristicas,internettipodeconexionmovil,,Característica de localización,por verificar,no,No comparable,Unidad agregada ambigua y cambios de esquema/nombre.,Excluida hasta contar con definición anual inequívoca.
2011,caracteristicas,internettipodeconexionotrotipo,,Característica de localización,por verificar,no,No comparable,Unidad agregada ambigua y cambios de esquema/nombre.,Excluida hasta contar con definición anual inequívoca.
2011,caracteristicas,internettipodeconexionsatelital,,Característica de localización,por verificar,no,No comparable,Unidad agregada ambigua y cambios de esquema/nombre.,Excluida hasta contar con definición anual inequívoca.
2011,caracteristicas,internettipodeconexiontelefonica,,Característica de localización,por verificar,no,No comparable,Unidad agregada ambigua y cambios de esquema/nombre.,Excluida hasta contar con definición anual inequívoca.
2011,caracteristicas,internettipodeserviciogratuito,,Característica de localización,por verificar,no,No comparable,Unidad agregada ambigua y cambios de esquema/nombre.,Excluida hasta contar con definición anual inequívoca.
2011,caracteristicas,internettipodeserviciopago,,Característica de localización,por verificar,no,No comparable,Unidad agregada ambigua y cambios de esquema/nombre.,Excluida hasta contar con definición anual inequívoca.
2011,caracteristicas,laboratoriofuncionaesespacioexclusivosi,,Característica de localización,por verificar,no,No comparable,Unidad agregada ambigua y cambios de esquema/nombre.,Excluida hasta contar con definición anual inequívoca.
2011,caracteristicas,sistemadegestionescolardesarrolladoporterceros,,Característica de localización,por verificar,no,No comparable,Unidad agregada ambigua y cambios de esquema/nombre.,Excluida hasta contar con definición anual inequívoca.
2011,caracteristicas,sistemadegestionescolarencargadoporelestablecimiento,,Característica de localización,por verificar,no,No comparable,Unidad agregada ambigua y cambios de esquema/nombre.,Excluida hasta contar con definición anual inequívoca.
2011,caracteristicas,sistemadegestionescolarplanilladecalculo,,Característica de localización,por verificar,no,No comparable,Unidad agregada ambigua y cambios de esquema/nombre.,Excluida hasta contar con definición anual inequívoca.
2011,caracteristicas,sistemadegestionescolarprovistoporelministerio,,Característica de localización,por verificar,no,No comparable,Unidad agregada ambigua y cambios de esquema/nombre.,Excluida hasta contar con definición anual inequívoca.
2011,caracteristicas,sistemadegestionescolarsi,,Característica de localización,por verificar,no,No comparable,Unidad agregada ambigua y cambios de esquema/nombre.,Excluida hasta contar con definición anual inequívoca.
2011,caracteristicas,subvencionestataljardindeinfantessi,,Característica de localización,por verificar,no,No comparable,Unidad agregada ambigua y cambios de esquema/nombre.,Excluida hasta contar con definición anual inequívoca.
2011,caracteristicas,subvencionestataljardinmaternalsi,,Característica de localización,por verificar,no,No comparable,Unidad agregada ambigua y cambios de esquema/nombre.,Excluida hasta contar con definición anual inequívoca.
2011,caracteristicas,subvencionestatalprimariasi,,Característica de localización,por verificar,no,No comparable,Unidad agregada ambigua y cambios de esquema/nombre.,Excluida hasta contar con definición anual inequívoca.
2011,caracteristicas,subvencionestatalsecundariasi,,Característica de localización,por verificar,no,No comparable,Unidad agregada ambigua y cambios de esquema/nombre.,Excluida hasta contar con definición anual inequívoca.
2011,caracteristicas,subvencionestatalsnusi,,Característica de localización,por verificar,no,No comparable,Unidad agregada ambigua y cambios de esquema/nombre.,Excluida hasta contar con definición anual inequívoca.
2011,derivada,repitentes/matricula_grados_comparables,proporcion_repitentes,Cociente exploratorio recalculado desde conteos comparables,proporción,sí con advertencia,Media,"Fórmula estable, pero no es tasa oficial y su interpretación atraviesa discontinuidades administrativas potenciales.",No se almacena en el parquet largo; se recalcula. Cautela especial en 2020–2022.
2011,derivada,salidos_sin_pase/matricula_inicial,proporcion_salidos_sin_pase,Cociente exploratorio recalculado desde conteos comparables,proporción,sí con advertencia,Media,"Fórmula estable, pero no es tasa oficial y su interpretación atraviesa discontinuidades administrativas potenciales.",No se almacena en el parquet largo; se recalcula. Cautela especial en 2020–2022.
2011,derivada,sobreedad/matricula_grados_comparables,proporcion_sobreedad,Cociente exploratorio recalculado desde conteos comparables,proporción,sí con advertencia,Media,"Fórmula estable, pero no es tasa oficial y su interpretación atraviesa discontinuidades administrativas potenciales.",No se almacena en el parquet largo; se recalcula. Cautela especial en 2020–2022.
2011,matricula,campo_1+campo_2+campo_3+campo_4+campo_5+campo_6+campo_7+campo_8+campo_9+campo_10+campo_11+campo_12+campo_1314,matricula_grados_comparables,Matrícula en años de estudio con repitencia y sobreedad comparables,conteo,sí,Alta,Mismas columnas componentes y mismo grano en los 15 archivos; definición común en el diccionario oficial.,No incorporar la categoría _20 añadida desde 2023; conservar sector y ámbito.
2011,matricula,lactantes+deambulantes+s2+s3+s4+s5+campo_1+campo_2+campo_3+campo_4+campo_5+campo_6+campo_7+campo_8+campo_9+campo_10+campo_11+campo_12+campo_1314+snu,matricula_total,Matrícula en categorías comunes a todos los años,conteo,sí,Alta,Mismas columnas componentes y mismo grano en los 15 archivos; definición común en el diccionario oficial.,No incorporar la categoría _20 añadida desde 2023; conservar sector y ámbito.
2011,matricula,r_1+r_2+r_3+r_4+r_5+r_6+r_7+r_8+r_9+r_10+r_11+r_12+r_1314,repitentes,Estudiantes repitentes en categorías comunes,conteo,sí,Alta,Mismas columnas componentes y mismo grano en los 15 archivos; definición común en el diccionario oficial.,No incorporar la categoría _20 añadida desde 2023; conservar sector y ámbito.
2011,matricula,s_1+s_2+s_3+s_4+s_5+s_6+s_7+s_8+s_9+s_10+s_11+s_12+s_1314,sobreedad,Estudiantes con sobreedad en categorías comunes,conteo,sí,Alta,Mismas columnas componentes y mismo grano en los 15 archivos; definición común en el diccionario oficial.,No incorporar la categoría _20 añadida desde 2023; conservar sector y ámbito.
2011,matricula,s_deambulantes,,Sobreedad en categorías de inicial,conteo,no,No comparable,Definición ambigua/inconsistente en el diccionario disponible.,No se usa sustantivamente.
2011,matricula,s_lactantes,,Sobreedad en categorías de inicial,conteo,no,No comparable,Definición ambigua/inconsistente en el diccionario disponible.,No se usa sustantivamente.
2011,matricula,s_s2,,Sobreedad en categorías de inicial,conteo,no,No comparable,Definición ambigua/inconsistente en el diccionario disponible.,No se usa sustantivamente.
2011,matricula,s_s3,,Sobreedad en categorías de inicial,conteo,no,No comparable,Definición ambigua/inconsistente en el diccionario disponible.,No se usa sustantivamente.
2011,matricula,s_s4,,Sobreedad en categorías de inicial,conteo,no,No comparable,Definición ambigua/inconsistente en el diccionario disponible.,No se usa sustantivamente.
2011,matricula,s_s5,,Sobreedad en categorías de inicial,conteo,no,No comparable,Definición ambigua/inconsistente en el diccionario disponible.,No se usa sustantivamente.
2011,trayectoria,inicial_1+inicial_2+inicial_3+inicial_4+inicial_5+inicial_6+inicial_7+inicial_8+inicial_9+inicial_10+inicial_11+inicial_12+inicial_1314,matricula_inicial,Matrícula inicial en categorías comunes,conteo,sí,Alta,Mismas columnas componentes y mismo grano en los 15 archivos; definición común en el diccionario oficial.,No incorporar la categoría _20 añadida desde 2023; conservar sector y ámbito.
2011,trayectoria,nopromo_1+nopromo_2+nopromo_3+nopromo_4+nopromo_5+nopromo_6+nopromo_7+nopromo_8+nopromo_9+nopromo_10+nopromo_11+nopromo_12+nopromo_1314,no_promovidos,No promovidos en categorías comunes,conteo,sí,Alta,Mismas columnas componentes y mismo grano en los 15 archivos; definición común en el diccionario oficial.,No incorporar la categoría _20 añadida desde 2023; conservar sector y ámbito.
2011,trayectoria,primaria_egresados,egresados_primaria,Egresados de primaria,conteo,sí,Alta,Mismas columnas componentes y mismo grano en los 15 archivos; definición común en el diccionario oficial.,No incorporar la categoría _20 añadida desde 2023; conservar sector y ámbito.
2011,trayectoria,promovidos_1+promovidos_2+promovidos_3+promovidos_4+promovidos_5+promovidos_6+promovidos_7+promovidos_8+promovidos_9+promovidos_10+promovidos_11+promovidos_12+promovidos_1314,promovidos,Promovidos en categorías comunes,conteo,sí,Alta,Mismas columnas componentes y mismo grano en los 15 archivos; definición común en el diccionario oficial.,No incorporar la categoría _20 añadida desde 2023; conservar sector y ámbito.
2011,trayectoria,scp_1+scp_2+scp_3+scp_4+scp_5+scp_6+scp_7+scp_8+scp_9+scp_10+scp_11+scp_12+scp_1314,salidos_con_pase,Salidos con pase en categorías comunes,conteo,sí,Alta,Mismas columnas componentes y mismo grano en los 15 archivos; definición común en el diccionario oficial.,No incorporar la categoría _20 añadida desde 2023; conservar sector y ámbito.
2011,trayectoria,secundaria_egresados,egresados_secundaria,Egresados de secundaria,conteo,sí,Alta,Mismas columnas componentes y mismo grano en los 15 archivos; definición común en el diccionario oficial.,No incorporar la categoría _20 añadida desde 2023; conservar sector y ámbito.
2011,trayectoria,ssp_1+ssp_2+ssp_3+ssp_4+ssp_5+ssp_6+ssp_7+ssp_8+ssp_9+ssp_10+ssp_11+ssp_12+ssp_1314,salidos_sin_pase,Salidos sin pase en categorías comunes,conteo,sí,Alta,Mismas columnas componentes y mismo grano en los 15 archivos; definición común en el diccionario oficial.,No incorporar la categoría _20 añadida desde 2023; conservar sector y ámbito.
2011,trayectoria,ultimo_1+ultimo_2+ultimo_3+ultimo_4+ultimo_5+ultimo_6+ultimo_7+ultimo_8+ultimo_9+ultimo_10+ultimo_11+ultimo_12+ultimo_1314,matricula_ultimo_dia,Matrícula al último día de clase en categorías comunes,conteo,sí,Alta,Mismas columnas componentes y mismo grano en los 15 archivos; definición común en el diccionario oficial.,No incorporar la categoría _20 añadida desde 2023; conservar sector y ámbito.
2012,caracteristicas,localizacion,localizaciones,Cantidad de localizaciones educativas,conteo,sí,Alta,Mismas columnas componentes y mismo grano en los 15 archivos; definición común en el diccionario oficial.,No incorporar la categoría _20 añadida desde 2023; conservar sector y ámbito.
2012,caracteristicas,bibliotecadisponedealmenosunasi,,Característica de localización,por verificar,no,No comparable,Unidad agregada ambigua y cambios de esquema/nombre.,Excluida hasta contar con definición anual inequívoca.
2012,caracteristicas,bibliotecafuncionaesespacioexclusivosi,,Característica de localización,por verificar,no,No comparable,Unidad agregada ambigua y cambios de esquema/nombre.,Excluida hasta contar con definición anual inequívoca.
2012,caracteristicas,cooperadoraconpersoneriajuridica,,Característica de localización,por verificar,no,No comparable,Unidad agregada ambigua y cambios de esquema/nombre.,Excluida hasta contar con definición anual inequívoca.
2012,caracteristicas,cooperadorano,,Característica de localización,por verificar,no,No comparable,Unidad agregada ambigua y cambios de esquema/nombre.,Excluida hasta contar con definición anual inequívoca.
2012,caracteristicas,cooperadorasinpersoneriajuridica,,Característica de localización,por verificar,no,No comparable,Unidad agregada ambigua y cambios de esquema/nombre.,Excluida hasta contar con definición anual inequívoca.
2012,caracteristicas,disponedesalaolaboratoriodeinformaticasi,,Característica de localización,por verificar,no,No comparable,Unidad agregada ambigua y cambios de esquema/nombre.,Excluida hasta contar con definición anual inequívoca.
2012,caracteristicas,electricidadgeneradoreolico,,Característica de localización,por verificar,no,No comparable,Unidad agregada ambigua y cambios de esquema/nombre.,Excluida hasta contar con definición anual inequívoca.
2012,caracteristicas,electricidadgeneradorhidraulico,,Característica de localización,por verificar,no,No comparable,Unidad agregada ambigua y cambios de esquema/nombre.,Excluida hasta contar con definición anual inequívoca.
2012,caracteristicas,electricidadgrupoelectrogeno,,Característica de localización,por verificar,no,No comparable,Unidad agregada ambigua y cambios de esquema/nombre.,Excluida hasta contar con definición anual inequívoca.
2012,caracteristicas,electricidadotro,,Característica de localización,por verificar,no,No comparable,Unidad agregada ambigua y cambios de esquema/nombre.,Excluida hasta contar con definición anual inequívoca.
2012,caracteristicas,electricidadpanelfotovoltaicosolar,,Característica de localización,por verificar,no,No comparable,Unidad agregada ambigua y cambios de esquema/nombre.,Excluida hasta contar con definición anual inequívoca.
2012,caracteristicas,electricidadredpublica,,Característica de localización,por verificar,no,No comparable,Unidad agregada ambigua y cambios de esquema/nombre.,Excluida hasta contar con definición anual inequívoca.
2012,caracteristicas,electricidadsi,,Característica de localización,por verificar,no,No comparable,Unidad agregada ambigua y cambios de esquema/nombre.,Excluida hasta contar con definición anual inequívoca.
2012,caracteristicas,equipamientobibliotecaequipamientobibliotecawebcam,,Característica de localización,por verificar,no,No comparable,Unidad agregada ambigua y cambios de esquema/nombre.,Excluida hasta contar con definición anual inequívoca.
2012,caracteristicas,equipamientobibliotecaequipoemisorderadioamfm,,Característica de localización,por verificar,no,No comparable,Unidad agregada ambigua y cambios de esquema/nombre.,Excluida hasta contar con definición anual inequívoca.
2012,caracteristicas,equipamientobibliotecaequiporeceptorderadioamfm,,Característica de localización,por verificar,no,No comparable,Unidad agregada ambigua y cambios de esquema/nombre.,Excluida hasta contar con definición anual inequívoca.
2012,caracteristicas,equipamientobibliotecaimpresora,,Característica de localización,por verificar,no,No comparable,Unidad agregada ambigua y cambios de esquema/nombre.,Excluida hasta contar con definición anual inequívoca.
2012,caracteristicas,equipamientobibliotecareproductordecd,,Característica de localización,por verificar,no,No comparable,Unidad agregada ambigua y cambios de esquema/nombre.,Excluida hasta contar con definición anual inequívoca.
2012,caracteristicas,equipamientobibliotecareproductordedvd,,Característica de localización,por verificar,no,No comparable,Unidad agregada ambigua y cambios de esquema/nombre.,Excluida hasta contar con definición anual inequívoca.
2012,caracteristicas,equipamientobibliotecascanner,,Característica de localización,por verificar,no,No comparable,Unidad agregada ambigua y cambios de esquema/nombre.,Excluida hasta contar con definición anual inequívoca.
2012,caracteristicas,equipamientobibliotecaservidorparausoescolar,,Característica de localización,por verificar,no,No comparable,Unidad agregada ambigua y cambios de esquema/nombre.,Excluida hasta contar con definición anual inequívoca.
2012,caracteristicas,equipamientobibliotecasistemamultimediaocanon,,Característica de localización,por verificar,no,No comparable,Unidad agregada ambigua y cambios de esquema/nombre.,Excluida hasta contar con definición anual inequívoca.
2012,caracteristicas,equipamientobibliotecatelevisor,,Característica de localización,por verificar,no,No comparable,Unidad agregada ambigua y cambios de esquema/nombre.,Excluida hasta contar con definición anual inequívoca.
2012,caracteristicas,equipamientoestablecimientoequipodesonido,,Característica de localización,por verificar,no,No comparable,Unidad agregada ambigua y cambios de esquema/nombre.,Excluida hasta contar con definición anual inequívoca.
2012,caracteristicas,equipamientoestablecimientoequipoemisorderadioamfm,,Característica de localización,por verificar,no,No comparable,Unidad agregada ambigua y cambios de esquema/nombre.,Excluida hasta contar con definición anual inequívoca.
2012,caracteristicas,equipamientoestablecimientoequiporeceptorderadioamfm,,Característica de localización,por verificar,no,No comparable,Unidad agregada ambigua y cambios de esquema/nombre.,Excluida hasta contar con definición anual inequívoca.
2012,caracteristicas,equipamientoestablecimientoimpresora,,Característica de localización,por verificar,no,No comparable,Unidad agregada ambigua y cambios de esquema/nombre.,Excluida hasta contar con definición anual inequívoca.
2012,caracteristicas,equipamientoestablecimientoimpresora3d,,Característica de localización,por verificar,no,No comparable,Unidad agregada ambigua y cambios de esquema/nombre.,Excluida hasta contar con definición anual inequívoca.
2012,caracteristicas,equipamientoestablecimientopizarrasdigitales,,Característica de localización,por verificar,no,No comparable,Unidad agregada ambigua y cambios de esquema/nombre.,Excluida hasta contar con definición anual inequívoca.
2012,caracteristicas,equipamientoestablecimientoreproductordecd,,Característica de localización,por verificar,no,No comparable,Unidad agregada ambigua y cambios de esquema/nombre.,Excluida hasta contar con definición anual inequívoca.
2012,caracteristicas,equipamientoestablecimientoreproductordedvd,,Característica de localización,por verificar,no,No comparable,Unidad agregada ambigua y cambios de esquema/nombre.,Excluida hasta contar con definición anual inequívoca.
2012,caracteristicas,equipamientoestablecimientoscanner,,Característica de localización,por verificar,no,No comparable,Unidad agregada ambigua y cambios de esquema/nombre.,Excluida hasta contar con definición anual inequívoca.
2012,caracteristicas,equipamientoestablecimientoservidorparausoescolar,,Característica de localización,por verificar,no,No comparable,Unidad agregada ambigua y cambios de esquema/nombre.,Excluida hasta contar con definición anual inequívoca.
2012,caracteristicas,equipamientoestablecimientosistemamultimediaocanon,,Característica de localización,por verificar,no,No comparable,Unidad agregada ambigua y cambios de esquema/nombre.,Excluida hasta contar con definición anual inequívoca.
2012,caracteristicas,equipamientoestablecimientotelevisor,,Característica de localización,por verificar,no,No comparable,Unidad agregada ambigua y cambios de esquema/nombre.,Excluida hasta contar con definición anual inequívoca.
2012,caracteristicas,equipamientoestablecimientowebcam,,Característica de localización,por verificar,no,No comparable,Unidad agregada ambigua y cambios de esquema/nombre.,Excluida hasta contar con definición anual inequívoca.
2012,caracteristicas,espaciosconconexionenelareadeadministracion,,Característica de localización,por verificar,no,No comparable,Unidad agregada ambigua y cambios de esquema/nombre.,Excluida hasta contar con definición anual inequívoca.
2012,caracteristicas,espaciosconconexionenellaboratorio,,Característica de localización,por verificar,no,No comparable,Unidad agregada ambigua y cambios de esquema/nombre.,Excluida hasta contar con definición anual inequívoca.
2012,caracteristicas,espaciosconconexionenlabibliotecas,,Característica de localización,por verificar,no,No comparable,Unidad agregada ambigua y cambios de esquema/nombre.,Excluida hasta contar con definición anual inequívoca.
2012,caracteristicas,espaciosconconexionenlasaulas,,Característica de localización,por verificar,no,No comparable,Unidad agregada ambigua y cambios de esquema/nombre.,Excluida hasta contar con definición anual inequívoca.
2012,caracteristicas,espaciosconconexionenotroespaciodelestablecimiento,,Característica de localización,por verificar,no,No comparable,Unidad agregada ambigua y cambios de esquema/nombre.,Excluida hasta contar con definición anual inequívoca.
2012,caracteristicas,internettipodeconexionadsl,,Característica de localización,por verificar,no,No comparable,Unidad agregada ambigua y cambios de esquema/nombre.,Excluida hasta contar con definición anual inequívoca.
2012,caracteristicas,internettipodeconexioncablemodem,,Característica de localización,por verificar,no,No comparable,Unidad agregada ambigua y cambios de esquema/nombre.,Excluida hasta contar con definición anual inequívoca.
2012,caracteristicas,internettipodeconexionmovil,,Característica de localización,por verificar,no,No comparable,Unidad agregada ambigua y cambios de esquema/nombre.,Excluida hasta contar con definición anual inequívoca.
2012,caracteristicas,internettipodeconexionotrotipo,,Característica de localización,por verificar,no,No comparable,Unidad agregada ambigua y cambios de esquema/nombre.,Excluida hasta contar con definición anual inequívoca.
2012,caracteristicas,internettipodeconexionsatelital,,Característica de localización,por verificar,no,No comparable,Unidad agregada ambigua y cambios de esquema/nombre.,Excluida hasta contar con definición anual inequívoca.
2012,caracteristicas,internettipodeconexiontelefonica,,Característica de localización,por verificar,no,No comparable,Unidad agregada ambigua y cambios de esquema/nombre.,Excluida hasta contar con definición anual inequívoca.
2012,caracteristicas,internettipodeserviciogratuito,,Característica de localización,por verificar,no,No comparable,Unidad agregada ambigua y cambios de esquema/nombre.,Excluida hasta contar con definición anual inequívoca.
2012,caracteristicas,internettipodeserviciopago,,Característica de localización,por verificar,no,No comparable,Unidad agregada ambigua y cambios de esquema/nombre.,Excluida hasta contar con definición anual inequívoca.
2012,caracteristicas,laboratoriofuncionaesespacioexclusivosi,,Característica de localización,por verificar,no,No comparable,Unidad agregada ambigua y cambios de esquema/nombre.,Excluida hasta contar con definición anual inequívoca.
2012,caracteristicas,sistemadegestionescolardesarrolladoporterceros,,Característica de localización,por verificar,no,No comparable,Unidad agregada ambigua y cambios de esquema/nombre.,Excluida hasta contar con definición anual inequívoca.
2012,caracteristicas,sistemadegestionescolarencargadoporelestablecimiento,,Característica de localización,por verificar,no,No comparable,Unidad agregada ambigua y cambios de esquema/nombre.,Excluida hasta contar con definición anual inequívoca.
2012,caracteristicas,sistemadegestionescolarplanilladecalculo,,Característica de localización,por verificar,no,No comparable,Unidad agregada ambigua y cambios de esquema/nombre.,Excluida hasta contar con definición anual inequívoca.
2012,caracteristicas,sistemadegestionescolarprovistoporelministerio,,Característica de localización,por verificar,no,No comparable,Unidad agregada ambigua y cambios de esquema/nombre.,Excluida hasta contar con definición anual inequívoca.
2012,caracteristicas,sistemadegestionescolarsi,,Característica de localización,por verificar,no,No comparable,Unidad agregada ambigua y cambios de esquema/nombre.,Excluida hasta contar con definición anual inequívoca.
2012,caracteristicas,subvencionestataljardindeinfantessi,,Característica de localización,por verificar,no,No comparable,Unidad agregada ambigua y cambios de esquema/nombre.,Excluida hasta contar con definición anual inequívoca.
2012,caracteristicas,subvencionestataljardinmaternalsi,,Característica de localización,por verificar,no,No comparable,Unidad agregada ambigua y cambios de esquema/nombre.,Excluida hasta contar con definición anual inequívoca.
2012,caracteristicas,subvencionestatalprimariasi,,Característica de localización,por verificar,no,No comparable,Unidad agregada ambigua y cambios de esquema/nombre.,Excluida hasta contar con definición anual inequívoca.
2012,caracteristicas,subvencionestatalsecundariasi,,Característica de localización,por verificar,no,No comparable,Unidad agregada ambigua y cambios de esquema/nombre.,Excluida hasta contar con definición anual inequívoca.
2012,caracteristicas,subvencionestatalsnusi,,Característica de localización,por verificar,no,No comparable,Unidad agregada ambigua y cambios de esquema/nombre.,Excluida hasta contar con definición anual inequívoca.
2012,derivada,repitentes/matricula_grados_comparables,proporcion_repitentes,Cociente exploratorio recalculado desde conteos comparables,proporción,sí con advertencia,Media,"Fórmula estable, pero no es tasa oficial y su interpretación atraviesa discontinuidades administrativas potenciales.",No se almacena en el parquet largo; se recalcula. Cautela especial en 2020–2022.
2012,derivada,salidos_sin_pase/matricula_inicial,proporcion_salidos_sin_pase,Cociente exploratorio recalculado desde conteos comparables,proporción,sí con advertencia,Media,"Fórmula estable, pero no es tasa oficial y su interpretación atraviesa discontinuidades administrativas potenciales.",No se almacena en el parquet largo; se recalcula. Cautela especial en 2020–2022.
2012,derivada,sobreedad/matricula_grados_comparables,proporcion_sobreedad,Cociente exploratorio recalculado desde conteos comparables,proporción,sí con advertencia,Media,"Fórmula estable, pero no es tasa oficial y su interpretación atraviesa discontinuidades administrativas potenciales.",No se almacena en el parquet largo; se recalcula. Cautela especial en 2020–2022.
2012,matricula,campo_1+campo_2+campo_3+campo_4+campo_5+campo_6+campo_7+campo_8+campo_9+campo_10+campo_11+campo_12+campo_1314,matricula_grados_comparables,Matrícula en años de estudio con repitencia y sobreedad comparables,conteo,sí,Alta,Mismas columnas componentes y mismo grano en los 15 archivos; definición común en el diccionario oficial.,No incorporar la categoría _20 añadida desde 2023; conservar sector y ámbito.
2012,matricula,lactantes+deambulantes+s2+s3+s4+s5+campo_1+campo_2+campo_3+campo_4+campo_5+campo_6+campo_7+campo_8+campo_9+campo_10+campo_11+campo_12+campo_1314+snu,matricula_total,Matrícula en categorías comunes a todos los años,conteo,sí,Alta,Mismas columnas componentes y mismo grano en los 15 archivos; definición común en el diccionario oficial.,No incorporar la categoría _20 añadida desde 2023; conservar sector y ámbito.
2012,matricula,r_1+r_2+r_3+r_4+r_5+r_6+r_7+r_8+r_9+r_10+r_11+r_12+r_1314,repitentes,Estudiantes repitentes en categorías comunes,conteo,sí,Alta,Mismas columnas componentes y mismo grano en los 15 archivos; definición común en el diccionario oficial.,No incorporar la categoría _20 añadida desde 2023; conservar sector y ámbito.
2012,matricula,s_1+s_2+s_3+s_4+s_5+s_6+s_7+s_8+s_9+s_10+s_11+s_12+s_1314,sobreedad,Estudiantes con sobreedad en categorías comunes,conteo,sí,Alta,Mismas columnas componentes y mismo grano en los 15 archivos; definición común en el diccionario oficial.,No incorporar la categoría _20 añadida desde 2023; conservar sector y ámbito.
2012,matricula,s_deambulantes,,Sobreedad en categorías de inicial,conteo,no,No comparable,Definición ambigua/inconsistente en el diccionario disponible.,No se usa sustantivamente.
2012,matricula,s_lactantes,,Sobreedad en categorías de inicial,conteo,no,No comparable,Definición ambigua/inconsistente en el diccionario disponible.,No se usa sustantivamente.
2012,matricula,s_s2,,Sobreedad en categorías de inicial,conteo,no,No comparable,Definición ambigua/inconsistente en el diccionario disponible.,No se usa sustantivamente.
2012,matricula,s_s3,,Sobreedad en categorías de inicial,conteo,no,No comparable,Definición ambigua/inconsistente en el diccionario disponible.,No se usa sustantivamente.
2012,matricula,s_s4,,Sobreedad en categorías de inicial,conteo,no,No comparable,Definición ambigua/inconsistente en el diccionario disponible.,No se usa sustantivamente.
2012,matricula,s_s5,,Sobreedad en categorías de inicial,conteo,no,No comparable,Definición ambigua/inconsistente en el diccionario disponible.,No se usa sustantivamente.
2012,trayectoria,inicial_1+inicial_2+inicial_3+inicial_4+inicial_5+inicial_6+inicial_7+inicial_8+inicial_9+inicial_10+inicial_11+inicial_12+inicial_1314,matricula_inicial,Matrícula inicial en categorías comunes,conteo,sí,Alta,Mismas columnas componentes y mismo grano en los 15 archivos; definición común en el diccionario oficial.,No incorporar la categoría _20 añadida desde 2023; conservar sector y ámbito.
2012,trayectoria,nopromo_1+nopromo_2+nopromo_3+nopromo_4+nopromo_5+nopromo_6+nopromo_7+nopromo_8+nopromo_9+nopromo_10+nopromo_11+nopromo_12+nopromo_1314,no_promovidos,No promovidos en categorías comunes,conteo,sí,Alta,Mismas columnas componentes y mismo grano en los 15 archivos; definición común en el diccionario oficial.,No incorporar la categoría _20 añadida desde 2023; conservar sector y ámbito.
2012,trayectoria,primaria_egresados,egresados_primaria,Egresados de primaria,conteo,sí,Alta,Mismas columnas componentes y mismo grano en los 15 archivos; definición común en el diccionario oficial.,No incorporar la categoría _20 añadida desde 2023; conservar sector y ámbito.
2012,trayectoria,promovidos_1+promovidos_2+promovidos_3+promovidos_4+promovidos_5+promovidos_6+promovidos_7+promovidos_8+promovidos_9+promovidos_10+promovidos_11+promovidos_12+promovidos_1314,promovidos,Promovidos en categorías comunes,conteo,sí,Alta,Mismas columnas componentes y mismo grano en los 15 archivos; definición común en el diccionario oficial.,No incorporar la categoría _20 añadida desde 2023; conservar sector y ámbito.
2012,trayectoria,scp_1+scp_2+scp_3+scp_4+scp_5+scp_6+scp_7+scp_8+scp_9+scp_10+scp_11+scp_12+scp_1314,salidos_con_pase,Salidos con pase en categorías comunes,conteo,sí,Alta,Mismas columnas componentes y mismo grano en los 15 archivos; definición común en el diccionario oficial.,No incorporar la categoría _20 añadida desde 2023; conservar sector y ámbito.
2012,trayectoria,secundaria_egresados,egresados_secundaria,Egresados de secundaria,conteo,sí,Alta,Mismas columnas componentes y mismo grano en los 15 archivos; definición común en el diccionario oficial.,No incorporar la categoría _20 añadida desde 2023; conservar sector y ámbito.
2012,trayectoria,ssp_1+ssp_2+ssp_3+ssp_4+ssp_5+ssp_6+ssp_7+ssp_8+ssp_9+ssp_10+ssp_11+ssp_12+ssp_1314,salidos_sin_pase,Salidos sin pase en categorías comunes,conteo,sí,Alta,Mismas columnas componentes y mismo grano en los 15 archivos; definición común en el diccionario oficial.,No incorporar la categoría _20 añadida desde 2023; conservar sector y ámbito.
2012,trayectoria,ultimo_1+ultimo_2+ultimo_3+ultimo_4+ultimo_5+ultimo_6+ultimo_7+ultimo_8+ultimo_9+ultimo_10+ultimo_11+ultimo_12+ultimo_1314,matricula_ultimo_dia,Matrícula al último día de clase en categorías comunes,conteo,sí,Alta,Mismas columnas componentes y mismo grano en los 15 archivos; definición común en el diccionario oficial.,No incorporar la categoría _20 añadida desde 2023; conservar sector y ámbito.
2013,caracteristicas,localizacion,localizaciones,Cantidad de localizaciones educativas,conteo,sí,Alta,Mismas columnas componentes y mismo grano en los 15 archivos; definición común en el diccionario oficial.,No incorporar la categoría _20 añadida desde 2023; conservar sector y ámbito.
2013,caracteristicas,bibliotecadisponedealmenosunasi,,Característica de localización,por verificar,no,No comparable,Unidad agregada ambigua y cambios de esquema/nombre.,Excluida hasta contar con definición anual inequívoca.
2013,caracteristicas,bibliotecafuncionaesespacioexclusivosi,,Característica de localización,por verificar,no,No comparable,Unidad agregada ambigua y cambios de esquema/nombre.,Excluida hasta contar con definición anual inequívoca.
2013,caracteristicas,cooperadoraconpersoneriajuridica,,Característica de localización,por verificar,no,No comparable,Unidad agregada ambigua y cambios de esquema/nombre.,Excluida hasta contar con definición anual inequívoca.
2013,caracteristicas,cooperadorano,,Característica de localización,por verificar,no,No comparable,Unidad agregada ambigua y cambios de esquema/nombre.,Excluida hasta contar con definición anual inequívoca.
2013,caracteristicas,cooperadorasinpersoneriajuridica,,Característica de localización,por verificar,no,No comparable,Unidad agregada ambigua y cambios de esquema/nombre.,Excluida hasta contar con definición anual inequívoca.
2013,caracteristicas,disponedesalaolaboratoriodeinformaticasi,,Característica de localización,por verificar,no,No comparable,Unidad agregada ambigua y cambios de esquema/nombre.,Excluida hasta contar con definición anual inequívoca.
2013,caracteristicas,electricidadgeneradoreolico,,Característica de localización,por verificar,no,No comparable,Unidad agregada ambigua y cambios de esquema/nombre.,Excluida hasta contar con definición anual inequívoca.
2013,caracteristicas,electricidadgeneradorhidraulico,,Característica de localización,por verificar,no,No comparable,Unidad agregada ambigua y cambios de esquema/nombre.,Excluida hasta contar con definición anual inequívoca.
2013,caracteristicas,electricidadgrupoelectrogeno,,Característica de localización,por verificar,no,No comparable,Unidad agregada ambigua y cambios de esquema/nombre.,Excluida hasta contar con definición anual inequívoca.
2013,caracteristicas,electricidadotro,,Característica de localización,por verificar,no,No comparable,Unidad agregada ambigua y cambios de esquema/nombre.,Excluida hasta contar con definición anual inequívoca.
2013,caracteristicas,electricidadpanelfotovoltaicosolar,,Característica de localización,por verificar,no,No comparable,Unidad agregada ambigua y cambios de esquema/nombre.,Excluida hasta contar con definición anual inequívoca.
2013,caracteristicas,electricidadredpublica,,Característica de localización,por verificar,no,No comparable,Unidad agregada ambigua y cambios de esquema/nombre.,Excluida hasta contar con definición anual inequívoca.
2013,caracteristicas,electricidadsi,,Característica de localización,por verificar,no,No comparable,Unidad agregada ambigua y cambios de esquema/nombre.,Excluida hasta contar con definición anual inequívoca.
2013,caracteristicas,equipamientobibliotecaequipamientobibliotecawebcam,,Característica de localización,por verificar,no,No comparable,Unidad agregada ambigua y cambios de esquema/nombre.,Excluida hasta contar con definición anual inequívoca.
2013,caracteristicas,equipamientobibliotecaequipoemisorderadioamfm,,Característica de localización,por verificar,no,No comparable,Unidad agregada ambigua y cambios de esquema/nombre.,Excluida hasta contar con definición anual inequívoca.
2013,caracteristicas,equipamientobibliotecaequiporeceptorderadioamfm,,Característica de localización,por verificar,no,No comparable,Unidad agregada ambigua y cambios de esquema/nombre.,Excluida hasta contar con definición anual inequívoca.
2013,caracteristicas,equipamientobibliotecaimpresora,,Característica de localización,por verificar,no,No comparable,Unidad agregada ambigua y cambios de esquema/nombre.,Excluida hasta contar con definición anual inequívoca.
2013,caracteristicas,equipamientobibliotecareproductordecd,,Característica de localización,por verificar,no,No comparable,Unidad agregada ambigua y cambios de esquema/nombre.,Excluida hasta contar con definición anual inequívoca.
2013,caracteristicas,equipamientobibliotecareproductordedvd,,Característica de localización,por verificar,no,No comparable,Unidad agregada ambigua y cambios de esquema/nombre.,Excluida hasta contar con definición anual inequívoca.
2013,caracteristicas,equipamientobibliotecascanner,,Característica de localización,por verificar,no,No comparable,Unidad agregada ambigua y cambios de esquema/nombre.,Excluida hasta contar con definición anual inequívoca.
2013,caracteristicas,equipamientobibliotecaservidorparausoescolar,,Característica de localización,por verificar,no,No comparable,Unidad agregada ambigua y cambios de esquema/nombre.,Excluida hasta contar con definición anual inequívoca.
2013,caracteristicas,equipamientobibliotecasistemamultimediaocanon,,Característica de localización,por verificar,no,No comparable,Unidad agregada ambigua y cambios de esquema/nombre.,Excluida hasta contar con definición anual inequívoca.
2013,caracteristicas,equipamientobibliotecatelevisor,,Característica de localización,por verificar,no,No comparable,Unidad agregada ambigua y cambios de esquema/nombre.,Excluida hasta contar con definición anual inequívoca.
2013,caracteristicas,equipamientoestablecimientoequipodesonido,,Característica de localización,por verificar,no,No comparable,Unidad agregada ambigua y cambios de esquema/nombre.,Excluida hasta contar con definición anual inequívoca.
2013,caracteristicas,equipamientoestablecimientoequipoemisorderadioamfm,,Característica de localización,por verificar,no,No comparable,Unidad agregada ambigua y cambios de esquema/nombre.,Excluida hasta contar con definición anual inequívoca.
2013,caracteristicas,equipamientoestablecimientoequiporeceptorderadioamfm,,Característica de localización,por verificar,no,No comparable,Unidad agregada ambigua y cambios de esquema/nombre.,Excluida hasta contar con definición anual inequívoca.
2013,caracteristicas,equipamientoestablecimientoimpresora,,Característica de localización,por verificar,no,No comparable,Unidad agregada ambigua y cambios de esquema/nombre.,Excluida hasta contar con definición anual inequívoca.
2013,caracteristicas,equipamientoestablecimientoimpresora3d,,Característica de localización,por verificar,no,No comparable,Unidad agregada ambigua y cambios de esquema/nombre.,Excluida hasta contar con definición anual inequívoca.
2013,caracteristicas,equipamientoestablecimientopizarrasdigitales,,Característica de localización,por verificar,no,No comparable,Unidad agregada ambigua y cambios de esquema/nombre.,Excluida hasta contar con definición anual inequívoca.
2013,caracteristicas,equipamientoestablecimientoreproductordecd,,Característica de localización,por verificar,no,No comparable,Unidad agregada ambigua y cambios de esquema/nombre.,Excluida hasta contar con definición anual inequívoca.
2013,caracteristicas,equipamientoestablecimientoreproductordedvd,,Característica de localización,por verificar,no,No comparable,Unidad agregada ambigua y cambios de esquema/nombre.,Excluida hasta contar con definición anual inequívoca.
2013,caracteristicas,equipamientoestablecimientoscanner,,Característica de localización,por verificar,no,No comparable,Unidad agregada ambigua y cambios de esquema/nombre.,Excluida hasta contar con definición anual inequívoca.
2013,caracteristicas,equipamientoestablecimientoservidorparausoescolar,,Característica de localización,por verificar,no,No comparable,Unidad agregada ambigua y cambios de esquema/nombre.,Excluida hasta contar con definición anual inequívoca.
2013,caracteristicas,equipamientoestablecimientosistemamultimediaocanon,,Característica de localización,por verificar,no,No comparable,Unidad agregada ambigua y cambios de esquema/nombre.,Excluida hasta contar con definición anual inequívoca.
2013,caracteristicas,equipamientoestablecimientotelevisor,,Característica de localización,por verificar,no,No comparable,Unidad agregada ambigua y cambios de esquema/nombre.,Excluida hasta contar con definición anual inequívoca.
2013,caracteristicas,equipamientoestablecimientowebcam,,Característica de localización,por verificar,no,No comparable,Unidad agregada ambigua y cambios de esquema/nombre.,Excluida hasta contar con definición anual inequívoca.
2013,caracteristicas,espaciosconconexionenelareadeadministracion,,Característica de localización,por verificar,no,No comparable,Unidad agregada ambigua y cambios de esquema/nombre.,Excluida hasta contar con definición anual inequívoca.
2013,caracteristicas,espaciosconconexionenellaboratorio,,Característica de localización,por verificar,no,No comparable,Unidad agregada ambigua y cambios de esquema/nombre.,Excluida hasta contar con definición anual inequívoca.
2013,caracteristicas,espaciosconconexionenlabibliotecas,,Característica de localización,por verificar,no,No comparable,Unidad agregada ambigua y cambios de esquema/nombre.,Excluida hasta contar con definición anual inequívoca.
2013,caracteristicas,espaciosconconexionenlasaulas,,Característica de localización,por verificar,no,No comparable,Unidad agregada ambigua y cambios de esquema/nombre.,Excluida hasta contar con definición anual inequívoca.
2013,caracteristicas,espaciosconconexionenotroespaciodelestablecimiento,,Característica de localización,por verificar,no,No comparable,Unidad agregada ambigua y cambios de esquema/nombre.,Excluida hasta contar con definición anual inequívoca.
2013,caracteristicas,internettipodeconexionadsl,,Característica de localización,por verificar,no,No comparable,Unidad agregada ambigua y cambios de esquema/nombre.,Excluida hasta contar con definición anual inequívoca.
2013,caracteristicas,internettipodeconexioncablemodem,,Característica de localización,por verificar,no,No comparable,Unidad agregada ambigua y cambios de esquema/nombre.,Excluida hasta contar con definición anual inequívoca.
2013,caracteristicas,internettipodeconexionmovil,,Característica de localización,por verificar,no,No comparable,Unidad agregada ambigua y cambios de esquema/nombre.,Excluida hasta contar con definición anual inequívoca.
2013,caracteristicas,internettipodeconexionotrotipo,,Característica de localización,por verificar,no,No comparable,Unidad agregada ambigua y cambios de esquema/nombre.,Excluida hasta contar con definición anual inequívoca.
2013,caracteristicas,internettipodeconexionsatelital,,Característica de localización,por verificar,no,No comparable,Unidad agregada ambigua y cambios de esquema/nombre.,Excluida hasta contar con definición anual inequívoca.
2013,caracteristicas,internettipodeconexiontelefonica,,Característica de localización,por verificar,no,No comparable,Unidad agregada ambigua y cambios de esquema/nombre.,Excluida hasta contar con definición anual inequívoca.
2013,caracteristicas,internettipodeserviciogratuito,,Característica de localización,por verificar,no,No comparable,Unidad agregada ambigua y cambios de esquema/nombre.,Excluida hasta contar con definición anual inequívoca.
2013,caracteristicas,internettipodeserviciopago,,Característica de localización,por verificar,no,No comparable,Unidad agregada ambigua y cambios de esquema/nombre.,Excluida hasta contar con definición anual inequívoca.
2013,caracteristicas,laboratoriofuncionaesespacioexclusivosi,,Característica de localización,por verificar,no,No comparable,Unidad agregada ambigua y cambios de esquema/nombre.,Excluida hasta contar con definición anual inequívoca.
2013,caracteristicas,sistemadegestionescolardesarrolladoporterceros,,Característica de localización,por verificar,no,No comparable,Unidad agregada ambigua y cambios de esquema/nombre.,Excluida hasta contar con definición anual inequívoca.
2013,caracteristicas,sistemadegestionescolarencargadoporelestablecimiento,,Característica de localización,por verificar,no,No comparable,Unidad agregada ambigua y cambios de esquema/nombre.,Excluida hasta contar con definición anual inequívoca.
2013,caracteristicas,sistemadegestionescolarplanilladecalculo,,Característica de localización,por verificar,no,No comparable,Unidad agregada ambigua y cambios de esquema/nombre.,Excluida hasta contar con definición anual inequívoca.
2013,caracteristicas,sistemadegestionescolarprovistoporelministerio,,Característica de localización,por verificar,no,No comparable,Unidad agregada ambigua y cambios de esquema/nombre.,Excluida hasta contar con definición anual inequívoca.
2013,caracteristicas,sistemadegestionescolarsi,,Característica de localización,por verificar,no,No comparable,Unidad agregada ambigua y cambios de esquema/nombre.,Excluida hasta contar con definición anual inequívoca.
2013,caracteristicas,subvencionestataljardindeinfantessi,,Característica de localización,por verificar,no,No comparable,Unidad agregada ambigua y cambios de esquema/nombre.,Excluida hasta contar con definición anual inequívoca.
2013,caracteristicas,subvencionestataljardinmaternalsi,,Característica de localización,por verificar,no,No comparable,Unidad agregada ambigua y cambios de esquema/nombre.,Excluida hasta contar con definición anual inequívoca.
2013,caracteristicas,subvencionestatalprimariasi,,Característica de localización,por verificar,no,No comparable,Unidad agregada ambigua y cambios de esquema/nombre.,Excluida hasta contar con definición anual inequívoca.
2013,caracteristicas,subvencionestatalsecundariasi,,Característica de localización,por verificar,no,No comparable,Unidad agregada ambigua y cambios de esquema/nombre.,Excluida hasta contar con definición anual inequívoca.
2013,caracteristicas,subvencionestatalsnusi,,Característica de localización,por verificar,no,No comparable,Unidad agregada ambigua y cambios de esquema/nombre.,Excluida hasta contar con definición anual inequívoca.
2013,derivada,repitentes/matricula_grados_comparables,proporcion_repitentes,Cociente exploratorio recalculado desde conteos comparables,proporción,sí con advertencia,Media,"Fórmula estable, pero no es tasa oficial y su interpretación atraviesa discontinuidades administrativas potenciales.",No se almacena en el parquet largo; se recalcula. Cautela especial en 2020–2022.
2013,derivada,salidos_sin_pase/matricula_inicial,proporcion_salidos_sin_pase,Cociente exploratorio recalculado desde conteos comparables,proporción,sí con advertencia,Media,"Fórmula estable, pero no es tasa oficial y su interpretación atraviesa discontinuidades administrativas potenciales.",No se almacena en el parquet largo; se recalcula. Cautela especial en 2020–2022.
2013,derivada,sobreedad/matricula_grados_comparables,proporcion_sobreedad,Cociente exploratorio recalculado desde conteos comparables,proporción,sí con advertencia,Media,"Fórmula estable, pero no es tasa oficial y su interpretación atraviesa discontinuidades administrativas potenciales.",No se almacena en el parquet largo; se recalcula. Cautela especial en 2020–2022.
2013,matricula,campo_1+campo_2+campo_3+campo_4+campo_5+campo_6+campo_7+campo_8+campo_9+campo_10+campo_11+campo_12+campo_1314,matricula_grados_comparables,Matrícula en años de estudio con repitencia y sobreedad comparables,conteo,sí,Alta,Mismas columnas componentes y mismo grano en los 15 archivos; definición común en el diccionario oficial.,No incorporar la categoría _20 añadida desde 2023; conservar sector y ámbito.
2013,matricula,lactantes+deambulantes+s2+s3+s4+s5+campo_1+campo_2+campo_3+campo_4+campo_5+campo_6+campo_7+campo_8+campo_9+campo_10+campo_11+campo_12+campo_1314+snu,matricula_total,Matrícula en categorías comunes a todos los años,conteo,sí,Alta,Mismas columnas componentes y mismo grano en los 15 archivos; definición común en el diccionario oficial.,No incorporar la categoría _20 añadida desde 2023; conservar sector y ámbito.
2013,matricula,r_1+r_2+r_3+r_4+r_5+r_6+r_7+r_8+r_9+r_10+r_11+r_12+r_1314,repitentes,Estudiantes repitentes en categorías comunes,conteo,sí,Alta,Mismas columnas componentes y mismo grano en los 15 archivos; definición común en el diccionario oficial.,No incorporar la categoría _20 añadida desde 2023; conservar sector y ámbito.
2013,matricula,s_1+s_2+s_3+s_4+s_5+s_6+s_7+s_8+s_9+s_10+s_11+s_12+s_1314,sobreedad,Estudiantes con sobreedad en categorías comunes,conteo,sí,Alta,Mismas columnas componentes y mismo grano en los 15 archivos; definición común en el diccionario oficial.,No incorporar la categoría _20 añadida desde 2023; conservar sector y ámbito.
2013,matricula,s_deambulantes,,Sobreedad en categorías de inicial,conteo,no,No comparable,Definición ambigua/inconsistente en el diccionario disponible.,No se usa sustantivamente.
2013,matricula,s_lactantes,,Sobreedad en categorías de inicial,conteo,no,No comparable,Definición ambigua/inconsistente en el diccionario disponible.,No se usa sustantivamente.
2013,matricula,s_s2,,Sobreedad en categorías de inicial,conteo,no,No comparable,Definición ambigua/inconsistente en el diccionario disponible.,No se usa sustantivamente.
2013,matricula,s_s3,,Sobreedad en categorías de inicial,conteo,no,No comparable,Definición ambigua/inconsistente en el diccionario disponible.,No se usa sustantivamente.
2013,matricula,s_s4,,Sobreedad en categorías de inicial,conteo,no,No comparable,Definición ambigua/inconsistente en el diccionario disponible.,No se usa sustantivamente.
2013,matricula,s_s5,,Sobreedad en categorías de inicial,conteo,no,No comparable,Definición ambigua/inconsistente en el diccionario disponible.,No se usa sustantivamente.
2013,trayectoria,inicial_1+inicial_2+inicial_3+inicial_4+inicial_5+inicial_6+inicial_7+inicial_8+inicial_9+inicial_10+inicial_11+inicial_12+inicial_1314,matricula_inicial,Matrícula inicial en categorías comunes,conteo,sí,Alta,Mismas columnas componentes y mismo grano en los 15 archivos; definición común en el diccionario oficial.,No incorporar la categoría _20 añadida desde 2023; conservar sector y ámbito.
2013,trayectoria,nopromo_1+nopromo_2+nopromo_3+nopromo_4+nopromo_5+nopromo_6+nopromo_7+nopromo_8+nopromo_9+nopromo_10+nopromo_11+nopromo_12+nopromo_1314,no_promovidos,No promovidos en categorías comunes,conteo,sí,Alta,Mismas columnas componentes y mismo grano en los 15 archivos; definición común en el diccionario oficial.,No incorporar la categoría _20 añadida desde 2023; conservar sector y ámbito.
2013,trayectoria,primaria_egresados,egresados_primaria,Egresados de primaria,conteo,sí,Alta,Mismas columnas componentes y mismo grano en los 15 archivos; definición común en el diccionario oficial.,No incorporar la categoría _20 añadida desde 2023; conservar sector y ámbito.
2013,trayectoria,promovidos_1+promovidos_2+promovidos_3+promovidos_4+promovidos_5+promovidos_6+promovidos_7+promovidos_8+promovidos_9+promovidos_10+promovidos_11+promovidos_12+promovidos_1314,promovidos,Promovidos en categorías comunes,conteo,sí,Alta,Mismas columnas componentes y mismo grano en los 15 archivos; definición común en el diccionario oficial.,No incorporar la categoría _20 añadida desde 2023; conservar sector y ámbito.
2013,trayectoria,scp_1+scp_2+scp_3+scp_4+scp_5+scp_6+scp_7+scp_8+scp_9+scp_10+scp_11+scp_12+scp_1314,salidos_con_pase,Salidos con pase en categorías comunes,conteo,sí,Alta,Mismas columnas componentes y mismo grano en los 15 archivos; definición común en el diccionario oficial.,No incorporar la categoría _20 añadida desde 2023; conservar sector y ámbito.
2013,trayectoria,secundaria_egresados,egresados_secundaria,Egresados de secundaria,conteo,sí,Alta,Mismas columnas componentes y mismo grano en los 15 archivos; definición común en el diccionario oficial.,No incorporar la categoría _20 añadida desde 2023; conservar sector y ámbito.
2013,trayectoria,ssp_1+ssp_2+ssp_3+ssp_4+ssp_5+ssp_6+ssp_7+ssp_8+ssp_9+ssp_10+ssp_11+ssp_12+ssp_1314,salidos_sin_pase,Salidos sin pase en categorías comunes,conteo,sí,Alta,Mismas columnas componentes y mismo grano en los 15 archivos; definición común en el diccionario oficial.,No incorporar la categoría _20 añadida desde 2023; conservar sector y ámbito.
2013,trayectoria,ultimo_1+ultimo_2+ultimo_3+ultimo_4+ultimo_5+ultimo_6+ultimo_7+ultimo_8+ultimo_9+ultimo_10+ultimo_11+ultimo_12+ultimo_1314,matricula_ultimo_dia,Matrícula al último día de clase en categorías comunes,conteo,sí,Alta,Mismas columnas componentes y mismo grano en los 15 archivos; definición común en el diccionario oficial.,No incorporar la categoría _20 añadida desde 2023; conservar sector y ámbito.
2014,caracteristicas,localizacion,localizaciones,Cantidad de localizaciones educativas,conteo,sí,Alta,Mismas columnas componentes y mismo grano en los 15 archivos; definición común en el diccionario oficial.,No incorporar la categoría _20 añadida desde 2023; conservar sector y ámbito.
2014,caracteristicas,bibliotecadisponedealmenosunasi,,Característica de localización,por verificar,no,No comparable,Unidad agregada ambigua y cambios de esquema/nombre.,Excluida hasta contar con definición anual inequívoca.
2014,caracteristicas,bibliotecafuncionaesespacioexclusivosi,,Característica de localización,por verificar,no,No comparable,Unidad agregada ambigua y cambios de esquema/nombre.,Excluida hasta contar con definición anual inequívoca.
2014,caracteristicas,cooperadoraconpersoneriajuridica,,Característica de localización,por verificar,no,No comparable,Unidad agregada ambigua y cambios de esquema/nombre.,Excluida hasta contar con definición anual inequívoca.
2014,caracteristicas,cooperadorano,,Característica de localización,por verificar,no,No comparable,Unidad agregada ambigua y cambios de esquema/nombre.,Excluida hasta contar con definición anual inequívoca.
2014,caracteristicas,cooperadorasinpersoneriajuridica,,Característica de localización,por verificar,no,No comparable,Unidad agregada ambigua y cambios de esquema/nombre.,Excluida hasta contar con definición anual inequívoca.
2014,caracteristicas,disponedesalaolaboratoriodeinformaticasi,,Característica de localización,por verificar,no,No comparable,Unidad agregada ambigua y cambios de esquema/nombre.,Excluida hasta contar con definición anual inequívoca.
2014,caracteristicas,electricidadgeneradoreolico,,Característica de localización,por verificar,no,No comparable,Unidad agregada ambigua y cambios de esquema/nombre.,Excluida hasta contar con definición anual inequívoca.
2014,caracteristicas,electricidadgeneradorhidraulico,,Característica de localización,por verificar,no,No comparable,Unidad agregada ambigua y cambios de esquema/nombre.,Excluida hasta contar con definición anual inequívoca.
2014,caracteristicas,electricidadgrupoelectrogeno,,Característica de localización,por verificar,no,No comparable,Unidad agregada ambigua y cambios de esquema/nombre.,Excluida hasta contar con definición anual inequívoca.
2014,caracteristicas,electricidadotro,,Característica de localización,por verificar,no,No comparable,Unidad agregada ambigua y cambios de esquema/nombre.,Excluida hasta contar con definición anual inequívoca.
2014,caracteristicas,electricidadpanelfotovoltaicosolar,,Característica de localización,por verificar,no,No comparable,Unidad agregada ambigua y cambios de esquema/nombre.,Excluida hasta contar con definición anual inequívoca.
2014,caracteristicas,electricidadredpublica,,Característica de localización,por verificar,no,No comparable,Unidad agregada ambigua y cambios de esquema/nombre.,Excluida hasta contar con definición anual inequívoca.
2014,caracteristicas,electricidadsi,,Característica de localización,por verificar,no,No comparable,Unidad agregada ambigua y cambios de esquema/nombre.,Excluida hasta contar con definición anual inequívoca.
2014,caracteristicas,equipamientobibliotecaequipamientobibliotecawebcam,,Característica de localización,por verificar,no,No comparable,Unidad agregada ambigua y cambios de esquema/nombre.,Excluida hasta contar con definición anual inequívoca.
2014,caracteristicas,equipamientobibliotecaequipoemisorderadioamfm,,Característica de localización,por verificar,no,No comparable,Unidad agregada ambigua y cambios de esquema/nombre.,Excluida hasta contar con definición anual inequívoca.
2014,caracteristicas,equipamientobibliotecaequiporeceptorderadioamfm,,Característica de localización,por verificar,no,No comparable,Unidad agregada ambigua y cambios de esquema/nombre.,Excluida hasta contar con definición anual inequívoca.
2014,caracteristicas,equipamientobibliotecaimpresora,,Característica de localización,por verificar,no,No comparable,Unidad agregada ambigua y cambios de esquema/nombre.,Excluida hasta contar con definición anual inequívoca.
2014,caracteristicas,equipamientobibliotecareproductordecd,,Característica de localización,por verificar,no,No comparable,Unidad agregada ambigua y cambios de esquema/nombre.,Excluida hasta contar con definición anual inequívoca.
2014,caracteristicas,equipamientobibliotecareproductordedvd,,Característica de localización,por verificar,no,No comparable,Unidad agregada ambigua y cambios de esquema/nombre.,Excluida hasta contar con definición anual inequívoca.
2014,caracteristicas,equipamientobibliotecascanner,,Característica de localización,por verificar,no,No comparable,Unidad agregada ambigua y cambios de esquema/nombre.,Excluida hasta contar con definición anual inequívoca.
2014,caracteristicas,equipamientobibliotecaservidorparausoescolar,,Característica de localización,por verificar,no,No comparable,Unidad agregada ambigua y cambios de esquema/nombre.,Excluida hasta contar con definición anual inequívoca.
2014,caracteristicas,equipamientobibliotecasistemamultimediaocanon,,Característica de localización,por verificar,no,No comparable,Unidad agregada ambigua y cambios de esquema/nombre.,Excluida hasta contar con definición anual inequívoca.
2014,caracteristicas,equipamientobibliotecatelevisor,,Característica de localización,por verificar,no,No comparable,Unidad agregada ambigua y cambios de esquema/nombre.,Excluida hasta contar con definición anual inequívoca.
2014,caracteristicas,equipamientoestablecimientoequipodesonido,,Característica de localización,por verificar,no,No comparable,Unidad agregada ambigua y cambios de esquema/nombre.,Excluida hasta contar con definición anual inequívoca.
2014,caracteristicas,equipamientoestablecimientoequipoemisorderadioamfm,,Característica de localización,por verificar,no,No comparable,Unidad agregada ambigua y cambios de esquema/nombre.,Excluida hasta contar con definición anual inequívoca.
2014,caracteristicas,equipamientoestablecimientoequiporeceptorderadioamfm,,Característica de localización,por verificar,no,No comparable,Unidad agregada ambigua y cambios de esquema/nombre.,Excluida hasta contar con definición anual inequívoca.
2014,caracteristicas,equipamientoestablecimientoimpresora,,Característica de localización,por verificar,no,No comparable,Unidad agregada ambigua y cambios de esquema/nombre.,Excluida hasta contar con definición anual inequívoca.
2014,caracteristicas,equipamientoestablecimientoimpresora3d,,Característica de localización,por verificar,no,No comparable,Unidad agregada ambigua y cambios de esquema/nombre.,Excluida hasta contar con definición anual inequívoca.
2014,caracteristicas,equipamientoestablecimientopizarrasdigitales,,Característica de localización,por verificar,no,No comparable,Unidad agregada ambigua y cambios de esquema/nombre.,Excluida hasta contar con definición anual inequívoca.
2014,caracteristicas,equipamientoestablecimientoreproductordecd,,Característica de localización,por verificar,no,No comparable,Unidad agregada ambigua y cambios de esquema/nombre.,Excluida hasta contar con definición anual inequívoca.
2014,caracteristicas,equipamientoestablecimientoreproductordedvd,,Característica de localización,por verificar,no,No comparable,Unidad agregada ambigua y cambios de esquema/nombre.,Excluida hasta contar con definición anual inequívoca.
2014,caracteristicas,equipamientoestablecimientoscanner,,Característica de localización,por verificar,no,No comparable,Unidad agregada ambigua y cambios de esquema/nombre.,Excluida hasta contar con definición anual inequívoca.
2014,caracteristicas,equipamientoestablecimientoservidorparausoescolar,,Característica de localización,por verificar,no,No comparable,Unidad agregada ambigua y cambios de esquema/nombre.,Excluida hasta contar con definición anual inequívoca.
2014,caracteristicas,equipamientoestablecimientosistemamultimediaocanon,,Característica de localización,por verificar,no,No comparable,Unidad agregada ambigua y cambios de esquema/nombre.,Excluida hasta contar con definición anual inequívoca.
2014,caracteristicas,equipamientoestablecimientotelevisor,,Característica de localización,por verificar,no,No comparable,Unidad agregada ambigua y cambios de esquema/nombre.,Excluida hasta contar con definición anual inequívoca.
2014,caracteristicas,equipamientoestablecimientowebcam,,Característica de localización,por verificar,no,No comparable,Unidad agregada ambigua y cambios de esquema/nombre.,Excluida hasta contar con definición anual inequívoca.
2014,caracteristicas,espaciosconconexionenelareadeadministracion,,Característica de localización,por verificar,no,No comparable,Unidad agregada ambigua y cambios de esquema/nombre.,Excluida hasta contar con definición anual inequívoca.
2014,caracteristicas,espaciosconconexionenellaboratorio,,Característica de localización,por verificar,no,No comparable,Unidad agregada ambigua y cambios de esquema/nombre.,Excluida hasta contar con definición anual inequívoca.
2014,caracteristicas,espaciosconconexionenlabibliotecas,,Característica de localización,por verificar,no,No comparable,Unidad agregada ambigua y cambios de esquema/nombre.,Excluida hasta contar con definición anual inequívoca.
2014,caracteristicas,espaciosconconexionenlasaulas,,Característica de localización,por verificar,no,No comparable,Unidad agregada ambigua y cambios de esquema/nombre.,Excluida hasta contar con definición anual inequívoca.
2014,caracteristicas,espaciosconconexionenotroespaciodelestablecimiento,,Característica de localización,por verificar,no,No comparable,Unidad agregada ambigua y cambios de esquema/nombre.,Excluida hasta contar con definición anual inequívoca.
2014,caracteristicas,internettipodeconexionadsl,,Característica de localización,por verificar,no,No comparable,Unidad agregada ambigua y cambios de esquema/nombre.,Excluida hasta contar con definición anual inequívoca.
2014,caracteristicas,internettipodeconexioncablemodem,,Característica de localización,por verificar,no,No comparable,Unidad agregada ambigua y cambios de esquema/nombre.,Excluida hasta contar con definición anual inequívoca.
2014,caracteristicas,internettipodeconexionmovil,,Característica de localización,por verificar,no,No comparable,Unidad agregada ambigua y cambios de esquema/nombre.,Excluida hasta contar con definición anual inequívoca.
2014,caracteristicas,internettipodeconexionotrotipo,,Característica de localización,por verificar,no,No comparable,Unidad agregada ambigua y cambios de esquema/nombre.,Excluida hasta contar con definición anual inequívoca.
2014,caracteristicas,internettipodeconexionsatelital,,Característica de localización,por verificar,no,No comparable,Unidad agregada ambigua y cambios de esquema/nombre.,Excluida hasta contar con definición anual inequívoca.
2014,caracteristicas,internettipodeconexiontelefonica,,Característica de localización,por verificar,no,No comparable,Unidad agregada ambigua y cambios de esquema/nombre.,Excluida hasta contar con definición anual inequívoca.
2014,caracteristicas,internettipodeserviciogratuito,,Característica de localización,por verificar,no,No comparable,Unidad agregada ambigua y cambios de esquema/nombre.,Excluida hasta contar con definición anual inequívoca.
2014,caracteristicas,internettipodeserviciopago,,Característica de localización,por verificar,no,No comparable,Unidad agregada ambigua y cambios de esquema/nombre.,Excluida hasta contar con definición anual inequívoca.
2014,caracteristicas,laboratoriofuncionaesespacioexclusivosi,,Característica de localización,por verificar,no,No comparable,Unidad agregada ambigua y cambios de esquema/nombre.,Excluida hasta contar con definición anual inequívoca.
2014,caracteristicas,sistemadegestionescolardesarrolladoporterceros,,Característica de localización,por verificar,no,No comparable,Unidad agregada ambigua y cambios de esquema/nombre.,Excluida hasta contar con definición anual inequívoca.
2014,caracteristicas,sistemadegestionescolarencargadoporelestablecimiento,,Característica de localización,por verificar,no,No comparable,Unidad agregada ambigua y cambios de esquema/nombre.,Excluida hasta contar con definición anual inequívoca.
2014,caracteristicas,sistemadegestionescolarplanilladecalculo,,Característica de localización,por verificar,no,No comparable,Unidad agregada ambigua y cambios de esquema/nombre.,Excluida hasta contar con definición anual inequívoca.
2014,caracteristicas,sistemadegestionescolarprovistoporelministerio,,Característica de localización,por verificar,no,No comparable,Unidad agregada ambigua y cambios de esquema/nombre.,Excluida hasta contar con definición anual inequívoca.
2014,caracteristicas,sistemadegestionescolarsi,,Característica de localización,por verificar,no,No comparable,Unidad agregada ambigua y cambios de esquema/nombre.,Excluida hasta contar con definición anual inequívoca.
2014,caracteristicas,subvencionestataljardindeinfantessi,,Característica de localización,por verificar,no,No comparable,Unidad agregada ambigua y cambios de esquema/nombre.,Excluida hasta contar con definición anual inequívoca.
2014,caracteristicas,subvencionestataljardinmaternalsi,,Característica de localización,por verificar,no,No comparable,Unidad agregada ambigua y cambios de esquema/nombre.,Excluida hasta contar con definición anual inequívoca.
2014,caracteristicas,subvencionestatalprimariasi,,Característica de localización,por verificar,no,No comparable,Unidad agregada ambigua y cambios de esquema/nombre.,Excluida hasta contar con definición anual inequívoca.
2014,caracteristicas,subvencionestatalsecundariasi,,Característica de localización,por verificar,no,No comparable,Unidad agregada ambigua y cambios de esquema/nombre.,Excluida hasta contar con definición anual inequívoca.
2014,caracteristicas,subvencionestatalsnusi,,Característica de localización,por verificar,no,No comparable,Unidad agregada ambigua y cambios de esquema/nombre.,Excluida hasta contar con definición anual inequívoca.
2014,derivada,repitentes/matricula_grados_comparables,proporcion_repitentes,Cociente exploratorio recalculado desde conteos comparables,proporción,sí con advertencia,Media,"Fórmula estable, pero no es tasa oficial y su interpretación atraviesa discontinuidades administrativas potenciales.",No se almacena en el parquet largo; se recalcula. Cautela especial en 2020–2022.
2014,derivada,salidos_sin_pase/matricula_inicial,proporcion_salidos_sin_pase,Cociente exploratorio recalculado desde conteos comparables,proporción,sí con advertencia,Media,"Fórmula estable, pero no es tasa oficial y su interpretación atraviesa discontinuidades administrativas potenciales.",No se almacena en el parquet largo; se recalcula. Cautela especial en 2020–2022.
2014,derivada,sobreedad/matricula_grados_comparables,proporcion_sobreedad,Cociente exploratorio recalculado desde conteos comparables,proporción,sí con advertencia,Media,"Fórmula estable, pero no es tasa oficial y su interpretación atraviesa discontinuidades administrativas potenciales.",No se almacena en el parquet largo; se recalcula. Cautela especial en 2020–2022.
2014,matricula,campo_1+campo_2+campo_3+campo_4+campo_5+campo_6+campo_7+campo_8+campo_9+campo_10+campo_11+campo_12+campo_1314,matricula_grados_comparables,Matrícula en años de estudio con repitencia y sobreedad comparables,conteo,sí,Alta,Mismas columnas componentes y mismo grano en los 15 archivos; definición común en el diccionario oficial.,No incorporar la categoría _20 añadida desde 2023; conservar sector y ámbito.
2014,matricula,lactantes+deambulantes+s2+s3+s4+s5+campo_1+campo_2+campo_3+campo_4+campo_5+campo_6+campo_7+campo_8+campo_9+campo_10+campo_11+campo_12+campo_1314+snu,matricula_total,Matrícula en categorías comunes a todos los años,conteo,sí,Alta,Mismas columnas componentes y mismo grano en los 15 archivos; definición común en el diccionario oficial.,No incorporar la categoría _20 añadida desde 2023; conservar sector y ámbito.
2014,matricula,r_1+r_2+r_3+r_4+r_5+r_6+r_7+r_8+r_9+r_10+r_11+r_12+r_1314,repitentes,Estudiantes repitentes en categorías comunes,conteo,sí,Alta,Mismas columnas componentes y mismo grano en los 15 archivos; definición común en el diccionario oficial.,No incorporar la categoría _20 añadida desde 2023; conservar sector y ámbito.
2014,matricula,s_1+s_2+s_3+s_4+s_5+s_6+s_7+s_8+s_9+s_10+s_11+s_12+s_1314,sobreedad,Estudiantes con sobreedad en categorías comunes,conteo,sí,Alta,Mismas columnas componentes y mismo grano en los 15 archivos; definición común en el diccionario oficial.,No incorporar la categoría _20 añadida desde 2023; conservar sector y ámbito.
2014,matricula,s_deambulantes,,Sobreedad en categorías de inicial,conteo,no,No comparable,Definición ambigua/inconsistente en el diccionario disponible.,No se usa sustantivamente.
2014,matricula,s_lactantes,,Sobreedad en categorías de inicial,conteo,no,No comparable,Definición ambigua/inconsistente en el diccionario disponible.,No se usa sustantivamente.
2014,matricula,s_s2,,Sobreedad en categorías de inicial,conteo,no,No comparable,Definición ambigua/inconsistente en el diccionario disponible.,No se usa sustantivamente.
2014,matricula,s_s3,,Sobreedad en categorías de inicial,conteo,no,No comparable,Definición ambigua/inconsistente en el diccionario disponible.,No se usa sustantivamente.
2014,matricula,s_s4,,Sobreedad en categorías de inicial,conteo,no,No comparable,Definición ambigua/inconsistente en el diccionario disponible.,No se usa sustantivamente.
2014,matricula,s_s5,,Sobreedad en categorías de inicial,conteo,no,No comparable,Definición ambigua/inconsistente en el diccionario disponible.,No se usa sustantivamente.
2014,trayectoria,inicial_1+inicial_2+inicial_3+inicial_4+inicial_5+inicial_6+inicial_7+inicial_8+inicial_9+inicial_10+inicial_11+inicial_12+inicial_1314,matricula_inicial,Matrícula inicial en categorías comunes,conteo,sí,Alta,Mismas columnas componentes y mismo grano en los 15 archivos; definición común en el diccionario oficial.,No incorporar la categoría _20 añadida desde 2023; conservar sector y ámbito.
2014,trayectoria,nopromo_1+nopromo_2+nopromo_3+nopromo_4+nopromo_5+nopromo_6+nopromo_7+nopromo_8+nopromo_9+nopromo_10+nopromo_11+nopromo_12+nopromo_1314,no_promovidos,No promovidos en categorías comunes,conteo,sí,Alta,Mismas columnas componentes y mismo grano en los 15 archivos; definición común en el diccionario oficial.,No incorporar la categoría _20 añadida desde 2023; conservar sector y ámbito.
2014,trayectoria,primaria_egresados,egresados_primaria,Egresados de primaria,conteo,sí,Alta,Mismas columnas componentes y mismo grano en los 15 archivos; definición común en el diccionario oficial.,No incorporar la categoría _20 añadida desde 2023; conservar sector y ámbito.
2014,trayectoria,promovidos_1+promovidos_2+promovidos_3+promovidos_4+promovidos_5+promovidos_6+promovidos_7+promovidos_8+promovidos_9+promovidos_10+promovidos_11+promovidos_12+promovidos_1314,promovidos,Promovidos en categorías comunes,conteo,sí,Alta,Mismas columnas componentes y mismo grano en los 15 archivos; definición común en el diccionario oficial.,No incorporar la categoría _20 añadida desde 2023; conservar sector y ámbito.
2014,trayectoria,scp_1+scp_2+scp_3+scp_4+scp_5+scp_6+scp_7+scp_8+scp_9+scp_10+scp_11+scp_12+scp_1314,salidos_con_pase,Salidos con pase en categorías comunes,conteo,sí,Alta,Mismas columnas componentes y mismo grano en los 15 archivos; definición común en el diccionario oficial.,No incorporar la categoría _20 añadida desde 2023; conservar sector y ámbito.
2014,trayectoria,secundaria_egresados,egresados_secundaria,Egresados de secundaria,conteo,sí,Alta,Mismas columnas componentes y mismo grano en los 15 archivos; definición común en el diccionario oficial.,No incorporar la categoría _20 añadida desde 2023; conservar sector y ámbito.
2014,trayectoria,ssp_1+ssp_2+ssp_3+ssp_4+ssp_5+ssp_6+ssp_7+ssp_8+ssp_9+ssp_10+ssp_11+ssp_12+ssp_1314,salidos_sin_pase,Salidos sin pase en categorías comunes,conteo,sí,Alta,Mismas columnas componentes y mismo grano en los 15 archivos; definición común en el diccionario oficial.,No incorporar la categoría _20 añadida desde 2023; conservar sector y ámbito.
2014,trayectoria,ultimo_1+ultimo_2+ultimo_3+ultimo_4+ultimo_5+ultimo_6+ultimo_7+ultimo_8+ultimo_9+ultimo_10+ultimo_11+ultimo_12+ultimo_1314,matricula_ultimo_dia,Matrícula al último día de clase en categorías comunes,conteo,sí,Alta,Mismas columnas componentes y mismo grano en los 15 archivos; definición común en el diccionario oficial.,No incorporar la categoría _20 añadida desde 2023; conservar sector y ámbito.
2015,caracteristicas,localizacion,localizaciones,Cantidad de localizaciones educativas,conteo,sí,Alta,Mismas columnas componentes y mismo grano en los 15 archivos; definición común en el diccionario oficial.,No incorporar la categoría _20 añadida desde 2023; conservar sector y ámbito.
2015,caracteristicas,bibliotecadisponedealmenosunasi,,Característica de localización,por verificar,no,No comparable,Unidad agregada ambigua y cambios de esquema/nombre.,Excluida hasta contar con definición anual inequívoca.
2015,caracteristicas,bibliotecafuncionaesespacioexclusivosi,,Característica de localización,por verificar,no,No comparable,Unidad agregada ambigua y cambios de esquema/nombre.,Excluida hasta contar con definición anual inequívoca.
2015,caracteristicas,cooperadoraconpersoneriajuridica,,Característica de localización,por verificar,no,No comparable,Unidad agregada ambigua y cambios de esquema/nombre.,Excluida hasta contar con definición anual inequívoca.
2015,caracteristicas,cooperadorano,,Característica de localización,por verificar,no,No comparable,Unidad agregada ambigua y cambios de esquema/nombre.,Excluida hasta contar con definición anual inequívoca.
2015,caracteristicas,cooperadorasinpersoneriajuridica,,Característica de localización,por verificar,no,No comparable,Unidad agregada ambigua y cambios de esquema/nombre.,Excluida hasta contar con definición anual inequívoca.
2015,caracteristicas,disponedesalaolaboratoriodeinformaticasi,,Característica de localización,por verificar,no,No comparable,Unidad agregada ambigua y cambios de esquema/nombre.,Excluida hasta contar con definición anual inequívoca.
2015,caracteristicas,electricidadgeneradoreolico,,Característica de localización,por verificar,no,No comparable,Unidad agregada ambigua y cambios de esquema/nombre.,Excluida hasta contar con definición anual inequívoca.
2015,caracteristicas,electricidadgeneradorhidraulico,,Característica de localización,por verificar,no,No comparable,Unidad agregada ambigua y cambios de esquema/nombre.,Excluida hasta contar con definición anual inequívoca.
2015,caracteristicas,electricidadgrupoelectrogeno,,Característica de localización,por verificar,no,No comparable,Unidad agregada ambigua y cambios de esquema/nombre.,Excluida hasta contar con definición anual inequívoca.
2015,caracteristicas,electricidadotro,,Característica de localización,por verificar,no,No comparable,Unidad agregada ambigua y cambios de esquema/nombre.,Excluida hasta contar con definición anual inequívoca.
2015,caracteristicas,electricidadpanelfotovoltaicosolar,,Característica de localización,por verificar,no,No comparable,Unidad agregada ambigua y cambios de esquema/nombre.,Excluida hasta contar con definición anual inequívoca.
2015,caracteristicas,electricidadredpublica,,Característica de localización,por verificar,no,No comparable,Unidad agregada ambigua y cambios de esquema/nombre.,Excluida hasta contar con definición anual inequívoca.
2015,caracteristicas,electricidadsi,,Característica de localización,por verificar,no,No comparable,Unidad agregada ambigua y cambios de esquema/nombre.,Excluida hasta contar con definición anual inequívoca.
2015,caracteristicas,equipamientobibliotecaequipamientobibliotecawebcam,,Característica de localización,por verificar,no,No comparable,Unidad agregada ambigua y cambios de esquema/nombre.,Excluida hasta contar con definición anual inequívoca.
2015,caracteristicas,equipamientobibliotecaequipoemisorderadioamfm,,Característica de localización,por verificar,no,No comparable,Unidad agregada ambigua y cambios de esquema/nombre.,Excluida hasta contar con definición anual inequívoca.
2015,caracteristicas,equipamientobibliotecaequiporeceptorderadioamfm,,Característica de localización,por verificar,no,No comparable,Unidad agregada ambigua y cambios de esquema/nombre.,Excluida hasta contar con definición anual inequívoca.
2015,caracteristicas,equipamientobibliotecaimpresora,,Característica de localización,por verificar,no,No comparable,Unidad agregada ambigua y cambios de esquema/nombre.,Excluida hasta contar con definición anual inequívoca.
2015,caracteristicas,equipamientobibliotecareproductordecd,,Característica de localización,por verificar,no,No comparable,Unidad agregada ambigua y cambios de esquema/nombre.,Excluida hasta contar con definición anual inequívoca.
2015,caracteristicas,equipamientobibliotecareproductordedvd,,Característica de localización,por verificar,no,No comparable,Unidad agregada ambigua y cambios de esquema/nombre.,Excluida hasta contar con definición anual inequívoca.
2015,caracteristicas,equipamientobibliotecascanner,,Característica de localización,por verificar,no,No comparable,Unidad agregada ambigua y cambios de esquema/nombre.,Excluida hasta contar con definición anual inequívoca.
2015,caracteristicas,equipamientobibliotecaservidorparausoescolar,,Característica de localización,por verificar,no,No comparable,Unidad agregada ambigua y cambios de esquema/nombre.,Excluida hasta contar con definición anual inequívoca.
2015,caracteristicas,equipamientobibliotecasistemamultimediaocanon,,Característica de localización,por verificar,no,No comparable,Unidad agregada ambigua y cambios de esquema/nombre.,Excluida hasta contar con definición anual inequívoca.
2015,caracteristicas,equipamientobibliotecatelevisor,,Característica de localización,por verificar,no,No comparable,Unidad agregada ambigua y cambios de esquema/nombre.,Excluida hasta contar con definición anual inequívoca.
2015,caracteristicas,equipamientoestablecimientoequipodesonido,,Característica de localización,por verificar,no,No comparable,Unidad agregada ambigua y cambios de esquema/nombre.,Excluida hasta contar con definición anual inequívoca.
2015,caracteristicas,equipamientoestablecimientoequipoemisorderadioamfm,,Característica de localización,por verificar,no,No comparable,Unidad agregada ambigua y cambios de esquema/nombre.,Excluida hasta contar con definición anual inequívoca.
2015,caracteristicas,equipamientoestablecimientoequiporeceptorderadioamfm,,Característica de localización,por verificar,no,No comparable,Unidad agregada ambigua y cambios de esquema/nombre.,Excluida hasta contar con definición anual inequívoca.
2015,caracteristicas,equipamientoestablecimientoimpresora,,Característica de localización,por verificar,no,No comparable,Unidad agregada ambigua y cambios de esquema/nombre.,Excluida hasta contar con definición anual inequívoca.
2015,caracteristicas,equipamientoestablecimientoimpresora3d,,Característica de localización,por verificar,no,No comparable,Unidad agregada ambigua y cambios de esquema/nombre.,Excluida hasta contar con definición anual inequívoca.
2015,caracteristicas,equipamientoestablecimientopizarrasdigitales,,Característica de localización,por verificar,no,No comparable,Unidad agregada ambigua y cambios de esquema/nombre.,Excluida hasta contar con definición anual inequívoca.
2015,caracteristicas,equipamientoestablecimientoreproductordecd,,Característica de localización,por verificar,no,No comparable,Unidad agregada ambigua y cambios de esquema/nombre.,Excluida hasta contar con definición anual inequívoca.
2015,caracteristicas,equipamientoestablecimientoreproductordedvd,,Característica de localización,por verificar,no,No comparable,Unidad agregada ambigua y cambios de esquema/nombre.,Excluida hasta contar con definición anual inequívoca.
2015,caracteristicas,equipamientoestablecimientoscanner,,Característica de localización,por verificar,no,No comparable,Unidad agregada ambigua y cambios de esquema/nombre.,Excluida hasta contar con definición anual inequívoca.
2015,caracteristicas,equipamientoestablecimientoservidorparausoescolar,,Característica de localización,por verificar,no,No comparable,Unidad agregada ambigua y cambios de esquema/nombre.,Excluida hasta contar con definición anual inequívoca.
2015,caracteristicas,equipamientoestablecimientosistemamultimediaocanon,,Característica de localización,por verificar,no,No comparable,Unidad agregada ambigua y cambios de esquema/nombre.,Excluida hasta contar con definición anual inequívoca.
2015,caracteristicas,equipamientoestablecimientotelevisor,,Característica de localización,por verificar,no,No comparable,Unidad agregada ambigua y cambios de esquema/nombre.,Excluida hasta contar con definición anual inequívoca.
2015,caracteristicas,equipamientoestablecimientowebcam,,Característica de localización,por verificar,no,No comparable,Unidad agregada ambigua y cambios de esquema/nombre.,Excluida hasta contar con definición anual inequívoca.
2015,caracteristicas,espaciosconconexionenelareadeadministracion,,Característica de localización,por verificar,no,No comparable,Unidad agregada ambigua y cambios de esquema/nombre.,Excluida hasta contar con definición anual inequívoca.
2015,caracteristicas,espaciosconconexionenellaboratorio,,Característica de localización,por verificar,no,No comparable,Unidad agregada ambigua y cambios de esquema/nombre.,Excluida hasta contar con definición anual inequívoca.
2015,caracteristicas,espaciosconconexionenlabibliotecas,,Característica de localización,por verificar,no,No comparable,Unidad agregada ambigua y cambios de esquema/nombre.,Excluida hasta contar con definición anual inequívoca.
2015,caracteristicas,espaciosconconexionenlasaulas,,Característica de localización,por verificar,no,No comparable,Unidad agregada ambigua y cambios de esquema/nombre.,Excluida hasta contar con definición anual inequívoca.
2015,caracteristicas,espaciosconconexionenotroespaciodelestablecimiento,,Característica de localización,por verificar,no,No comparable,Unidad agregada ambigua y cambios de esquema/nombre.,Excluida hasta contar con definición anual inequívoca.
2015,caracteristicas,internettipodeconexionadsl,,Característica de localización,por verificar,no,No comparable,Unidad agregada ambigua y cambios de esquema/nombre.,Excluida hasta contar con definición anual inequívoca.
2015,caracteristicas,internettipodeconexioncablemodem,,Característica de localización,por verificar,no,No comparable,Unidad agregada ambigua y cambios de esquema/nombre.,Excluida hasta contar con definición anual inequívoca.
2015,caracteristicas,internettipodeconexionmovil,,Característica de localización,por verificar,no,No comparable,Unidad agregada ambigua y cambios de esquema/nombre.,Excluida hasta contar con definición anual inequívoca.
2015,caracteristicas,internettipodeconexionotrotipo,,Característica de localización,por verificar,no,No comparable,Unidad agregada ambigua y cambios de esquema/nombre.,Excluida hasta contar con definición anual inequívoca.
2015,caracteristicas,internettipodeconexionsatelital,,Característica de localización,por verificar,no,No comparable,Unidad agregada ambigua y cambios de esquema/nombre.,Excluida hasta contar con definición anual inequívoca.
2015,caracteristicas,internettipodeconexiontelefonica,,Característica de localización,por verificar,no,No comparable,Unidad agregada ambigua y cambios de esquema/nombre.,Excluida hasta contar con definición anual inequívoca.
2015,caracteristicas,internettipodeserviciogratuito,,Característica de localización,por verificar,no,No comparable,Unidad agregada ambigua y cambios de esquema/nombre.,Excluida hasta contar con definición anual inequívoca.
2015,caracteristicas,internettipodeserviciopago,,Característica de localización,por verificar,no,No comparable,Unidad agregada ambigua y cambios de esquema/nombre.,Excluida hasta contar con definición anual inequívoca.
2015,caracteristicas,laboratoriofuncionaesespacioexclusivosi,,Característica de localización,por verificar,no,No comparable,Unidad agregada ambigua y cambios de esquema/nombre.,Excluida hasta contar con definición anual inequívoca.
2015,caracteristicas,sistemadegestionescolardesarrolladoporterceros,,Característica de localización,por verificar,no,No comparable,Unidad agregada ambigua y cambios de esquema/nombre.,Excluida hasta contar con definición anual inequívoca.
2015,caracteristicas,sistemadegestionescolarencargadoporelestablecimiento,,Característica de localización,por verificar,no,No comparable,Unidad agregada ambigua y cambios de esquema/nombre.,Excluida hasta contar con definición anual inequívoca.
2015,caracteristicas,sistemadegestionescolarplanilladecalculo,,Característica de localización,por verificar,no,No comparable,Unidad agregada ambigua y cambios de esquema/nombre.,Excluida hasta contar con definición anual inequívoca.
2015,caracteristicas,sistemadegestionescolarprovistoporelministerio,,Característica de localización,por verificar,no,No comparable,Unidad agregada ambigua y cambios de esquema/nombre.,Excluida hasta contar con definición anual inequívoca.
2015,caracteristicas,sistemadegestionescolarsi,,Característica de localización,por verificar,no,No comparable,Unidad agregada ambigua y cambios de esquema/nombre.,Excluida hasta contar con definición anual inequívoca.
2015,caracteristicas,subvencionestataljardindeinfantessi,,Característica de localización,por verificar,no,No comparable,Unidad agregada ambigua y cambios de esquema/nombre.,Excluida hasta contar con definición anual inequívoca.
2015,caracteristicas,subvencionestataljardinmaternalsi,,Característica de localización,por verificar,no,No comparable,Unidad agregada ambigua y cambios de esquema/nombre.,Excluida hasta contar con definición anual inequívoca.
2015,caracteristicas,subvencionestatalprimariasi,,Característica de localización,por verificar,no,No comparable,Unidad agregada ambigua y cambios de esquema/nombre.,Excluida hasta contar con definición anual inequívoca.
2015,caracteristicas,subvencionestatalsecundariasi,,Característica de localización,por verificar,no,No comparable,Unidad agregada ambigua y cambios de esquema/nombre.,Excluida hasta contar con definición anual inequívoca.
2015,caracteristicas,subvencionestatalsnusi,,Característica de localización,por verificar,no,No comparable,Unidad agregada ambigua y cambios de esquema/nombre.,Excluida hasta contar con definición anual inequívoca.
2015,derivada,repitentes/matricula_grados_comparables,proporcion_repitentes,Cociente exploratorio recalculado desde conteos comparables,proporción,sí con advertencia,Media,"Fórmula estable, pero no es tasa oficial y su interpretación atraviesa discontinuidades administrativas potenciales.",No se almacena en el parquet largo; se recalcula. Cautela especial en 2020–2022.
2015,derivada,salidos_sin_pase/matricula_inicial,proporcion_salidos_sin_pase,Cociente exploratorio recalculado desde conteos comparables,proporción,sí con advertencia,Media,"Fórmula estable, pero no es tasa oficial y su interpretación atraviesa discontinuidades administrativas potenciales.",No se almacena en el parquet largo; se recalcula. Cautela especial en 2020–2022.
2015,derivada,sobreedad/matricula_grados_comparables,proporcion_sobreedad,Cociente exploratorio recalculado desde conteos comparables,proporción,sí con advertencia,Media,"Fórmula estable, pero no es tasa oficial y su interpretación atraviesa discontinuidades administrativas potenciales.",No se almacena en el parquet largo; se recalcula. Cautela especial en 2020–2022.
2015,matricula,campo_1+campo_2+campo_3+campo_4+campo_5+campo_6+campo_7+campo_8+campo_9+campo_10+campo_11+campo_12+campo_1314,matricula_grados_comparables,Matrícula en años de estudio con repitencia y sobreedad comparables,conteo,sí,Alta,Mismas columnas componentes y mismo grano en los 15 archivos; definición común en el diccionario oficial.,No incorporar la categoría _20 añadida desde 2023; conservar sector y ámbito.
2015,matricula,lactantes+deambulantes+s2+s3+s4+s5+campo_1+campo_2+campo_3+campo_4+campo_5+campo_6+campo_7+campo_8+campo_9+campo_10+campo_11+campo_12+campo_1314+snu,matricula_total,Matrícula en categorías comunes a todos los años,conteo,sí,Alta,Mismas columnas componentes y mismo grano en los 15 archivos; definición común en el diccionario oficial.,No incorporar la categoría _20 añadida desde 2023; conservar sector y ámbito.
2015,matricula,r_1+r_2+r_3+r_4+r_5+r_6+r_7+r_8+r_9+r_10+r_11+r_12+r_1314,repitentes,Estudiantes repitentes en categorías comunes,conteo,sí,Alta,Mismas columnas componentes y mismo grano en los 15 archivos; definición común en el diccionario oficial.,No incorporar la categoría _20 añadida desde 2023; conservar sector y ámbito.
2015,matricula,s_1+s_2+s_3+s_4+s_5+s_6+s_7+s_8+s_9+s_10+s_11+s_12+s_1314,sobreedad,Estudiantes con sobreedad en categorías comunes,conteo,sí,Alta,Mismas columnas componentes y mismo grano en los 15 archivos; definición común en el diccionario oficial.,No incorporar la categoría _20 añadida desde 2023; conservar sector y ámbito.
2015,matricula,s_deambulantes,,Sobreedad en categorías de inicial,conteo,no,No comparable,Definición ambigua/inconsistente en el diccionario disponible.,No se usa sustantivamente.
2015,matricula,s_lactantes,,Sobreedad en categorías de inicial,conteo,no,No comparable,Definición ambigua/inconsistente en el diccionario disponible.,No se usa sustantivamente.
2015,matricula,s_s2,,Sobreedad en categorías de inicial,conteo,no,No comparable,Definición ambigua/inconsistente en el diccionario disponible.,No se usa sustantivamente.
2015,matricula,s_s3,,Sobreedad en categorías de inicial,conteo,no,No comparable,Definición ambigua/inconsistente en el diccionario disponible.,No se usa sustantivamente.
2015,matricula,s_s4,,Sobreedad en categorías de inicial,conteo,no,No comparable,Definición ambigua/inconsistente en el diccionario disponible.,No se usa sustantivamente.
2015,matricula,s_s5,,Sobreedad en categorías de inicial,conteo,no,No comparable,Definición ambigua/inconsistente en el diccionario disponible.,No se usa sustantivamente.
2015,trayectoria,inicial_1+inicial_2+inicial_3+inicial_4+inicial_5+inicial_6+inicial_7+inicial_8+inicial_9+inicial_10+inicial_11+inicial_12+inicial_1314,matricula_inicial,Matrícula inicial en categorías comunes,conteo,sí,Alta,Mismas columnas componentes y mismo grano en los 15 archivos; definición común en el diccionario oficial.,No incorporar la categoría _20 añadida desde 2023; conservar sector y ámbito.
2015,trayectoria,nopromo_1+nopromo_2+nopromo_3+nopromo_4+nopromo_5+nopromo_6+nopromo_7+nopromo_8+nopromo_9+nopromo_10+nopromo_11+nopromo_12+nopromo_1314,no_promovidos,No promovidos en categorías comunes,conteo,sí,Alta,Mismas columnas componentes y mismo grano en los 15 archivos; definición común en el diccionario oficial.,No incorporar la categoría _20 añadida desde 2023; conservar sector y ámbito.
2015,trayectoria,primaria_egresados,egresados_primaria,Egresados de primaria,conteo,sí,Alta,Mismas columnas componentes y mismo grano en los 15 archivos; definición común en el diccionario oficial.,No incorporar la categoría _20 añadida desde 2023; conservar sector y ámbito.
2015,trayectoria,promovidos_1+promovidos_2+promovidos_3+promovidos_4+promovidos_5+promovidos_6+promovidos_7+promovidos_8+promovidos_9+promovidos_10+promovidos_11+promovidos_12+promovidos_1314,promovidos,Promovidos en categorías comunes,conteo,sí,Alta,Mismas columnas componentes y mismo grano en los 15 archivos; definición común en el diccionario oficial.,No incorporar la categoría _20 añadida desde 2023; conservar sector y ámbito.
2015,trayectoria,scp_1+scp_2+scp_3+scp_4+scp_5+scp_6+scp_7+scp_8+scp_9+scp_10+scp_11+scp_12+scp_1314,salidos_con_pase,Salidos con pase en categorías comunes,conteo,sí,Alta,Mismas columnas componentes y mismo grano en los 15 archivos; definición común en el diccionario oficial.,No incorporar la categoría _20 añadida desde 2023; conservar sector y ámbito.
2015,trayectoria,secundaria_egresados,egresados_secundaria,Egresados de secundaria,conteo,sí,Alta,Mismas columnas componentes y mismo grano en los 15 archivos; definición común en el diccionario oficial.,No incorporar la categoría _20 añadida desde 2023; conservar sector y ámbito.
2015,trayectoria,ssp_1+ssp_2+ssp_3+ssp_4+ssp_5+ssp_6+ssp_7+ssp_8+ssp_9+ssp_10+ssp_11+ssp_12+ssp_1314,salidos_sin_pase,Salidos sin pase en categorías comunes,conteo,sí,Alta,Mismas columnas componentes y mismo grano en los 15 archivos; definición común en el diccionario oficial.,No incorporar la categoría _20 añadida desde 2023; conservar sector y ámbito.
2015,trayectoria,ultimo_1+ultimo_2+ultimo_3+ultimo_4+ultimo_5+ultimo_6+ultimo_7+ultimo_8+ultimo_9+ultimo_10+ultimo_11+ultimo_12+ultimo_1314,matricula_ultimo_dia,Matrícula al último día de clase en categorías comunes,conteo,sí,Alta,Mismas columnas componentes y mismo grano en los 15 archivos; definición común en el diccionario oficial.,No incorporar la categoría _20 añadida desde 2023; conservar sector y ámbito.
2016,caracteristicas,localizacion,localizaciones,Cantidad de localizaciones educativas,conteo,sí,Alta,Mismas columnas componentes y mismo grano en los 15 archivos; definición común en el diccionario oficial.,No incorporar la categoría _20 añadida desde 2023; conservar sector y ámbito.
2016,caracteristicas,bibliotecadisponedealmenosunasi,,Característica de localización,por verificar,no,No comparable,Unidad agregada ambigua y cambios de esquema/nombre.,Excluida hasta contar con definición anual inequívoca.
2016,caracteristicas,bibliotecafuncionaesespacioexclusivosi,,Característica de localización,por verificar,no,No comparable,Unidad agregada ambigua y cambios de esquema/nombre.,Excluida hasta contar con definición anual inequívoca.
2016,caracteristicas,cooperadoraconpersoneriajuridica,,Característica de localización,por verificar,no,No comparable,Unidad agregada ambigua y cambios de esquema/nombre.,Excluida hasta contar con definición anual inequívoca.
2016,caracteristicas,cooperadorano,,Característica de localización,por verificar,no,No comparable,Unidad agregada ambigua y cambios de esquema/nombre.,Excluida hasta contar con definición anual inequívoca.
2016,caracteristicas,cooperadorasinpersoneriajuridica,,Característica de localización,por verificar,no,No comparable,Unidad agregada ambigua y cambios de esquema/nombre.,Excluida hasta contar con definición anual inequívoca.
2016,caracteristicas,disponedesalaolaboratoriodeinformaticasi,,Característica de localización,por verificar,no,No comparable,Unidad agregada ambigua y cambios de esquema/nombre.,Excluida hasta contar con definición anual inequívoca.
2016,caracteristicas,electricidadgeneradoreolico,,Característica de localización,por verificar,no,No comparable,Unidad agregada ambigua y cambios de esquema/nombre.,Excluida hasta contar con definición anual inequívoca.
2016,caracteristicas,electricidadgeneradorhidraulico,,Característica de localización,por verificar,no,No comparable,Unidad agregada ambigua y cambios de esquema/nombre.,Excluida hasta contar con definición anual inequívoca.
2016,caracteristicas,electricidadgrupoelectrogeno,,Característica de localización,por verificar,no,No comparable,Unidad agregada ambigua y cambios de esquema/nombre.,Excluida hasta contar con definición anual inequívoca.
2016,caracteristicas,electricidadotro,,Característica de localización,por verificar,no,No comparable,Unidad agregada ambigua y cambios de esquema/nombre.,Excluida hasta contar con definición anual inequívoca.
2016,caracteristicas,electricidadpanelfotovoltaicosolar,,Característica de localización,por verificar,no,No comparable,Unidad agregada ambigua y cambios de esquema/nombre.,Excluida hasta contar con definición anual inequívoca.
2016,caracteristicas,electricidadredpublica,,Característica de localización,por verificar,no,No comparable,Unidad agregada ambigua y cambios de esquema/nombre.,Excluida hasta contar con definición anual inequívoca.
2016,caracteristicas,electricidadsi,,Característica de localización,por verificar,no,No comparable,Unidad agregada ambigua y cambios de esquema/nombre.,Excluida hasta contar con definición anual inequívoca.
2016,caracteristicas,equipamientobibliotecaequipamientobibliotecawebcam,,Característica de localización,por verificar,no,No comparable,Unidad agregada ambigua y cambios de esquema/nombre.,Excluida hasta contar con definición anual inequívoca.
2016,caracteristicas,equipamientobibliotecaequipoemisorderadioamfm,,Característica de localización,por verificar,no,No comparable,Unidad agregada ambigua y cambios de esquema/nombre.,Excluida hasta contar con definición anual inequívoca.
2016,caracteristicas,equipamientobibliotecaequiporeceptorderadioamfm,,Característica de localización,por verificar,no,No comparable,Unidad agregada ambigua y cambios de esquema/nombre.,Excluida hasta contar con definición anual inequívoca.
2016,caracteristicas,equipamientobibliotecaimpresora,,Característica de localización,por verificar,no,No comparable,Unidad agregada ambigua y cambios de esquema/nombre.,Excluida hasta contar con definición anual inequívoca.
2016,caracteristicas,equipamientobibliotecareproductordecd,,Característica de localización,por verificar,no,No comparable,Unidad agregada ambigua y cambios de esquema/nombre.,Excluida hasta contar con definición anual inequívoca.
2016,caracteristicas,equipamientobibliotecareproductordedvd,,Característica de localización,por verificar,no,No comparable,Unidad agregada ambigua y cambios de esquema/nombre.,Excluida hasta contar con definición anual inequívoca.
2016,caracteristicas,equipamientobibliotecascanner,,Característica de localización,por verificar,no,No comparable,Unidad agregada ambigua y cambios de esquema/nombre.,Excluida hasta contar con definición anual inequívoca.
2016,caracteristicas,equipamientobibliotecaservidorparausoescolar,,Característica de localización,por verificar,no,No comparable,Unidad agregada ambigua y cambios de esquema/nombre.,Excluida hasta contar con definición anual inequívoca.
2016,caracteristicas,equipamientobibliotecasistemamultimediaocanon,,Característica de localización,por verificar,no,No comparable,Unidad agregada ambigua y cambios de esquema/nombre.,Excluida hasta contar con definición anual inequívoca.
2016,caracteristicas,equipamientobibliotecatelevisor,,Característica de localización,por verificar,no,No comparable,Unidad agregada ambigua y cambios de esquema/nombre.,Excluida hasta contar con definición anual inequívoca.
2016,caracteristicas,equipamientoestablecimientoequipodesonido,,Característica de localización,por verificar,no,No comparable,Unidad agregada ambigua y cambios de esquema/nombre.,Excluida hasta contar con definición anual inequívoca.
2016,caracteristicas,equipamientoestablecimientoequipoemisorderadioamfm,,Característica de localización,por verificar,no,No comparable,Unidad agregada ambigua y cambios de esquema/nombre.,Excluida hasta contar con definición anual inequívoca.
2016,caracteristicas,equipamientoestablecimientoequiporeceptorderadioamfm,,Característica de localización,por verificar,no,No comparable,Unidad agregada ambigua y cambios de esquema/nombre.,Excluida hasta contar con definición anual inequívoca.
2016,caracteristicas,equipamientoestablecimientoimpresora,,Característica de localización,por verificar,no,No comparable,Unidad agregada ambigua y cambios de esquema/nombre.,Excluida hasta contar con definición anual inequívoca.
2016,caracteristicas,equipamientoestablecimientoimpresora3d,,Característica de localización,por verificar,no,No comparable,Unidad agregada ambigua y cambios de esquema/nombre.,Excluida hasta contar con definición anual inequívoca.
2016,caracteristicas,equipamientoestablecimientopizarrasdigitales,,Característica de localización,por verificar,no,No comparable,Unidad agregada ambigua y cambios de esquema/nombre.,Excluida hasta contar con definición anual inequívoca.
2016,caracteristicas,equipamientoestablecimientoreproductordecd,,Característica de localización,por verificar,no,No comparable,Unidad agregada ambigua y cambios de esquema/nombre.,Excluida hasta contar con definición anual inequívoca.
2016,caracteristicas,equipamientoestablecimientoreproductordedvd,,Característica de localización,por verificar,no,No comparable,Unidad agregada ambigua y cambios de esquema/nombre.,Excluida hasta contar con definición anual inequívoca.
2016,caracteristicas,equipamientoestablecimientoscanner,,Característica de localización,por verificar,no,No comparable,Unidad agregada ambigua y cambios de esquema/nombre.,Excluida hasta contar con definición anual inequívoca.
2016,caracteristicas,equipamientoestablecimientoservidorparausoescolar,,Característica de localización,por verificar,no,No comparable,Unidad agregada ambigua y cambios de esquema/nombre.,Excluida hasta contar con definición anual inequívoca.
2016,caracteristicas,equipamientoestablecimientosistemamultimediaocanon,,Característica de localización,por verificar,no,No comparable,Unidad agregada ambigua y cambios de esquema/nombre.,Excluida hasta contar con definición anual inequívoca.
2016,caracteristicas,equipamientoestablecimientotelevisor,,Característica de localización,por verificar,no,No comparable,Unidad agregada ambigua y cambios de esquema/nombre.,Excluida hasta contar con definición anual inequívoca.
2016,caracteristicas,equipamientoestablecimientowebcam,,Característica de localización,por verificar,no,No comparable,Unidad agregada ambigua y cambios de esquema/nombre.,Excluida hasta contar con definición anual inequívoca.
2016,caracteristicas,espaciosconconexionenelareadeadministracion,,Característica de localización,por verificar,no,No comparable,Unidad agregada ambigua y cambios de esquema/nombre.,Excluida hasta contar con definición anual inequívoca.
2016,caracteristicas,espaciosconconexionenellaboratorio,,Característica de localización,por verificar,no,No comparable,Unidad agregada ambigua y cambios de esquema/nombre.,Excluida hasta contar con definición anual inequívoca.
2016,caracteristicas,espaciosconconexionenlabibliotecas,,Característica de localización,por verificar,no,No comparable,Unidad agregada ambigua y cambios de esquema/nombre.,Excluida hasta contar con definición anual inequívoca.
2016,caracteristicas,espaciosconconexionenlasaulas,,Característica de localización,por verificar,no,No comparable,Unidad agregada ambigua y cambios de esquema/nombre.,Excluida hasta contar con definición anual inequívoca.
2016,caracteristicas,espaciosconconexionenotroespaciodelestablecimiento,,Característica de localización,por verificar,no,No comparable,Unidad agregada ambigua y cambios de esquema/nombre.,Excluida hasta contar con definición anual inequívoca.
2016,caracteristicas,internettipodeconexionadsl,,Característica de localización,por verificar,no,No comparable,Unidad agregada ambigua y cambios de esquema/nombre.,Excluida hasta contar con definición anual inequívoca.
2016,caracteristicas,internettipodeconexioncablemodem,,Característica de localización,por verificar,no,No comparable,Unidad agregada ambigua y cambios de esquema/nombre.,Excluida hasta contar con definición anual inequívoca.
2016,caracteristicas,internettipodeconexionmovil,,Característica de localización,por verificar,no,No comparable,Unidad agregada ambigua y cambios de esquema/nombre.,Excluida hasta contar con definición anual inequívoca.
2016,caracteristicas,internettipodeconexionotrotipo,,Característica de localización,por verificar,no,No comparable,Unidad agregada ambigua y cambios de esquema/nombre.,Excluida hasta contar con definición anual inequívoca.
2016,caracteristicas,internettipodeconexionsatelital,,Característica de localización,por verificar,no,No comparable,Unidad agregada ambigua y cambios de esquema/nombre.,Excluida hasta contar con definición anual inequívoca.
2016,caracteristicas,internettipodeconexiontelefonica,,Característica de localización,por verificar,no,No comparable,Unidad agregada ambigua y cambios de esquema/nombre.,Excluida hasta contar con definición anual inequívoca.
2016,caracteristicas,internettipodeserviciogratuito,,Característica de localización,por verificar,no,No comparable,Unidad agregada ambigua y cambios de esquema/nombre.,Excluida hasta contar con definición anual inequívoca.
2016,caracteristicas,internettipodeserviciopago,,Característica de localización,por verificar,no,No comparable,Unidad agregada ambigua y cambios de esquema/nombre.,Excluida hasta contar con definición anual inequívoca.
2016,caracteristicas,laboratoriofuncionaesespacioexclusivosi,,Característica de localización,por verificar,no,No comparable,Unidad agregada ambigua y cambios de esquema/nombre.,Excluida hasta contar con definición anual inequívoca.
2016,caracteristicas,sistemadegestionescolardesarrolladoporterceros,,Característica de localización,por verificar,no,No comparable,Unidad agregada ambigua y cambios de esquema/nombre.,Excluida hasta contar con definición anual inequívoca.
2016,caracteristicas,sistemadegestionescolarencargadoporelestablecimiento,,Característica de localización,por verificar,no,No comparable,Unidad agregada ambigua y cambios de esquema/nombre.,Excluida hasta contar con definición anual inequívoca.
2016,caracteristicas,sistemadegestionescolarplanilladecalculo,,Característica de localización,por verificar,no,No comparable,Unidad agregada ambigua y cambios de esquema/nombre.,Excluida hasta contar con definición anual inequívoca.
2016,caracteristicas,sistemadegestionescolarprovistoporelministerio,,Característica de localización,por verificar,no,No comparable,Unidad agregada ambigua y cambios de esquema/nombre.,Excluida hasta contar con definición anual inequívoca.
2016,caracteristicas,sistemadegestionescolarsi,,Característica de localización,por verificar,no,No comparable,Unidad agregada ambigua y cambios de esquema/nombre.,Excluida hasta contar con definición anual inequívoca.
2016,caracteristicas,subvencionestataljardindeinfantessi,,Característica de localización,por verificar,no,No comparable,Unidad agregada ambigua y cambios de esquema/nombre.,Excluida hasta contar con definición anual inequívoca.
2016,caracteristicas,subvencionestataljardinmaternalsi,,Característica de localización,por verificar,no,No comparable,Unidad agregada ambigua y cambios de esquema/nombre.,Excluida hasta contar con definición anual inequívoca.
2016,caracteristicas,subvencionestatalprimariasi,,Característica de localización,por verificar,no,No comparable,Unidad agregada ambigua y cambios de esquema/nombre.,Excluida hasta contar con definición anual inequívoca.
2016,caracteristicas,subvencionestatalsecundariasi,,Característica de localización,por verificar,no,No comparable,Unidad agregada ambigua y cambios de esquema/nombre.,Excluida hasta contar con definición anual inequívoca.
2016,caracteristicas,subvencionestatalsnusi,,Característica de localización,por verificar,no,No comparable,Unidad agregada ambigua y cambios de esquema/nombre.,Excluida hasta contar con definición anual inequívoca.
2016,derivada,repitentes/matricula_grados_comparables,proporcion_repitentes,Cociente exploratorio recalculado desde conteos comparables,proporción,sí con advertencia,Media,"Fórmula estable, pero no es tasa oficial y su interpretación atraviesa discontinuidades administrativas potenciales.",No se almacena en el parquet largo; se recalcula. Cautela especial en 2020–2022.
2016,derivada,salidos_sin_pase/matricula_inicial,proporcion_salidos_sin_pase,Cociente exploratorio recalculado desde conteos comparables,proporción,sí con advertencia,Media,"Fórmula estable, pero no es tasa oficial y su interpretación atraviesa discontinuidades administrativas potenciales.",No se almacena en el parquet largo; se recalcula. Cautela especial en 2020–2022.
2016,derivada,sobreedad/matricula_grados_comparables,proporcion_sobreedad,Cociente exploratorio recalculado desde conteos comparables,proporción,sí con advertencia,Media,"Fórmula estable, pero no es tasa oficial y su interpretación atraviesa discontinuidades administrativas potenciales.",No se almacena en el parquet largo; se recalcula. Cautela especial en 2020–2022.
2016,matricula,campo_1+campo_2+campo_3+campo_4+campo_5+campo_6+campo_7+campo_8+campo_9+campo_10+campo_11+campo_12+campo_1314,matricula_grados_comparables,Matrícula en años de estudio con repitencia y sobreedad comparables,conteo,sí,Alta,Mismas columnas componentes y mismo grano en los 15 archivos; definición común en el diccionario oficial.,No incorporar la categoría _20 añadida desde 2023; conservar sector y ámbito.
2016,matricula,lactantes+deambulantes+s2+s3+s4+s5+campo_1+campo_2+campo_3+campo_4+campo_5+campo_6+campo_7+campo_8+campo_9+campo_10+campo_11+campo_12+campo_1314+snu,matricula_total,Matrícula en categorías comunes a todos los años,conteo,sí,Alta,Mismas columnas componentes y mismo grano en los 15 archivos; definición común en el diccionario oficial.,No incorporar la categoría _20 añadida desde 2023; conservar sector y ámbito.
2016,matricula,r_1+r_2+r_3+r_4+r_5+r_6+r_7+r_8+r_9+r_10+r_11+r_12+r_1314,repitentes,Estudiantes repitentes en categorías comunes,conteo,sí,Alta,Mismas columnas componentes y mismo grano en los 15 archivos; definición común en el diccionario oficial.,No incorporar la categoría _20 añadida desde 2023; conservar sector y ámbito.
2016,matricula,s_1+s_2+s_3+s_4+s_5+s_6+s_7+s_8+s_9+s_10+s_11+s_12+s_1314,sobreedad,Estudiantes con sobreedad en categorías comunes,conteo,sí,Alta,Mismas columnas componentes y mismo grano en los 15 archivos; definición común en el diccionario oficial.,No incorporar la categoría _20 añadida desde 2023; conservar sector y ámbito.
2016,matricula,s_deambulantes,,Sobreedad en categorías de inicial,conteo,no,No comparable,Definición ambigua/inconsistente en el diccionario disponible.,No se usa sustantivamente.
2016,matricula,s_lactantes,,Sobreedad en categorías de inicial,conteo,no,No comparable,Definición ambigua/inconsistente en el diccionario disponible.,No se usa sustantivamente.
2016,matricula,s_s2,,Sobreedad en categorías de inicial,conteo,no,No comparable,Definición ambigua/inconsistente en el diccionario disponible.,No se usa sustantivamente.
2016,matricula,s_s3,,Sobreedad en categorías de inicial,conteo,no,No comparable,Definición ambigua/inconsistente en el diccionario disponible.,No se usa sustantivamente.
2016,matricula,s_s4,,Sobreedad en categorías de inicial,conteo,no,No comparable,Definición ambigua/inconsistente en el diccionario disponible.,No se usa sustantivamente.
2016,matricula,s_s5,,Sobreedad en categorías de inicial,conteo,no,No comparable,Definición ambigua/inconsistente en el diccionario disponible.,No se usa sustantivamente.
2016,trayectoria,inicial_1+inicial_2+inicial_3+inicial_4+inicial_5+inicial_6+inicial_7+inicial_8+inicial_9+inicial_10+inicial_11+inicial_12+inicial_1314,matricula_inicial,Matrícula inicial en categorías comunes,conteo,sí,Alta,Mismas columnas componentes y mismo grano en los 15 archivos; definición común en el diccionario oficial.,No incorporar la categoría _20 añadida desde 2023; conservar sector y ámbito.
2016,trayectoria,nopromo_1+nopromo_2+nopromo_3+nopromo_4+nopromo_5+nopromo_6+nopromo_7+nopromo_8+nopromo_9+nopromo_10+nopromo_11+nopromo_12+nopromo_1314,no_promovidos,No promovidos en categorías comunes,conteo,sí,Alta,Mismas columnas componentes y mismo grano en los 15 archivos; definición común en el diccionario oficial.,No incorporar la categoría _20 añadida desde 2023; conservar sector y ámbito.
2016,trayectoria,primaria_egresados,egresados_primaria,Egresados de primaria,conteo,sí,Alta,Mismas columnas componentes y mismo grano en los 15 archivos; definición común en el diccionario oficial.,No incorporar la categoría _20 añadida desde 2023; conservar sector y ámbito.
2016,trayectoria,promovidos_1+promovidos_2+promovidos_3+promovidos_4+promovidos_5+promovidos_6+promovidos_7+promovidos_8+promovidos_9+promovidos_10+promovidos_11+promovidos_12+promovidos_1314,promovidos,Promovidos en categorías comunes,conteo,sí,Alta,Mismas columnas componentes y mismo grano en los 15 archivos; definición común en el diccionario oficial.,No incorporar la categoría _20 añadida desde 2023; conservar sector y ámbito.
2016,trayectoria,scp_1+scp_2+scp_3+scp_4+scp_5+scp_6+scp_7+scp_8+scp_9+scp_10+scp_11+scp_12+scp_1314,salidos_con_pase,Salidos con pase en categorías comunes,conteo,sí,Alta,Mismas columnas componentes y mismo grano en los 15 archivos; definición común en el diccionario oficial.,No incorporar la categoría _20 añadida desde 2023; conservar sector y ámbito.
2016,trayectoria,secundaria_egresados,egresados_secundaria,Egresados de secundaria,conteo,sí,Alta,Mismas columnas componentes y mismo grano en los 15 archivos; definición común en el diccionario oficial.,No incorporar la categoría _20 añadida desde 2023; conservar sector y ámbito.
2016,trayectoria,ssp_1+ssp_2+ssp_3+ssp_4+ssp_5+ssp_6+ssp_7+ssp_8+ssp_9+ssp_10+ssp_11+ssp_12+ssp_1314,salidos_sin_pase,Salidos sin pase en categorías comunes,conteo,sí,Alta,Mismas columnas componentes y mismo grano en los 15 archivos; definición común en el diccionario oficial.,No incorporar la categoría _20 añadida desde 2023; conservar sector y ámbito.
2016,trayectoria,ultimo_1+ultimo_2+ultimo_3+ultimo_4+ultimo_5+ultimo_6+ultimo_7+ultimo_8+ultimo_9+ultimo_10+ultimo_11+ultimo_12+ultimo_1314,matricula_ultimo_dia,Matrícula al último día de clase en categorías comunes,conteo,sí,Alta,Mismas columnas componentes y mismo grano en los 15 archivos; definición común en el diccionario oficial.,No incorporar la categoría _20 añadida desde 2023; conservar sector y ámbito.
2017,caracteristicas,localizacion,localizaciones,Cantidad de localizaciones educativas,conteo,sí,Alta,Mismas columnas componentes y mismo grano en los 15 archivos; definición común en el diccionario oficial.,No incorporar la categoría _20 añadida desde 2023; conservar sector y ámbito.
2017,caracteristicas,bibliotecadisponedealmenosunasi,,Característica de localización,por verificar,no,No comparable,Unidad agregada ambigua y cambios de esquema/nombre.,Excluida hasta contar con definición anual inequívoca.
2017,caracteristicas,bibliotecafuncionaesespacioexclusivosi,,Característica de localización,por verificar,no,No comparable,Unidad agregada ambigua y cambios de esquema/nombre.,Excluida hasta contar con definición anual inequívoca.
2017,caracteristicas,cooperadoraconpersoneriajuridica,,Característica de localización,por verificar,no,No comparable,Unidad agregada ambigua y cambios de esquema/nombre.,Excluida hasta contar con definición anual inequívoca.
2017,caracteristicas,cooperadorano,,Característica de localización,por verificar,no,No comparable,Unidad agregada ambigua y cambios de esquema/nombre.,Excluida hasta contar con definición anual inequívoca.
2017,caracteristicas,cooperadorasinpersoneriajuridica,,Característica de localización,por verificar,no,No comparable,Unidad agregada ambigua y cambios de esquema/nombre.,Excluida hasta contar con definición anual inequívoca.
2017,caracteristicas,disponedesalaolaboratoriodeinformaticasi,,Característica de localización,por verificar,no,No comparable,Unidad agregada ambigua y cambios de esquema/nombre.,Excluida hasta contar con definición anual inequívoca.
2017,caracteristicas,electricidadgeneradoreolico,,Característica de localización,por verificar,no,No comparable,Unidad agregada ambigua y cambios de esquema/nombre.,Excluida hasta contar con definición anual inequívoca.
2017,caracteristicas,electricidadgeneradorhidraulico,,Característica de localización,por verificar,no,No comparable,Unidad agregada ambigua y cambios de esquema/nombre.,Excluida hasta contar con definición anual inequívoca.
2017,caracteristicas,electricidadgrupoelectrogeno,,Característica de localización,por verificar,no,No comparable,Unidad agregada ambigua y cambios de esquema/nombre.,Excluida hasta contar con definición anual inequívoca.
2017,caracteristicas,electricidadotro,,Característica de localización,por verificar,no,No comparable,Unidad agregada ambigua y cambios de esquema/nombre.,Excluida hasta contar con definición anual inequívoca.
2017,caracteristicas,electricidadpanelfotovoltaicosolar,,Característica de localización,por verificar,no,No comparable,Unidad agregada ambigua y cambios de esquema/nombre.,Excluida hasta contar con definición anual inequívoca.
2017,caracteristicas,electricidadredpublica,,Característica de localización,por verificar,no,No comparable,Unidad agregada ambigua y cambios de esquema/nombre.,Excluida hasta contar con definición anual inequívoca.
2017,caracteristicas,electricidadsi,,Característica de localización,por verificar,no,No comparable,Unidad agregada ambigua y cambios de esquema/nombre.,Excluida hasta contar con definición anual inequívoca.
2017,caracteristicas,equipamientobibliotecaequipamientobibliotecawebcam,,Característica de localización,por verificar,no,No comparable,Unidad agregada ambigua y cambios de esquema/nombre.,Excluida hasta contar con definición anual inequívoca.
2017,caracteristicas,equipamientobibliotecaequipoemisorderadioamfm,,Característica de localización,por verificar,no,No comparable,Unidad agregada ambigua y cambios de esquema/nombre.,Excluida hasta contar con definición anual inequívoca.
2017,caracteristicas,equipamientobibliotecaequiporeceptorderadioamfm,,Característica de localización,por verificar,no,No comparable,Unidad agregada ambigua y cambios de esquema/nombre.,Excluida hasta contar con definición anual inequívoca.
2017,caracteristicas,equipamientobibliotecaimpresora,,Característica de localización,por verificar,no,No comparable,Unidad agregada ambigua y cambios de esquema/nombre.,Excluida hasta contar con definición anual inequívoca.
2017,caracteristicas,equipamientobibliotecareproductordecd,,Característica de localización,por verificar,no,No comparable,Unidad agregada ambigua y cambios de esquema/nombre.,Excluida hasta contar con definición anual inequívoca.
2017,caracteristicas,equipamientobibliotecareproductordedvd,,Característica de localización,por verificar,no,No comparable,Unidad agregada ambigua y cambios de esquema/nombre.,Excluida hasta contar con definición anual inequívoca.
2017,caracteristicas,equipamientobibliotecascanner,,Característica de localización,por verificar,no,No comparable,Unidad agregada ambigua y cambios de esquema/nombre.,Excluida hasta contar con definición anual inequívoca.
2017,caracteristicas,equipamientobibliotecaservidorparausoescolar,,Característica de localización,por verificar,no,No comparable,Unidad agregada ambigua y cambios de esquema/nombre.,Excluida hasta contar con definición anual inequívoca.
2017,caracteristicas,equipamientobibliotecasistemamultimediaocanon,,Característica de localización,por verificar,no,No comparable,Unidad agregada ambigua y cambios de esquema/nombre.,Excluida hasta contar con definición anual inequívoca.
2017,caracteristicas,equipamientobibliotecatelevisor,,Característica de localización,por verificar,no,No comparable,Unidad agregada ambigua y cambios de esquema/nombre.,Excluida hasta contar con definición anual inequívoca.
2017,caracteristicas,equipamientoestablecimientoequipodesonido,,Característica de localización,por verificar,no,No comparable,Unidad agregada ambigua y cambios de esquema/nombre.,Excluida hasta contar con definición anual inequívoca.
2017,caracteristicas,equipamientoestablecimientoequipoemisorderadioamfm,,Característica de localización,por verificar,no,No comparable,Unidad agregada ambigua y cambios de esquema/nombre.,Excluida hasta contar con definición anual inequívoca.
2017,caracteristicas,equipamientoestablecimientoequiporeceptorderadioamfm,,Característica de localización,por verificar,no,No comparable,Unidad agregada ambigua y cambios de esquema/nombre.,Excluida hasta contar con definición anual inequívoca.
2017,caracteristicas,equipamientoestablecimientoimpresora,,Característica de localización,por verificar,no,No comparable,Unidad agregada ambigua y cambios de esquema/nombre.,Excluida hasta contar con definición anual inequívoca.
2017,caracteristicas,equipamientoestablecimientoimpresora3d,,Característica de localización,por verificar,no,No comparable,Unidad agregada ambigua y cambios de esquema/nombre.,Excluida hasta contar con definición anual inequívoca.
2017,caracteristicas,equipamientoestablecimientopizarrasdigitales,,Característica de localización,por verificar,no,No comparable,Unidad agregada ambigua y cambios de esquema/nombre.,Excluida hasta contar con definición anual inequívoca.
2017,caracteristicas,equipamientoestablecimientoreproductordecd,,Característica de localización,por verificar,no,No comparable,Unidad agregada ambigua y cambios de esquema/nombre.,Excluida hasta contar con definición anual inequívoca.
2017,caracteristicas,equipamientoestablecimientoreproductordedvd,,Característica de localización,por verificar,no,No comparable,Unidad agregada ambigua y cambios de esquema/nombre.,Excluida hasta contar con definición anual inequívoca.
2017,caracteristicas,equipamientoestablecimientoscanner,,Característica de localización,por verificar,no,No comparable,Unidad agregada ambigua y cambios de esquema/nombre.,Excluida hasta contar con definición anual inequívoca.
2017,caracteristicas,equipamientoestablecimientoservidorparausoescolar,,Característica de localización,por verificar,no,No comparable,Unidad agregada ambigua y cambios de esquema/nombre.,Excluida hasta contar con definición anual inequívoca.
2017,caracteristicas,equipamientoestablecimientosistemamultimediaocanon,,Característica de localización,por verificar,no,No comparable,Unidad agregada ambigua y cambios de esquema/nombre.,Excluida hasta contar con definición anual inequívoca.
2017,caracteristicas,equipamientoestablecimientotelevisor,,Característica de localización,por verificar,no,No comparable,Unidad agregada ambigua y cambios de esquema/nombre.,Excluida hasta contar con definición anual inequívoca.
2017,caracteristicas,equipamientoestablecimientowebcam,,Característica de localización,por verificar,no,No comparable,Unidad agregada ambigua y cambios de esquema/nombre.,Excluida hasta contar con definición anual inequívoca.
2017,caracteristicas,espaciosconconexionenelareadeadministracion,,Característica de localización,por verificar,no,No comparable,Unidad agregada ambigua y cambios de esquema/nombre.,Excluida hasta contar con definición anual inequívoca.
2017,caracteristicas,espaciosconconexionenellaboratorio,,Característica de localización,por verificar,no,No comparable,Unidad agregada ambigua y cambios de esquema/nombre.,Excluida hasta contar con definición anual inequívoca.
2017,caracteristicas,espaciosconconexionenlabibliotecas,,Característica de localización,por verificar,no,No comparable,Unidad agregada ambigua y cambios de esquema/nombre.,Excluida hasta contar con definición anual inequívoca.
2017,caracteristicas,espaciosconconexionenlasaulas,,Característica de localización,por verificar,no,No comparable,Unidad agregada ambigua y cambios de esquema/nombre.,Excluida hasta contar con definición anual inequívoca.
2017,caracteristicas,espaciosconconexionenotroespaciodelestablecimiento,,Característica de localización,por verificar,no,No comparable,Unidad agregada ambigua y cambios de esquema/nombre.,Excluida hasta contar con definición anual inequívoca.
2017,caracteristicas,internettipodeconexionadsl,,Característica de localización,por verificar,no,No comparable,Unidad agregada ambigua y cambios de esquema/nombre.,Excluida hasta contar con definición anual inequívoca.
2017,caracteristicas,internettipodeconexioncablemodem,,Característica de localización,por verificar,no,No comparable,Unidad agregada ambigua y cambios de esquema/nombre.,Excluida hasta contar con definición anual inequívoca.
2017,caracteristicas,internettipodeconexionmovil,,Característica de localización,por verificar,no,No comparable,Unidad agregada ambigua y cambios de esquema/nombre.,Excluida hasta contar con definición anual inequívoca.
2017,caracteristicas,internettipodeconexionotrotipo,,Característica de localización,por verificar,no,No comparable,Unidad agregada ambigua y cambios de esquema/nombre.,Excluida hasta contar con definición anual inequívoca.
2017,caracteristicas,internettipodeconexionsatelital,,Característica de localización,por verificar,no,No comparable,Unidad agregada ambigua y cambios de esquema/nombre.,Excluida hasta contar con definición anual inequívoca.
2017,caracteristicas,internettipodeconexiontelefonica,,Característica de localización,por verificar,no,No comparable,Unidad agregada ambigua y cambios de esquema/nombre.,Excluida hasta contar con definición anual inequívoca.
2017,caracteristicas,internettipodeserviciogratuito,,Característica de localización,por verificar,no,No comparable,Unidad agregada ambigua y cambios de esquema/nombre.,Excluida hasta contar con definición anual inequívoca.
2017,caracteristicas,internettipodeserviciopago,,Característica de localización,por verificar,no,No comparable,Unidad agregada ambigua y cambios de esquema/nombre.,Excluida hasta contar con definición anual inequívoca.
2017,caracteristicas,laboratoriofuncionaesespacioexclusivosi,,Característica de localización,por verificar,no,No comparable,Unidad agregada ambigua y cambios de esquema/nombre.,Excluida hasta contar con definición anual inequívoca.
2017,caracteristicas,sistemadegestionescolardesarrolladoporterceros,,Característica de localización,por verificar,no,No comparable,Unidad agregada ambigua y cambios de esquema/nombre.,Excluida hasta contar con definición anual inequívoca.
2017,caracteristicas,sistemadegestionescolarencargadoporelestablecimiento,,Característica de localización,por verificar,no,No comparable,Unidad agregada ambigua y cambios de esquema/nombre.,Excluida hasta contar con definición anual inequívoca.
2017,caracteristicas,sistemadegestionescolarplanilladecalculo,,Característica de localización,por verificar,no,No comparable,Unidad agregada ambigua y cambios de esquema/nombre.,Excluida hasta contar con definición anual inequívoca.
2017,caracteristicas,sistemadegestionescolarprovistoporelministerio,,Característica de localización,por verificar,no,No comparable,Unidad agregada ambigua y cambios de esquema/nombre.,Excluida hasta contar con definición anual inequívoca.
2017,caracteristicas,sistemadegestionescolarsi,,Característica de localización,por verificar,no,No comparable,Unidad agregada ambigua y cambios de esquema/nombre.,Excluida hasta contar con definición anual inequívoca.
2017,caracteristicas,subvencionestataljardindeinfantessi,,Característica de localización,por verificar,no,No comparable,Unidad agregada ambigua y cambios de esquema/nombre.,Excluida hasta contar con definición anual inequívoca.
2017,caracteristicas,subvencionestataljardinmaternalsi,,Característica de localización,por verificar,no,No comparable,Unidad agregada ambigua y cambios de esquema/nombre.,Excluida hasta contar con definición anual inequívoca.
2017,caracteristicas,subvencionestatalprimariasi,,Característica de localización,por verificar,no,No comparable,Unidad agregada ambigua y cambios de esquema/nombre.,Excluida hasta contar con definición anual inequívoca.
2017,caracteristicas,subvencionestatalsecundariasi,,Característica de localización,por verificar,no,No comparable,Unidad agregada ambigua y cambios de esquema/nombre.,Excluida hasta contar con definición anual inequívoca.
2017,caracteristicas,subvencionestatalsnusi,,Característica de localización,por verificar,no,No comparable,Unidad agregada ambigua y cambios de esquema/nombre.,Excluida hasta contar con definición anual inequívoca.
2017,derivada,repitentes/matricula_grados_comparables,proporcion_repitentes,Cociente exploratorio recalculado desde conteos comparables,proporción,sí con advertencia,Media,"Fórmula estable, pero no es tasa oficial y su interpretación atraviesa discontinuidades administrativas potenciales.",No se almacena en el parquet largo; se recalcula. Cautela especial en 2020–2022.
2017,derivada,salidos_sin_pase/matricula_inicial,proporcion_salidos_sin_pase,Cociente exploratorio recalculado desde conteos comparables,proporción,sí con advertencia,Media,"Fórmula estable, pero no es tasa oficial y su interpretación atraviesa discontinuidades administrativas potenciales.",No se almacena en el parquet largo; se recalcula. Cautela especial en 2020–2022.
2017,derivada,sobreedad/matricula_grados_comparables,proporcion_sobreedad,Cociente exploratorio recalculado desde conteos comparables,proporción,sí con advertencia,Media,"Fórmula estable, pero no es tasa oficial y su interpretación atraviesa discontinuidades administrativas potenciales.",No se almacena en el parquet largo; se recalcula. Cautela especial en 2020–2022.
2017,matricula,campo_1+campo_2+campo_3+campo_4+campo_5+campo_6+campo_7+campo_8+campo_9+campo_10+campo_11+campo_12+campo_1314,matricula_grados_comparables,Matrícula en años de estudio con repitencia y sobreedad comparables,conteo,sí,Alta,Mismas columnas componentes y mismo grano en los 15 archivos; definición común en el diccionario oficial.,No incorporar la categoría _20 añadida desde 2023; conservar sector y ámbito.
2017,matricula,lactantes+deambulantes+s2+s3+s4+s5+campo_1+campo_2+campo_3+campo_4+campo_5+campo_6+campo_7+campo_8+campo_9+campo_10+campo_11+campo_12+campo_1314+snu,matricula_total,Matrícula en categorías comunes a todos los años,conteo,sí,Alta,Mismas columnas componentes y mismo grano en los 15 archivos; definición común en el diccionario oficial.,No incorporar la categoría _20 añadida desde 2023; conservar sector y ámbito.
2017,matricula,r_1+r_2+r_3+r_4+r_5+r_6+r_7+r_8+r_9+r_10+r_11+r_12+r_1314,repitentes,Estudiantes repitentes en categorías comunes,conteo,sí,Alta,Mismas columnas componentes y mismo grano en los 15 archivos; definición común en el diccionario oficial.,No incorporar la categoría _20 añadida desde 2023; conservar sector y ámbito.
2017,matricula,s_1+s_2+s_3+s_4+s_5+s_6+s_7+s_8+s_9+s_10+s_11+s_12+s_1314,sobreedad,Estudiantes con sobreedad en categorías comunes,conteo,sí,Alta,Mismas columnas componentes y mismo grano en los 15 archivos; definición común en el diccionario oficial.,No incorporar la categoría _20 añadida desde 2023; conservar sector y ámbito.
2017,matricula,s_deambulantes,,Sobreedad en categorías de inicial,conteo,no,No comparable,Definición ambigua/inconsistente en el diccionario disponible.,No se usa sustantivamente.
2017,matricula,s_lactantes,,Sobreedad en categorías de inicial,conteo,no,No comparable,Definición ambigua/inconsistente en el diccionario disponible.,No se usa sustantivamente.
2017,matricula,s_s2,,Sobreedad en categorías de inicial,conteo,no,No comparable,Definición ambigua/inconsistente en el diccionario disponible.,No se usa sustantivamente.
2017,matricula,s_s3,,Sobreedad en categorías de inicial,conteo,no,No comparable,Definición ambigua/inconsistente en el diccionario disponible.,No se usa sustantivamente.
2017,matricula,s_s4,,Sobreedad en categorías de inicial,conteo,no,No comparable,Definición ambigua/inconsistente en el diccionario disponible.,No se usa sustantivamente.
2017,matricula,s_s5,,Sobreedad en categorías de inicial,conteo,no,No comparable,Definición ambigua/inconsistente en el diccionario disponible.,No se usa sustantivamente.
2017,trayectoria,inicial_1+inicial_2+inicial_3+inicial_4+inicial_5+inicial_6+inicial_7+inicial_8+inicial_9+inicial_10+inicial_11+inicial_12+inicial_1314,matricula_inicial,Matrícula inicial en categorías comunes,conteo,sí,Alta,Mismas columnas componentes y mismo grano en los 15 archivos; definición común en el diccionario oficial.,No incorporar la categoría _20 añadida desde 2023; conservar sector y ámbito.
2017,trayectoria,nopromo_1+nopromo_2+nopromo_3+nopromo_4+nopromo_5+nopromo_6+nopromo_7+nopromo_8+nopromo_9+nopromo_10+nopromo_11+nopromo_12+nopromo_1314,no_promovidos,No promovidos en categorías comunes,conteo,sí,Alta,Mismas columnas componentes y mismo grano en los 15 archivos; definición común en el diccionario oficial.,No incorporar la categoría _20 añadida desde 2023; conservar sector y ámbito.
2017,trayectoria,primaria_egresados,egresados_primaria,Egresados de primaria,conteo,sí,Alta,Mismas columnas componentes y mismo grano en los 15 archivos; definición común en el diccionario oficial.,No incorporar la categoría _20 añadida desde 2023; conservar sector y ámbito.
2017,trayectoria,promovidos_1+promovidos_2+promovidos_3+promovidos_4+promovidos_5+promovidos_6+promovidos_7+promovidos_8+promovidos_9+promovidos_10+promovidos_11+promovidos_12+promovidos_1314,promovidos,Promovidos en categorías comunes,conteo,sí,Alta,Mismas columnas componentes y mismo grano en los 15 archivos; definición común en el diccionario oficial.,No incorporar la categoría _20 añadida desde 2023; conservar sector y ámbito.
2017,trayectoria,scp_1+scp_2+scp_3+scp_4+scp_5+scp_6+scp_7+scp_8+scp_9+scp_10+scp_11+scp_12+scp_1314,salidos_con_pase,Salidos con pase en categorías comunes,conteo,sí,Alta,Mismas columnas componentes y mismo grano en los 15 archivos; definición común en el diccionario oficial.,No incorporar la categoría _20 añadida desde 2023; conservar sector y ámbito.
2017,trayectoria,secundaria_egresados,egresados_secundaria,Egresados de secundaria,conteo,sí,Alta,Mismas columnas componentes y mismo grano en los 15 archivos; definición común en el diccionario oficial.,No incorporar la categoría _20 añadida desde 2023; conservar sector y ámbito.
2017,trayectoria,ssp_1+ssp_2+ssp_3+ssp_4+ssp_5+ssp_6+ssp_7+ssp_8+ssp_9+ssp_10+ssp_11+ssp_12+ssp_1314,salidos_sin_pase,Salidos sin pase en categorías comunes,conteo,sí,Alta,Mismas columnas componentes y mismo grano en los 15 archivos; definición común en el diccionario oficial.,No incorporar la categoría _20 añadida desde 2023; conservar sector y ámbito.
2017,trayectoria,ultimo_1+ultimo_2+ultimo_3+ultimo_4+ultimo_5+ultimo_6+ultimo_7+ultimo_8+ultimo_9+ultimo_10+ultimo_11+ultimo_12+ultimo_1314,matricula_ultimo_dia,Matrícula al último día de clase en categorías comunes,conteo,sí,Alta,Mismas columnas componentes y mismo grano en los 15 archivos; definición común en el diccionario oficial.,No incorporar la categoría _20 añadida desde 2023; conservar sector y ámbito.
2018,caracteristicas,localizacion,localizaciones,Cantidad de localizaciones educativas,conteo,sí,Alta,Mismas columnas componentes y mismo grano en los 15 archivos; definición común en el diccionario oficial.,No incorporar la categoría _20 añadida desde 2023; conservar sector y ámbito.
2018,caracteristicas,bibliotecadisponedealmenosunasi,,Característica de localización,por verificar,no,No comparable,Unidad agregada ambigua y cambios de esquema/nombre.,Excluida hasta contar con definición anual inequívoca.
2018,caracteristicas,bibliotecafuncionaesespacioexclusivosi,,Característica de localización,por verificar,no,No comparable,Unidad agregada ambigua y cambios de esquema/nombre.,Excluida hasta contar con definición anual inequívoca.
2018,caracteristicas,cooperadoraconpersoneriajuridica,,Característica de localización,por verificar,no,No comparable,Unidad agregada ambigua y cambios de esquema/nombre.,Excluida hasta contar con definición anual inequívoca.
2018,caracteristicas,cooperadorano,,Característica de localización,por verificar,no,No comparable,Unidad agregada ambigua y cambios de esquema/nombre.,Excluida hasta contar con definición anual inequívoca.
2018,caracteristicas,cooperadorasinpersoneriajuridica,,Característica de localización,por verificar,no,No comparable,Unidad agregada ambigua y cambios de esquema/nombre.,Excluida hasta contar con definición anual inequívoca.
2018,caracteristicas,disponedesalaolaboratoriodeinformaticasi,,Característica de localización,por verificar,no,No comparable,Unidad agregada ambigua y cambios de esquema/nombre.,Excluida hasta contar con definición anual inequívoca.
2018,caracteristicas,electricidadgeneradoreolico,,Característica de localización,por verificar,no,No comparable,Unidad agregada ambigua y cambios de esquema/nombre.,Excluida hasta contar con definición anual inequívoca.
2018,caracteristicas,electricidadgeneradorhidraulico,,Característica de localización,por verificar,no,No comparable,Unidad agregada ambigua y cambios de esquema/nombre.,Excluida hasta contar con definición anual inequívoca.
2018,caracteristicas,electricidadgrupoelectrogeno,,Característica de localización,por verificar,no,No comparable,Unidad agregada ambigua y cambios de esquema/nombre.,Excluida hasta contar con definición anual inequívoca.
2018,caracteristicas,electricidadotro,,Característica de localización,por verificar,no,No comparable,Unidad agregada ambigua y cambios de esquema/nombre.,Excluida hasta contar con definición anual inequívoca.
2018,caracteristicas,electricidadpanelfotovoltaicosolar,,Característica de localización,por verificar,no,No comparable,Unidad agregada ambigua y cambios de esquema/nombre.,Excluida hasta contar con definición anual inequívoca.
2018,caracteristicas,electricidadredpublica,,Característica de localización,por verificar,no,No comparable,Unidad agregada ambigua y cambios de esquema/nombre.,Excluida hasta contar con definición anual inequívoca.
2018,caracteristicas,electricidadsi,,Característica de localización,por verificar,no,No comparable,Unidad agregada ambigua y cambios de esquema/nombre.,Excluida hasta contar con definición anual inequívoca.
2018,caracteristicas,equipamientobibliotecaequipamientobibliotecawebcam,,Característica de localización,por verificar,no,No comparable,Unidad agregada ambigua y cambios de esquema/nombre.,Excluida hasta contar con definición anual inequívoca.
2018,caracteristicas,equipamientobibliotecaequipoemisorderadioamfm,,Característica de localización,por verificar,no,No comparable,Unidad agregada ambigua y cambios de esquema/nombre.,Excluida hasta contar con definición anual inequívoca.
2018,caracteristicas,equipamientobibliotecaequiporeceptorderadioamfm,,Característica de localización,por verificar,no,No comparable,Unidad agregada ambigua y cambios de esquema/nombre.,Excluida hasta contar con definición anual inequívoca.
2018,caracteristicas,equipamientobibliotecaimpresora,,Característica de localización,por verificar,no,No comparable,Unidad agregada ambigua y cambios de esquema/nombre.,Excluida hasta contar con definición anual inequívoca.
2018,caracteristicas,equipamientobibliotecareproductordecd,,Característica de localización,por verificar,no,No comparable,Unidad agregada ambigua y cambios de esquema/nombre.,Excluida hasta contar con definición anual inequívoca.
2018,caracteristicas,equipamientobibliotecareproductordedvd,,Característica de localización,por verificar,no,No comparable,Unidad agregada ambigua y cambios de esquema/nombre.,Excluida hasta contar con definición anual inequívoca.
2018,caracteristicas,equipamientobibliotecascanner,,Característica de localización,por verificar,no,No comparable,Unidad agregada ambigua y cambios de esquema/nombre.,Excluida hasta contar con definición anual inequívoca.
2018,caracteristicas,equipamientobibliotecaservidorparausoescolar,,Característica de localización,por verificar,no,No comparable,Unidad agregada ambigua y cambios de esquema/nombre.,Excluida hasta contar con definición anual inequívoca.
2018,caracteristicas,equipamientobibliotecasistemamultimediaocanon,,Característica de localización,por verificar,no,No comparable,Unidad agregada ambigua y cambios de esquema/nombre.,Excluida hasta contar con definición anual inequívoca.
2018,caracteristicas,equipamientobibliotecatelevisor,,Característica de localización,por verificar,no,No comparable,Unidad agregada ambigua y cambios de esquema/nombre.,Excluida hasta contar con definición anual inequívoca.
2018,caracteristicas,equipamientoestablecimientoequipodesonido,,Característica de localización,por verificar,no,No comparable,Unidad agregada ambigua y cambios de esquema/nombre.,Excluida hasta contar con definición anual inequívoca.
2018,caracteristicas,equipamientoestablecimientoequipoemisorderadioamfm,,Característica de localización,por verificar,no,No comparable,Unidad agregada ambigua y cambios de esquema/nombre.,Excluida hasta contar con definición anual inequívoca.
2018,caracteristicas,equipamientoestablecimientoequiporeceptorderadioamfm,,Característica de localización,por verificar,no,No comparable,Unidad agregada ambigua y cambios de esquema/nombre.,Excluida hasta contar con definición anual inequívoca.
2018,caracteristicas,equipamientoestablecimientoimpresora,,Característica de localización,por verificar,no,No comparable,Unidad agregada ambigua y cambios de esquema/nombre.,Excluida hasta contar con definición anual inequívoca.
2018,caracteristicas,equipamientoestablecimientoimpresora3d,,Característica de localización,por verificar,no,No comparable,Unidad agregada ambigua y cambios de esquema/nombre.,Excluida hasta contar con definición anual inequívoca.
2018,caracteristicas,equipamientoestablecimientopizarrasdigitales,,Característica de localización,por verificar,no,No comparable,Unidad agregada ambigua y cambios de esquema/nombre.,Excluida hasta contar con definición anual inequívoca.
2018,caracteristicas,equipamientoestablecimientoreproductordecd,,Característica de localización,por verificar,no,No comparable,Unidad agregada ambigua y cambios de esquema/nombre.,Excluida hasta contar con definición anual inequívoca.
2018,caracteristicas,equipamientoestablecimientoreproductordedvd,,Característica de localización,por verificar,no,No comparable,Unidad agregada ambigua y cambios de esquema/nombre.,Excluida hasta contar con definición anual inequívoca.
2018,caracteristicas,equipamientoestablecimientoscanner,,Característica de localización,por verificar,no,No comparable,Unidad agregada ambigua y cambios de esquema/nombre.,Excluida hasta contar con definición anual inequívoca.
2018,caracteristicas,equipamientoestablecimientoservidorparausoescolar,,Característica de localización,por verificar,no,No comparable,Unidad agregada ambigua y cambios de esquema/nombre.,Excluida hasta contar con definición anual inequívoca.
2018,caracteristicas,equipamientoestablecimientosistemamultimediaocanon,,Característica de localización,por verificar,no,No comparable,Unidad agregada ambigua y cambios de esquema/nombre.,Excluida hasta contar con definición anual inequívoca.
2018,caracteristicas,equipamientoestablecimientotelevisor,,Característica de localización,por verificar,no,No comparable,Unidad agregada ambigua y cambios de esquema/nombre.,Excluida hasta contar con definición anual inequívoca.
2018,caracteristicas,equipamientoestablecimientowebcam,,Característica de localización,por verificar,no,No comparable,Unidad agregada ambigua y cambios de esquema/nombre.,Excluida hasta contar con definición anual inequívoca.
2018,caracteristicas,espaciosconconexionenelareadeadministracion,,Característica de localización,por verificar,no,No comparable,Unidad agregada ambigua y cambios de esquema/nombre.,Excluida hasta contar con definición anual inequívoca.
2018,caracteristicas,espaciosconconexionenellaboratorio,,Característica de localización,por verificar,no,No comparable,Unidad agregada ambigua y cambios de esquema/nombre.,Excluida hasta contar con definición anual inequívoca.
2018,caracteristicas,espaciosconconexionenlabibliotecas,,Característica de localización,por verificar,no,No comparable,Unidad agregada ambigua y cambios de esquema/nombre.,Excluida hasta contar con definición anual inequívoca.
2018,caracteristicas,espaciosconconexionenlasaulas,,Característica de localización,por verificar,no,No comparable,Unidad agregada ambigua y cambios de esquema/nombre.,Excluida hasta contar con definición anual inequívoca.
2018,caracteristicas,espaciosconconexionenotroespaciodelestablecimiento,,Característica de localización,por verificar,no,No comparable,Unidad agregada ambigua y cambios de esquema/nombre.,Excluida hasta contar con definición anual inequívoca.
2018,caracteristicas,internettipodeconexionadsl,,Característica de localización,por verificar,no,No comparable,Unidad agregada ambigua y cambios de esquema/nombre.,Excluida hasta contar con definición anual inequívoca.
2018,caracteristicas,internettipodeconexioncablemodem,,Característica de localización,por verificar,no,No comparable,Unidad agregada ambigua y cambios de esquema/nombre.,Excluida hasta contar con definición anual inequívoca.
2018,caracteristicas,internettipodeconexionmovil,,Característica de localización,por verificar,no,No comparable,Unidad agregada ambigua y cambios de esquema/nombre.,Excluida hasta contar con definición anual inequívoca.
2018,caracteristicas,internettipodeconexionotrotipo,,Característica de localización,por verificar,no,No comparable,Unidad agregada ambigua y cambios de esquema/nombre.,Excluida hasta contar con definición anual inequívoca.
2018,caracteristicas,internettipodeconexionsatelital,,Característica de localización,por verificar,no,No comparable,Unidad agregada ambigua y cambios de esquema/nombre.,Excluida hasta contar con definición anual inequívoca.
2018,caracteristicas,internettipodeconexiontelefonica,,Característica de localización,por verificar,no,No comparable,Unidad agregada ambigua y cambios de esquema/nombre.,Excluida hasta contar con definición anual inequívoca.
2018,caracteristicas,internettipodeserviciogratuito,,Característica de localización,por verificar,no,No comparable,Unidad agregada ambigua y cambios de esquema/nombre.,Excluida hasta contar con definición anual inequívoca.
2018,caracteristicas,internettipodeserviciopago,,Característica de localización,por verificar,no,No comparable,Unidad agregada ambigua y cambios de esquema/nombre.,Excluida hasta contar con definición anual inequívoca.
2018,caracteristicas,laboratoriofuncionaesespacioexclusivosi,,Característica de localización,por verificar,no,No comparable,Unidad agregada ambigua y cambios de esquema/nombre.,Excluida hasta contar con definición anual inequívoca.
2018,caracteristicas,sistemadegestionescolardesarrolladoporterceros,,Característica de localización,por verificar,no,No comparable,Unidad agregada ambigua y cambios de esquema/nombre.,Excluida hasta contar con definición anual inequívoca.
2018,caracteristicas,sistemadegestionescolarencargadoporelestablecimiento,,Característica de localización,por verificar,no,No comparable,Unidad agregada ambigua y cambios de esquema/nombre.,Excluida hasta contar con definición anual inequívoca.
2018,caracteristicas,sistemadegestionescolarplanilladecalculo,,Característica de localización,por verificar,no,No comparable,Unidad agregada ambigua y cambios de esquema/nombre.,Excluida hasta contar con definición anual inequívoca.
2018,caracteristicas,sistemadegestionescolarprovistoporelministerio,,Característica de localización,por verificar,no,No comparable,Unidad agregada ambigua y cambios de esquema/nombre.,Excluida hasta contar con definición anual inequívoca.
2018,caracteristicas,sistemadegestionescolarsi,,Característica de localización,por verificar,no,No comparable,Unidad agregada ambigua y cambios de esquema/nombre.,Excluida hasta contar con definición anual inequívoca.
2018,caracteristicas,subvencionestataljardindeinfantessi,,Característica de localización,por verificar,no,No comparable,Unidad agregada ambigua y cambios de esquema/nombre.,Excluida hasta contar con definición anual inequívoca.
2018,caracteristicas,subvencionestataljardinmaternalsi,,Característica de localización,por verificar,no,No comparable,Unidad agregada ambigua y cambios de esquema/nombre.,Excluida hasta contar con definición anual inequívoca.
2018,caracteristicas,subvencionestatalprimariasi,,Característica de localización,por verificar,no,No comparable,Unidad agregada ambigua y cambios de esquema/nombre.,Excluida hasta contar con definición anual inequívoca.
2018,caracteristicas,subvencionestatalsecundariasi,,Característica de localización,por verificar,no,No comparable,Unidad agregada ambigua y cambios de esquema/nombre.,Excluida hasta contar con definición anual inequívoca.
2018,caracteristicas,subvencionestatalsnusi,,Característica de localización,por verificar,no,No comparable,Unidad agregada ambigua y cambios de esquema/nombre.,Excluida hasta contar con definición anual inequívoca.
2018,derivada,repitentes/matricula_grados_comparables,proporcion_repitentes,Cociente exploratorio recalculado desde conteos comparables,proporción,sí con advertencia,Media,"Fórmula estable, pero no es tasa oficial y su interpretación atraviesa discontinuidades administrativas potenciales.",No se almacena en el parquet largo; se recalcula. Cautela especial en 2020–2022.
2018,derivada,salidos_sin_pase/matricula_inicial,proporcion_salidos_sin_pase,Cociente exploratorio recalculado desde conteos comparables,proporción,sí con advertencia,Media,"Fórmula estable, pero no es tasa oficial y su interpretación atraviesa discontinuidades administrativas potenciales.",No se almacena en el parquet largo; se recalcula. Cautela especial en 2020–2022.
2018,derivada,sobreedad/matricula_grados_comparables,proporcion_sobreedad,Cociente exploratorio recalculado desde conteos comparables,proporción,sí con advertencia,Media,"Fórmula estable, pero no es tasa oficial y su interpretación atraviesa discontinuidades administrativas potenciales.",No se almacena en el parquet largo; se recalcula. Cautela especial en 2020–2022.
2018,matricula,campo_1+campo_2+campo_3+campo_4+campo_5+campo_6+campo_7+campo_8+campo_9+campo_10+campo_11+campo_12+campo_1314,matricula_grados_comparables,Matrícula en años de estudio con repitencia y sobreedad comparables,conteo,sí,Alta,Mismas columnas componentes y mismo grano en los 15 archivos; definición común en el diccionario oficial.,No incorporar la categoría _20 añadida desde 2023; conservar sector y ámbito.
2018,matricula,lactantes+deambulantes+s2+s3+s4+s5+campo_1+campo_2+campo_3+campo_4+campo_5+campo_6+campo_7+campo_8+campo_9+campo_10+campo_11+campo_12+campo_1314+snu,matricula_total,Matrícula en categorías comunes a todos los años,conteo,sí,Alta,Mismas columnas componentes y mismo grano en los 15 archivos; definición común en el diccionario oficial.,No incorporar la categoría _20 añadida desde 2023; conservar sector y ámbito.
2018,matricula,r_1+r_2+r_3+r_4+r_5+r_6+r_7+r_8+r_9+r_10+r_11+r_12+r_1314,repitentes,Estudiantes repitentes en categorías comunes,conteo,sí,Alta,Mismas columnas componentes y mismo grano en los 15 archivos; definición común en el diccionario oficial.,No incorporar la categoría _20 añadida desde 2023; conservar sector y ámbito.
2018,matricula,s_1+s_2+s_3+s_4+s_5+s_6+s_7+s_8+s_9+s_10+s_11+s_12+s_1314,sobreedad,Estudiantes con sobreedad en categorías comunes,conteo,sí,Alta,Mismas columnas componentes y mismo grano en los 15 archivos; definición común en el diccionario oficial.,No incorporar la categoría _20 añadida desde 2023; conservar sector y ámbito.
2018,matricula,s_deambulantes,,Sobreedad en categorías de inicial,conteo,no,No comparable,Definición ambigua/inconsistente en el diccionario disponible.,No se usa sustantivamente.
2018,matricula,s_lactantes,,Sobreedad en categorías de inicial,conteo,no,No comparable,Definición ambigua/inconsistente en el diccionario disponible.,No se usa sustantivamente.
2018,matricula,s_s2,,Sobreedad en categorías de inicial,conteo,no,No comparable,Definición ambigua/inconsistente en el diccionario disponible.,No se usa sustantivamente.
2018,matricula,s_s3,,Sobreedad en categorías de inicial,conteo,no,No comparable,Definición ambigua/inconsistente en el diccionario disponible.,No se usa sustantivamente.
2018,matricula,s_s4,,Sobreedad en categorías de inicial,conteo,no,No comparable,Definición ambigua/inconsistente en el diccionario disponible.,No se usa sustantivamente.
2018,matricula,s_s5,,Sobreedad en categorías de inicial,conteo,no,No comparable,Definición ambigua/inconsistente en el diccionario disponible.,No se usa sustantivamente.
2018,trayectoria,inicial_1+inicial_2+inicial_3+inicial_4+inicial_5+inicial_6+inicial_7+inicial_8+inicial_9+inicial_10+inicial_11+inicial_12+inicial_1314,matricula_inicial,Matrícula inicial en categorías comunes,conteo,sí,Alta,Mismas columnas componentes y mismo grano en los 15 archivos; definición común en el diccionario oficial.,No incorporar la categoría _20 añadida desde 2023; conservar sector y ámbito.
2018,trayectoria,nopromo_1+nopromo_2+nopromo_3+nopromo_4+nopromo_5+nopromo_6+nopromo_7+nopromo_8+nopromo_9+nopromo_10+nopromo_11+nopromo_12+nopromo_1314,no_promovidos,No promovidos en categorías comunes,conteo,sí,Alta,Mismas columnas componentes y mismo grano en los 15 archivos; definición común en el diccionario oficial.,No incorporar la categoría _20 añadida desde 2023; conservar sector y ámbito.
2018,trayectoria,primaria_egresados,egresados_primaria,Egresados de primaria,conteo,sí,Alta,Mismas columnas componentes y mismo grano en los 15 archivos; definición común en el diccionario oficial.,No incorporar la categoría _20 añadida desde 2023; conservar sector y ámbito.
2018,trayectoria,promovidos_1+promovidos_2+promovidos_3+promovidos_4+promovidos_5+promovidos_6+promovidos_7+promovidos_8+promovidos_9+promovidos_10+promovidos_11+promovidos_12+promovidos_1314,promovidos,Promovidos en categorías comunes,conteo,sí,Alta,Mismas columnas componentes y mismo grano en los 15 archivos; definición común en el diccionario oficial.,No incorporar la categoría _20 añadida desde 2023; conservar sector y ámbito.
2018,trayectoria,scp_1+scp_2+scp_3+scp_4+scp_5+scp_6+scp_7+scp_8+scp_9+scp_10+scp_11+scp_12+scp_1314,salidos_con_pase,Salidos con pase en categorías comunes,conteo,sí,Alta,Mismas columnas componentes y mismo grano en los 15 archivos; definición común en el diccionario oficial.,No incorporar la categoría _20 añadida desde 2023; conservar sector y ámbito.
2018,trayectoria,secundaria_egresados,egresados_secundaria,Egresados de secundaria,conteo,sí,Alta,Mismas columnas componentes y mismo grano en los 15 archivos; definición común en el diccionario oficial.,No incorporar la categoría _20 añadida desde 2023; conservar sector y ámbito.
2018,trayectoria,ssp_1+ssp_2+ssp_3+ssp_4+ssp_5+ssp_6+ssp_7+ssp_8+ssp_9+ssp_10+ssp_11+ssp_12+ssp_1314,salidos_sin_pase,Salidos sin pase en categorías comunes,conteo,sí,Alta,Mismas columnas componentes y mismo grano en los 15 archivos; definición común en el diccionario oficial.,No incorporar la categoría _20 añadida desde 2023; conservar sector y ámbito.
2018,trayectoria,ultimo_1+ultimo_2+ultimo_3+ultimo_4+ultimo_5+ultimo_6+ultimo_7+ultimo_8+ultimo_9+ultimo_10+ultimo_11+ultimo_12+ultimo_1314,matricula_ultimo_dia,Matrícula al último día de clase en categorías comunes,conteo,sí,Alta,Mismas columnas componentes y mismo grano en los 15 archivos; definición común en el diccionario oficial.,No incorporar la categoría _20 añadida desde 2023; conservar sector y ámbito.
2019,caracteristicas,localizacion,localizaciones,Cantidad de localizaciones educativas,conteo,sí,Alta,Mismas columnas componentes y mismo grano en los 15 archivos; definición común en el diccionario oficial.,No incorporar la categoría _20 añadida desde 2023; conservar sector y ámbito.
2019,caracteristicas,bibliotecadisponedealmenosunasi,,Característica de localización,por verificar,no,No comparable,Unidad agregada ambigua y cambios de esquema/nombre.,Excluida hasta contar con definición anual inequívoca.
2019,caracteristicas,bibliotecafuncionaesespacioexclusivosi,,Característica de localización,por verificar,no,No comparable,Unidad agregada ambigua y cambios de esquema/nombre.,Excluida hasta contar con definición anual inequívoca.
2019,caracteristicas,cooperadoraconpersoneriajuridica,,Característica de localización,por verificar,no,No comparable,Unidad agregada ambigua y cambios de esquema/nombre.,Excluida hasta contar con definición anual inequívoca.
2019,caracteristicas,cooperadorano,,Característica de localización,por verificar,no,No comparable,Unidad agregada ambigua y cambios de esquema/nombre.,Excluida hasta contar con definición anual inequívoca.
2019,caracteristicas,cooperadorasinpersoneriajuridica,,Característica de localización,por verificar,no,No comparable,Unidad agregada ambigua y cambios de esquema/nombre.,Excluida hasta contar con definición anual inequívoca.
2019,caracteristicas,disponedesalaolaboratoriodeinformaticasi,,Característica de localización,por verificar,no,No comparable,Unidad agregada ambigua y cambios de esquema/nombre.,Excluida hasta contar con definición anual inequívoca.
2019,caracteristicas,electricidadgeneradoreolico,,Característica de localización,por verificar,no,No comparable,Unidad agregada ambigua y cambios de esquema/nombre.,Excluida hasta contar con definición anual inequívoca.
2019,caracteristicas,electricidadgeneradorhidraulico,,Característica de localización,por verificar,no,No comparable,Unidad agregada ambigua y cambios de esquema/nombre.,Excluida hasta contar con definición anual inequívoca.
2019,caracteristicas,electricidadgrupoelectrogeno,,Característica de localización,por verificar,no,No comparable,Unidad agregada ambigua y cambios de esquema/nombre.,Excluida hasta contar con definición anual inequívoca.
2019,caracteristicas,electricidadotro,,Característica de localización,por verificar,no,No comparable,Unidad agregada ambigua y cambios de esquema/nombre.,Excluida hasta contar con definición anual inequívoca.
2019,caracteristicas,electricidadpanelfotovoltaicosolar,,Característica de localización,por verificar,no,No comparable,Unidad agregada ambigua y cambios de esquema/nombre.,Excluida hasta contar con definición anual inequívoca.
2019,caracteristicas,electricidadredpublica,,Característica de localización,por verificar,no,No comparable,Unidad agregada ambigua y cambios de esquema/nombre.,Excluida hasta contar con definición anual inequívoca.
2019,caracteristicas,electricidadsi,,Característica de localización,por verificar,no,No comparable,Unidad agregada ambigua y cambios de esquema/nombre.,Excluida hasta contar con definición anual inequívoca.
2019,caracteristicas,equipamientobibliotecaequipamientobibliotecawebcam,,Característica de localización,por verificar,no,No comparable,Unidad agregada ambigua y cambios de esquema/nombre.,Excluida hasta contar con definición anual inequívoca.
2019,caracteristicas,equipamientobibliotecaequipoemisorderadioamfm,,Característica de localización,por verificar,no,No comparable,Unidad agregada ambigua y cambios de esquema/nombre.,Excluida hasta contar con definición anual inequívoca.
2019,caracteristicas,equipamientobibliotecaequiporeceptorderadioamfm,,Característica de localización,por verificar,no,No comparable,Unidad agregada ambigua y cambios de esquema/nombre.,Excluida hasta contar con definición anual inequívoca.
2019,caracteristicas,equipamientobibliotecaimpresora,,Característica de localización,por verificar,no,No comparable,Unidad agregada ambigua y cambios de esquema/nombre.,Excluida hasta contar con definición anual inequívoca.
2019,caracteristicas,equipamientobibliotecareproductordecd,,Característica de localización,por verificar,no,No comparable,Unidad agregada ambigua y cambios de esquema/nombre.,Excluida hasta contar con definición anual inequívoca.
2019,caracteristicas,equipamientobibliotecareproductordedvd,,Característica de localización,por verificar,no,No comparable,Unidad agregada ambigua y cambios de esquema/nombre.,Excluida hasta contar con definición anual inequívoca.
2019,caracteristicas,equipamientobibliotecascanner,,Característica de localización,por verificar,no,No comparable,Unidad agregada ambigua y cambios de esquema/nombre.,Excluida hasta contar con definición anual inequívoca.
2019,caracteristicas,equipamientobibliotecaservidorparausoescolar,,Característica de localización,por verificar,no,No comparable,Unidad agregada ambigua y cambios de esquema/nombre.,Excluida hasta contar con definición anual inequívoca.
2019,caracteristicas,equipamientobibliotecasistemamultimediaocanon,,Característica de localización,por verificar,no,No comparable,Unidad agregada ambigua y cambios de esquema/nombre.,Excluida hasta contar con definición anual inequívoca.
2019,caracteristicas,equipamientobibliotecatelevisor,,Característica de localización,por verificar,no,No comparable,Unidad agregada ambigua y cambios de esquema/nombre.,Excluida hasta contar con definición anual inequívoca.
2019,caracteristicas,equipamientoestablecimientoequipodesonido,,Característica de localización,por verificar,no,No comparable,Unidad agregada ambigua y cambios de esquema/nombre.,Excluida hasta contar con definición anual inequívoca.
2019,caracteristicas,equipamientoestablecimientoequipoemisorderadioamfm,,Característica de localización,por verificar,no,No comparable,Unidad agregada ambigua y cambios de esquema/nombre.,Excluida hasta contar con definición anual inequívoca.
2019,caracteristicas,equipamientoestablecimientoequiporeceptorderadioamfm,,Característica de localización,por verificar,no,No comparable,Unidad agregada ambigua y cambios de esquema/nombre.,Excluida hasta contar con definición anual inequívoca.
2019,caracteristicas,equipamientoestablecimientoimpresora,,Característica de localización,por verificar,no,No comparable,Unidad agregada ambigua y cambios de esquema/nombre.,Excluida hasta contar con definición anual inequívoca.
2019,caracteristicas,equipamientoestablecimientoimpresora3d,,Característica de localización,por verificar,no,No comparable,Unidad agregada ambigua y cambios de esquema/nombre.,Excluida hasta contar con definición anual inequívoca.
2019,caracteristicas,equipamientoestablecimientopizarrasdigitales,,Característica de localización,por verificar,no,No comparable,Unidad agregada ambigua y cambios de esquema/nombre.,Excluida hasta contar con definición anual inequívoca.
2019,caracteristicas,equipamientoestablecimientoreproductordecd,,Característica de localización,por verificar,no,No comparable,Unidad agregada ambigua y cambios de esquema/nombre.,Excluida hasta contar con definición anual inequívoca.
2019,caracteristicas,equipamientoestablecimientoreproductordedvd,,Característica de localización,por verificar,no,No comparable,Unidad agregada ambigua y cambios de esquema/nombre.,Excluida hasta contar con definición anual inequívoca.
2019,caracteristicas,equipamientoestablecimientoscanner,,Característica de localización,por verificar,no,No comparable,Unidad agregada ambigua y cambios de esquema/nombre.,Excluida hasta contar con definición anual inequívoca.
2019,caracteristicas,equipamientoestablecimientoservidorparausoescolar,,Característica de localización,por verificar,no,No comparable,Unidad agregada ambigua y cambios de esquema/nombre.,Excluida hasta contar con definición anual inequívoca.
2019,caracteristicas,equipamientoestablecimientosistemamultimediaocanon,,Característica de localización,por verificar,no,No comparable,Unidad agregada ambigua y cambios de esquema/nombre.,Excluida hasta contar con definición anual inequívoca.
2019,caracteristicas,equipamientoestablecimientotelevisor,,Característica de localización,por verificar,no,No comparable,Unidad agregada ambigua y cambios de esquema/nombre.,Excluida hasta contar con definición anual inequívoca.
2019,caracteristicas,equipamientoestablecimientowebcam,,Característica de localización,por verificar,no,No comparable,Unidad agregada ambigua y cambios de esquema/nombre.,Excluida hasta contar con definición anual inequívoca.
2019,caracteristicas,espaciosconconexionenelareadeadministracion,,Característica de localización,por verificar,no,No comparable,Unidad agregada ambigua y cambios de esquema/nombre.,Excluida hasta contar con definición anual inequívoca.
2019,caracteristicas,espaciosconconexionenellaboratorio,,Característica de localización,por verificar,no,No comparable,Unidad agregada ambigua y cambios de esquema/nombre.,Excluida hasta contar con definición anual inequívoca.
2019,caracteristicas,espaciosconconexionenlabibliotecas,,Característica de localización,por verificar,no,No comparable,Unidad agregada ambigua y cambios de esquema/nombre.,Excluida hasta contar con definición anual inequívoca.
2019,caracteristicas,espaciosconconexionenlasaulas,,Característica de localización,por verificar,no,No comparable,Unidad agregada ambigua y cambios de esquema/nombre.,Excluida hasta contar con definición anual inequívoca.
2019,caracteristicas,espaciosconconexionenotroespaciodelestablecimiento,,Característica de localización,por verificar,no,No comparable,Unidad agregada ambigua y cambios de esquema/nombre.,Excluida hasta contar con definición anual inequívoca.
2019,caracteristicas,internettipodeconexionadsl,,Característica de localización,por verificar,no,No comparable,Unidad agregada ambigua y cambios de esquema/nombre.,Excluida hasta contar con definición anual inequívoca.
2019,caracteristicas,internettipodeconexioncablemodem,,Característica de localización,por verificar,no,No comparable,Unidad agregada ambigua y cambios de esquema/nombre.,Excluida hasta contar con definición anual inequívoca.
2019,caracteristicas,internettipodeconexionmovil,,Característica de localización,por verificar,no,No comparable,Unidad agregada ambigua y cambios de esquema/nombre.,Excluida hasta contar con definición anual inequívoca.
2019,caracteristicas,internettipodeconexionotrotipo,,Característica de localización,por verificar,no,No comparable,Unidad agregada ambigua y cambios de esquema/nombre.,Excluida hasta contar con definición anual inequívoca.
2019,caracteristicas,internettipodeconexionsatelital,,Característica de localización,por verificar,no,No comparable,Unidad agregada ambigua y cambios de esquema/nombre.,Excluida hasta contar con definición anual inequívoca.
2019,caracteristicas,internettipodeconexiontelefonica,,Característica de localización,por verificar,no,No comparable,Unidad agregada ambigua y cambios de esquema/nombre.,Excluida hasta contar con definición anual inequívoca.
2019,caracteristicas,internettipodeserviciogratuito,,Característica de localización,por verificar,no,No comparable,Unidad agregada ambigua y cambios de esquema/nombre.,Excluida hasta contar con definición anual inequívoca.
2019,caracteristicas,internettipodeserviciopago,,Característica de localización,por verificar,no,No comparable,Unidad agregada ambigua y cambios de esquema/nombre.,Excluida hasta contar con definición anual inequívoca.
2019,caracteristicas,laboratoriofuncionaesespacioexclusivosi,,Característica de localización,por verificar,no,No comparable,Unidad agregada ambigua y cambios de esquema/nombre.,Excluida hasta contar con definición anual inequívoca.
2019,caracteristicas,sistemadegestionescolardesarrolladoporterceros,,Característica de localización,por verificar,no,No comparable,Unidad agregada ambigua y cambios de esquema/nombre.,Excluida hasta contar con definición anual inequívoca.
2019,caracteristicas,sistemadegestionescolarencargadoporelestablecimiento,,Característica de localización,por verificar,no,No comparable,Unidad agregada ambigua y cambios de esquema/nombre.,Excluida hasta contar con definición anual inequívoca.
2019,caracteristicas,sistemadegestionescolarplanilladecalculo,,Característica de localización,por verificar,no,No comparable,Unidad agregada ambigua y cambios de esquema/nombre.,Excluida hasta contar con definición anual inequívoca.
2019,caracteristicas,sistemadegestionescolarprovistoporelministerio,,Característica de localización,por verificar,no,No comparable,Unidad agregada ambigua y cambios de esquema/nombre.,Excluida hasta contar con definición anual inequívoca.
2019,caracteristicas,sistemadegestionescolarsi,,Característica de localización,por verificar,no,No comparable,Unidad agregada ambigua y cambios de esquema/nombre.,Excluida hasta contar con definición anual inequívoca.
2019,caracteristicas,subvencionestataljardindeinfantessi,,Característica de localización,por verificar,no,No comparable,Unidad agregada ambigua y cambios de esquema/nombre.,Excluida hasta contar con definición anual inequívoca.
2019,caracteristicas,subvencionestataljardinmaternalsi,,Característica de localización,por verificar,no,No comparable,Unidad agregada ambigua y cambios de esquema/nombre.,Excluida hasta contar con definición anual inequívoca.
2019,caracteristicas,subvencionestatalprimariasi,,Característica de localización,por verificar,no,No comparable,Unidad agregada ambigua y cambios de esquema/nombre.,Excluida hasta contar con definición anual inequívoca.
2019,caracteristicas,subvencionestatalsecundariasi,,Característica de localización,por verificar,no,No comparable,Unidad agregada ambigua y cambios de esquema/nombre.,Excluida hasta contar con definición anual inequívoca.
2019,caracteristicas,subvencionestatalsnusi,,Característica de localización,por verificar,no,No comparable,Unidad agregada ambigua y cambios de esquema/nombre.,Excluida hasta contar con definición anual inequívoca.
2019,derivada,repitentes/matricula_grados_comparables,proporcion_repitentes,Cociente exploratorio recalculado desde conteos comparables,proporción,sí con advertencia,Media,"Fórmula estable, pero no es tasa oficial y su interpretación atraviesa discontinuidades administrativas potenciales.",No se almacena en el parquet largo; se recalcula. Cautela especial en 2020–2022.
2019,derivada,salidos_sin_pase/matricula_inicial,proporcion_salidos_sin_pase,Cociente exploratorio recalculado desde conteos comparables,proporción,sí con advertencia,Media,"Fórmula estable, pero no es tasa oficial y su interpretación atraviesa discontinuidades administrativas potenciales.",No se almacena en el parquet largo; se recalcula. Cautela especial en 2020–2022.
2019,derivada,sobreedad/matricula_grados_comparables,proporcion_sobreedad,Cociente exploratorio recalculado desde conteos comparables,proporción,sí con advertencia,Media,"Fórmula estable, pero no es tasa oficial y su interpretación atraviesa discontinuidades administrativas potenciales.",No se almacena en el parquet largo; se recalcula. Cautela especial en 2020–2022.
2019,matricula,campo_1+campo_2+campo_3+campo_4+campo_5+campo_6+campo_7+campo_8+campo_9+campo_10+campo_11+campo_12+campo_1314,matricula_grados_comparables,Matrícula en años de estudio con repitencia y sobreedad comparables,conteo,sí,Alta,Mismas columnas componentes y mismo grano en los 15 archivos; definición común en el diccionario oficial.,No incorporar la categoría _20 añadida desde 2023; conservar sector y ámbito.
2019,matricula,lactantes+deambulantes+s2+s3+s4+s5+campo_1+campo_2+campo_3+campo_4+campo_5+campo_6+campo_7+campo_8+campo_9+campo_10+campo_11+campo_12+campo_1314+snu,matricula_total,Matrícula en categorías comunes a todos los años,conteo,sí,Alta,Mismas columnas componentes y mismo grano en los 15 archivos; definición común en el diccionario oficial.,No incorporar la categoría _20 añadida desde 2023; conservar sector y ámbito.
2019,matricula,r_1+r_2+r_3+r_4+r_5+r_6+r_7+r_8+r_9+r_10+r_11+r_12+r_1314,repitentes,Estudiantes repitentes en categorías comunes,conteo,sí,Alta,Mismas columnas componentes y mismo grano en los 15 archivos; definición común en el diccionario oficial.,No incorporar la categoría _20 añadida desde 2023; conservar sector y ámbito.
2019,matricula,s_1+s_2+s_3+s_4+s_5+s_6+s_7+s_8+s_9+s_10+s_11+s_12+s_1314,sobreedad,Estudiantes con sobreedad en categorías comunes,conteo,sí,Alta,Mismas columnas componentes y mismo grano en los 15 archivos; definición común en el diccionario oficial.,No incorporar la categoría _20 añadida desde 2023; conservar sector y ámbito.
2019,matricula,s_deambulantes,,Sobreedad en categorías de inicial,conteo,no,No comparable,Definición ambigua/inconsistente en el diccionario disponible.,No se usa sustantivamente.
2019,matricula,s_lactantes,,Sobreedad en categorías de inicial,conteo,no,No comparable,Definición ambigua/inconsistente en el diccionario disponible.,No se usa sustantivamente.
2019,matricula,s_s2,,Sobreedad en categorías de inicial,conteo,no,No comparable,Definición ambigua/inconsistente en el diccionario disponible.,No se usa sustantivamente.
2019,matricula,s_s3,,Sobreedad en categorías de inicial,conteo,no,No comparable,Definición ambigua/inconsistente en el diccionario disponible.,No se usa sustantivamente.
2019,matricula,s_s4,,Sobreedad en categorías de inicial,conteo,no,No comparable,Definición ambigua/inconsistente en el diccionario disponible.,No se usa sustantivamente.
2019,matricula,s_s5,,Sobreedad en categorías de inicial,conteo,no,No comparable,Definición ambigua/inconsistente en el diccionario disponible.,No se usa sustantivamente.
2019,trayectoria,inicial_1+inicial_2+inicial_3+inicial_4+inicial_5+inicial_6+inicial_7+inicial_8+inicial_9+inicial_10+inicial_11+inicial_12+inicial_1314,matricula_inicial,Matrícula inicial en categorías comunes,conteo,sí,Alta,Mismas columnas componentes y mismo grano en los 15 archivos; definición común en el diccionario oficial.,No incorporar la categoría _20 añadida desde 2023; conservar sector y ámbito.
2019,trayectoria,nopromo_1+nopromo_2+nopromo_3+nopromo_4+nopromo_5+nopromo_6+nopromo_7+nopromo_8+nopromo_9+nopromo_10+nopromo_11+nopromo_12+nopromo_1314,no_promovidos,No promovidos en categorías comunes,conteo,sí,Alta,Mismas columnas componentes y mismo grano en los 15 archivos; definición común en el diccionario oficial.,No incorporar la categoría _20 añadida desde 2023; conservar sector y ámbito.
2019,trayectoria,primaria_egresados,egresados_primaria,Egresados de primaria,conteo,sí,Alta,Mismas columnas componentes y mismo grano en los 15 archivos; definición común en el diccionario oficial.,No incorporar la categoría _20 añadida desde 2023; conservar sector y ámbito.
2019,trayectoria,promovidos_1+promovidos_2+promovidos_3+promovidos_4+promovidos_5+promovidos_6+promovidos_7+promovidos_8+promovidos_9+promovidos_10+promovidos_11+promovidos_12+promovidos_1314,promovidos,Promovidos en categorías comunes,conteo,sí,Alta,Mismas columnas componentes y mismo grano en los 15 archivos; definición común en el diccionario oficial.,No incorporar la categoría _20 añadida desde 2023; conservar sector y ámbito.
2019,trayectoria,scp_1+scp_2+scp_3+scp_4+scp_5+scp_6+scp_7+scp_8+scp_9+scp_10+scp_11+scp_12+scp_1314,salidos_con_pase,Salidos con pase en categorías comunes,conteo,sí,Alta,Mismas columnas componentes y mismo grano en los 15 archivos; definición común en el diccionario oficial.,No incorporar la categoría _20 añadida desde 2023; conservar sector y ámbito.
2019,trayectoria,secundaria_egresados,egresados_secundaria,Egresados de secundaria,conteo,sí,Alta,Mismas columnas componentes y mismo grano en los 15 archivos; definición común en el diccionario oficial.,No incorporar la categoría _20 añadida desde 2023; conservar sector y ámbito.
2019,trayectoria,ssp_1+ssp_2+ssp_3+ssp_4+ssp_5+ssp_6+ssp_7+ssp_8+ssp_9+ssp_10+ssp_11+ssp_12+ssp_1314,salidos_sin_pase,Salidos sin pase en categorías comunes,conteo,sí,Alta,Mismas columnas componentes y mismo grano en los 15 archivos; definición común en el diccionario oficial.,No incorporar la categoría _20 añadida desde 2023; conservar sector y ámbito.
2019,trayectoria,ultimo_1+ultimo_2+ultimo_3+ultimo_4+ultimo_5+ultimo_6+ultimo_7+ultimo_8+ultimo_9+ultimo_10+ultimo_11+ultimo_12+ultimo_1314,matricula_ultimo_dia,Matrícula al último día de clase en categorías comunes,conteo,sí,Alta,Mismas columnas componentes y mismo grano en los 15 archivos; definición común en el diccionario oficial.,No incorporar la categoría _20 añadida desde 2023; conservar sector y ámbito.
2020,caracteristicas,localizacion,localizaciones,Cantidad de localizaciones educativas,conteo,sí,Alta,Mismas columnas componentes y mismo grano en los 15 archivos; definición común en el diccionario oficial.,No incorporar la categoría _20 añadida desde 2023; conservar sector y ámbito.
2020,caracteristicas,bibliotecadisponedealmenosunasi,,Característica de localización,por verificar,no,No comparable,Unidad agregada ambigua y cambios de esquema/nombre.,Excluida hasta contar con definición anual inequívoca.
2020,caracteristicas,bibliotecafuncionaesespacioexclusivosi,,Característica de localización,por verificar,no,No comparable,Unidad agregada ambigua y cambios de esquema/nombre.,Excluida hasta contar con definición anual inequívoca.
2020,caracteristicas,cooperadoraconpersoneriajuridica,,Característica de localización,por verificar,no,No comparable,Unidad agregada ambigua y cambios de esquema/nombre.,Excluida hasta contar con definición anual inequívoca.
2020,caracteristicas,cooperadorano,,Característica de localización,por verificar,no,No comparable,Unidad agregada ambigua y cambios de esquema/nombre.,Excluida hasta contar con definición anual inequívoca.
2020,caracteristicas,cooperadorasinpersoneriajuridica,,Característica de localización,por verificar,no,No comparable,Unidad agregada ambigua y cambios de esquema/nombre.,Excluida hasta contar con definición anual inequívoca.
2020,caracteristicas,disponedesalaolaboratoriodeinformaticasi,,Característica de localización,por verificar,no,No comparable,Unidad agregada ambigua y cambios de esquema/nombre.,Excluida hasta contar con definición anual inequívoca.
2020,caracteristicas,electricidadgeneradoreolico,,Característica de localización,por verificar,no,No comparable,Unidad agregada ambigua y cambios de esquema/nombre.,Excluida hasta contar con definición anual inequívoca.
2020,caracteristicas,electricidadgeneradorhidraulico,,Característica de localización,por verificar,no,No comparable,Unidad agregada ambigua y cambios de esquema/nombre.,Excluida hasta contar con definición anual inequívoca.
2020,caracteristicas,electricidadgrupoelectrogeno,,Característica de localización,por verificar,no,No comparable,Unidad agregada ambigua y cambios de esquema/nombre.,Excluida hasta contar con definición anual inequívoca.
2020,caracteristicas,electricidadotro,,Característica de localización,por verificar,no,No comparable,Unidad agregada ambigua y cambios de esquema/nombre.,Excluida hasta contar con definición anual inequívoca.
2020,caracteristicas,electricidadpanelfotovoltaicosolar,,Característica de localización,por verificar,no,No comparable,Unidad agregada ambigua y cambios de esquema/nombre.,Excluida hasta contar con definición anual inequívoca.
2020,caracteristicas,electricidadredpublica,,Característica de localización,por verificar,no,No comparable,Unidad agregada ambigua y cambios de esquema/nombre.,Excluida hasta contar con definición anual inequívoca.
2020,caracteristicas,electricidadsi,,Característica de localización,por verificar,no,No comparable,Unidad agregada ambigua y cambios de esquema/nombre.,Excluida hasta contar con definición anual inequívoca.
2020,caracteristicas,equipamientobibliotecaequipamientobibliotecawebcam,,Característica de localización,por verificar,no,No comparable,Unidad agregada ambigua y cambios de esquema/nombre.,Excluida hasta contar con definición anual inequívoca.
2020,caracteristicas,equipamientobibliotecaequipoemisorderadioamfm,,Característica de localización,por verificar,no,No comparable,Unidad agregada ambigua y cambios de esquema/nombre.,Excluida hasta contar con definición anual inequívoca.
2020,caracteristicas,equipamientobibliotecaequiporeceptorderadioamfm,,Característica de localización,por verificar,no,No comparable,Unidad agregada ambigua y cambios de esquema/nombre.,Excluida hasta contar con definición anual inequívoca.
2020,caracteristicas,equipamientobibliotecaimpresora,,Característica de localización,por verificar,no,No comparable,Unidad agregada ambigua y cambios de esquema/nombre.,Excluida hasta contar con definición anual inequívoca.
2020,caracteristicas,equipamientobibliotecareproductordecd,,Característica de localización,por verificar,no,No comparable,Unidad agregada ambigua y cambios de esquema/nombre.,Excluida hasta contar con definición anual inequívoca.
2020,caracteristicas,equipamientobibliotecareproductordedvd,,Característica de localización,por verificar,no,No comparable,Unidad agregada ambigua y cambios de esquema/nombre.,Excluida hasta contar con definición anual inequívoca.
2020,caracteristicas,equipamientobibliotecascanner,,Característica de localización,por verificar,no,No comparable,Unidad agregada ambigua y cambios de esquema/nombre.,Excluida hasta contar con definición anual inequívoca.
2020,caracteristicas,equipamientobibliotecaservidorparausoescolar,,Característica de localización,por verificar,no,No comparable,Unidad agregada ambigua y cambios de esquema/nombre.,Excluida hasta contar con definición anual inequívoca.
2020,caracteristicas,equipamientobibliotecasistemamultimediaocanon,,Característica de localización,por verificar,no,No comparable,Unidad agregada ambigua y cambios de esquema/nombre.,Excluida hasta contar con definición anual inequívoca.
2020,caracteristicas,equipamientobibliotecatelevisor,,Característica de localización,por verificar,no,No comparable,Unidad agregada ambigua y cambios de esquema/nombre.,Excluida hasta contar con definición anual inequívoca.
2020,caracteristicas,equipamientoestablecimientoequipodesonido,,Característica de localización,por verificar,no,No comparable,Unidad agregada ambigua y cambios de esquema/nombre.,Excluida hasta contar con definición anual inequívoca.
2020,caracteristicas,equipamientoestablecimientoequipoemisorderadioamfm,,Característica de localización,por verificar,no,No comparable,Unidad agregada ambigua y cambios de esquema/nombre.,Excluida hasta contar con definición anual inequívoca.
2020,caracteristicas,equipamientoestablecimientoequiporeceptorderadioamfm,,Característica de localización,por verificar,no,No comparable,Unidad agregada ambigua y cambios de esquema/nombre.,Excluida hasta contar con definición anual inequívoca.
2020,caracteristicas,equipamientoestablecimientoimpresora,,Característica de localización,por verificar,no,No comparable,Unidad agregada ambigua y cambios de esquema/nombre.,Excluida hasta contar con definición anual inequívoca.
2020,caracteristicas,equipamientoestablecimientoimpresora3d,,Característica de localización,por verificar,no,No comparable,Unidad agregada ambigua y cambios de esquema/nombre.,Excluida hasta contar con definición anual inequívoca.
2020,caracteristicas,equipamientoestablecimientopizarrasdigitales,,Característica de localización,por verificar,no,No comparable,Unidad agregada ambigua y cambios de esquema/nombre.,Excluida hasta contar con definición anual inequívoca.
2020,caracteristicas,equipamientoestablecimientoreproductordecd,,Característica de localización,por verificar,no,No comparable,Unidad agregada ambigua y cambios de esquema/nombre.,Excluida hasta contar con definición anual inequívoca.
2020,caracteristicas,equipamientoestablecimientoreproductordedvd,,Característica de localización,por verificar,no,No comparable,Unidad agregada ambigua y cambios de esquema/nombre.,Excluida hasta contar con definición anual inequívoca.
2020,caracteristicas,equipamientoestablecimientoscanner,,Característica de localización,por verificar,no,No comparable,Unidad agregada ambigua y cambios de esquema/nombre.,Excluida hasta contar con definición anual inequívoca.
2020,caracteristicas,equipamientoestablecimientoservidorparausoescolar,,Característica de localización,por verificar,no,No comparable,Unidad agregada ambigua y cambios de esquema/nombre.,Excluida hasta contar con definición anual inequívoca.
2020,caracteristicas,equipamientoestablecimientosistemamultimediaocanon,,Característica de localización,por verificar,no,No comparable,Unidad agregada ambigua y cambios de esquema/nombre.,Excluida hasta contar con definición anual inequívoca.
2020,caracteristicas,equipamientoestablecimientotelevisor,,Característica de localización,por verificar,no,No comparable,Unidad agregada ambigua y cambios de esquema/nombre.,Excluida hasta contar con definición anual inequívoca.
2020,caracteristicas,equipamientoestablecimientowebcam,,Característica de localización,por verificar,no,No comparable,Unidad agregada ambigua y cambios de esquema/nombre.,Excluida hasta contar con definición anual inequívoca.
2020,caracteristicas,espaciosconconexionenelareadeadministracion,,Característica de localización,por verificar,no,No comparable,Unidad agregada ambigua y cambios de esquema/nombre.,Excluida hasta contar con definición anual inequívoca.
2020,caracteristicas,espaciosconconexionenellaboratorio,,Característica de localización,por verificar,no,No comparable,Unidad agregada ambigua y cambios de esquema/nombre.,Excluida hasta contar con definición anual inequívoca.
2020,caracteristicas,espaciosconconexionenlabibliotecas,,Característica de localización,por verificar,no,No comparable,Unidad agregada ambigua y cambios de esquema/nombre.,Excluida hasta contar con definición anual inequívoca.
2020,caracteristicas,espaciosconconexionenlasaulas,,Característica de localización,por verificar,no,No comparable,Unidad agregada ambigua y cambios de esquema/nombre.,Excluida hasta contar con definición anual inequívoca.
2020,caracteristicas,espaciosconconexionenotroespaciodelestablecimiento,,Característica de localización,por verificar,no,No comparable,Unidad agregada ambigua y cambios de esquema/nombre.,Excluida hasta contar con definición anual inequívoca.
2020,caracteristicas,internettipodeconexionadsl,,Característica de localización,por verificar,no,No comparable,Unidad agregada ambigua y cambios de esquema/nombre.,Excluida hasta contar con definición anual inequívoca.
2020,caracteristicas,internettipodeconexioncablemodem,,Característica de localización,por verificar,no,No comparable,Unidad agregada ambigua y cambios de esquema/nombre.,Excluida hasta contar con definición anual inequívoca.
2020,caracteristicas,internettipodeconexionmovil,,Característica de localización,por verificar,no,No comparable,Unidad agregada ambigua y cambios de esquema/nombre.,Excluida hasta contar con definición anual inequívoca.
2020,caracteristicas,internettipodeconexionotrotipo,,Característica de localización,por verificar,no,No comparable,Unidad agregada ambigua y cambios de esquema/nombre.,Excluida hasta contar con definición anual inequívoca.
2020,caracteristicas,internettipodeconexionsatelital,,Característica de localización,por verificar,no,No comparable,Unidad agregada ambigua y cambios de esquema/nombre.,Excluida hasta contar con definición anual inequívoca.
2020,caracteristicas,internettipodeconexiontelefonica,,Característica de localización,por verificar,no,No comparable,Unidad agregada ambigua y cambios de esquema/nombre.,Excluida hasta contar con definición anual inequívoca.
2020,caracteristicas,internettipodeserviciogratuito,,Característica de localización,por verificar,no,No comparable,Unidad agregada ambigua y cambios de esquema/nombre.,Excluida hasta contar con definición anual inequívoca.
2020,caracteristicas,internettipodeserviciopago,,Característica de localización,por verificar,no,No comparable,Unidad agregada ambigua y cambios de esquema/nombre.,Excluida hasta contar con definición anual inequívoca.
2020,caracteristicas,laboratoriofuncionaesespacioexclusivosi,,Característica de localización,por verificar,no,No comparable,Unidad agregada ambigua y cambios de esquema/nombre.,Excluida hasta contar con definición anual inequívoca.
2020,caracteristicas,sistemadegestionescolardesarrolladoporterceros,,Característica de localización,por verificar,no,No comparable,Unidad agregada ambigua y cambios de esquema/nombre.,Excluida hasta contar con definición anual inequívoca.
2020,caracteristicas,sistemadegestionescolarencargadoporelestablecimiento,,Característica de localización,por verificar,no,No comparable,Unidad agregada ambigua y cambios de esquema/nombre.,Excluida hasta contar con definición anual inequívoca.
2020,caracteristicas,sistemadegestionescolarplanilladecalculo,,Característica de localización,por verificar,no,No comparable,Unidad agregada ambigua y cambios de esquema/nombre.,Excluida hasta contar con definición anual inequívoca.
2020,caracteristicas,sistemadegestionescolarprovistoporelministerio,,Característica de localización,por verificar,no,No comparable,Unidad agregada ambigua y cambios de esquema/nombre.,Excluida hasta contar con definición anual inequívoca.
2020,caracteristicas,sistemadegestionescolarsi,,Característica de localización,por verificar,no,No comparable,Unidad agregada ambigua y cambios de esquema/nombre.,Excluida hasta contar con definición anual inequívoca.
2020,caracteristicas,subvencionestataljardindeinfantessi,,Característica de localización,por verificar,no,No comparable,Unidad agregada ambigua y cambios de esquema/nombre.,Excluida hasta contar con definición anual inequívoca.
2020,caracteristicas,subvencionestataljardinmaternalsi,,Característica de localización,por verificar,no,No comparable,Unidad agregada ambigua y cambios de esquema/nombre.,Excluida hasta contar con definición anual inequívoca.
2020,caracteristicas,subvencionestatalprimariasi,,Característica de localización,por verificar,no,No comparable,Unidad agregada ambigua y cambios de esquema/nombre.,Excluida hasta contar con definición anual inequívoca.
2020,caracteristicas,subvencionestatalsecundariasi,,Característica de localización,por verificar,no,No comparable,Unidad agregada ambigua y cambios de esquema/nombre.,Excluida hasta contar con definición anual inequívoca.
2020,caracteristicas,subvencionestatalsnusi,,Característica de localización,por verificar,no,No comparable,Unidad agregada ambigua y cambios de esquema/nombre.,Excluida hasta contar con definición anual inequívoca.
2020,derivada,repitentes/matricula_grados_comparables,proporcion_repitentes,Cociente exploratorio recalculado desde conteos comparables,proporción,sí con advertencia,Media,"Fórmula estable, pero no es tasa oficial y su interpretación atraviesa discontinuidades administrativas potenciales.",No se almacena en el parquet largo; se recalcula. Cautela especial en 2020–2022.
2020,derivada,salidos_sin_pase/matricula_inicial,proporcion_salidos_sin_pase,Cociente exploratorio recalculado desde conteos comparables,proporción,sí con advertencia,Media,"Fórmula estable, pero no es tasa oficial y su interpretación atraviesa discontinuidades administrativas potenciales.",No se almacena en el parquet largo; se recalcula. Cautela especial en 2020–2022.
2020,derivada,sobreedad/matricula_grados_comparables,proporcion_sobreedad,Cociente exploratorio recalculado desde conteos comparables,proporción,sí con advertencia,Media,"Fórmula estable, pero no es tasa oficial y su interpretación atraviesa discontinuidades administrativas potenciales.",No se almacena en el parquet largo; se recalcula. Cautela especial en 2020–2022.
2020,matricula,campo_1+campo_2+campo_3+campo_4+campo_5+campo_6+campo_7+campo_8+campo_9+campo_10+campo_11+campo_12+campo_1314,matricula_grados_comparables,Matrícula en años de estudio con repitencia y sobreedad comparables,conteo,sí,Alta,Mismas columnas componentes y mismo grano en los 15 archivos; definición común en el diccionario oficial.,No incorporar la categoría _20 añadida desde 2023; conservar sector y ámbito.
2020,matricula,lactantes+deambulantes+s2+s3+s4+s5+campo_1+campo_2+campo_3+campo_4+campo_5+campo_6+campo_7+campo_8+campo_9+campo_10+campo_11+campo_12+campo_1314+snu,matricula_total,Matrícula en categorías comunes a todos los años,conteo,sí,Alta,Mismas columnas componentes y mismo grano en los 15 archivos; definición común en el diccionario oficial.,No incorporar la categoría _20 añadida desde 2023; conservar sector y ámbito.
2020,matricula,r_1+r_2+r_3+r_4+r_5+r_6+r_7+r_8+r_9+r_10+r_11+r_12+r_1314,repitentes,Estudiantes repitentes en categorías comunes,conteo,sí,Alta,Mismas columnas componentes y mismo grano en los 15 archivos; definición común en el diccionario oficial.,No incorporar la categoría _20 añadida desde 2023; conservar sector y ámbito.
2020,matricula,s_1+s_2+s_3+s_4+s_5+s_6+s_7+s_8+s_9+s_10+s_11+s_12+s_1314,sobreedad,Estudiantes con sobreedad en categorías comunes,conteo,sí,Alta,Mismas columnas componentes y mismo grano en los 15 archivos; definición común en el diccionario oficial.,No incorporar la categoría _20 añadida desde 2023; conservar sector y ámbito.
2020,matricula,s_deambulantes,,Sobreedad en categorías de inicial,conteo,no,No comparable,Definición ambigua/inconsistente en el diccionario disponible.,No se usa sustantivamente.
2020,matricula,s_lactantes,,Sobreedad en categorías de inicial,conteo,no,No comparable,Definición ambigua/inconsistente en el diccionario disponible.,No se usa sustantivamente.
2020,matricula,s_s2,,Sobreedad en categorías de inicial,conteo,no,No comparable,Definición ambigua/inconsistente en el diccionario disponible.,No se usa sustantivamente.
2020,matricula,s_s3,,Sobreedad en categorías de inicial,conteo,no,No comparable,Definición ambigua/inconsistente en el diccionario disponible.,No se usa sustantivamente.
2020,matricula,s_s4,,Sobreedad en categorías de inicial,conteo,no,No comparable,Definición ambigua/inconsistente en el diccionario disponible.,No se usa sustantivamente.
2020,matricula,s_s5,,Sobreedad en categorías de inicial,conteo,no,No comparable,Definición ambigua/inconsistente en el diccionario disponible.,No se usa sustantivamente.
2020,trayectoria,inicial_1+inicial_2+inicial_3+inicial_4+inicial_5+inicial_6+inicial_7+inicial_8+inicial_9+inicial_10+inicial_11+inicial_12+inicial_1314,matricula_inicial,Matrícula inicial en categorías comunes,conteo,sí,Alta,Mismas columnas componentes y mismo grano en los 15 archivos; definición común en el diccionario oficial.,No incorporar la categoría _20 añadida desde 2023; conservar sector y ámbito.
2020,trayectoria,nopromo_1+nopromo_2+nopromo_3+nopromo_4+nopromo_5+nopromo_6+nopromo_7+nopromo_8+nopromo_9+nopromo_10+nopromo_11+nopromo_12+nopromo_1314,no_promovidos,No promovidos en categorías comunes,conteo,sí,Alta,Mismas columnas componentes y mismo grano en los 15 archivos; definición común en el diccionario oficial.,No incorporar la categoría _20 añadida desde 2023; conservar sector y ámbito.
2020,trayectoria,primaria_egresados,egresados_primaria,Egresados de primaria,conteo,sí,Alta,Mismas columnas componentes y mismo grano en los 15 archivos; definición común en el diccionario oficial.,No incorporar la categoría _20 añadida desde 2023; conservar sector y ámbito.
2020,trayectoria,promovidos_1+promovidos_2+promovidos_3+promovidos_4+promovidos_5+promovidos_6+promovidos_7+promovidos_8+promovidos_9+promovidos_10+promovidos_11+promovidos_12+promovidos_1314,promovidos,Promovidos en categorías comunes,conteo,sí,Alta,Mismas columnas componentes y mismo grano en los 15 archivos; definición común en el diccionario oficial.,No incorporar la categoría _20 añadida desde 2023; conservar sector y ámbito.
2020,trayectoria,scp_1+scp_2+scp_3+scp_4+scp_5+scp_6+scp_7+scp_8+scp_9+scp_10+scp_11+scp_12+scp_1314,salidos_con_pase,Salidos con pase en categorías comunes,conteo,sí,Alta,Mismas columnas componentes y mismo grano en los 15 archivos; definición común en el diccionario oficial.,No incorporar la categoría _20 añadida desde 2023; conservar sector y ámbito.
2020,trayectoria,secundaria_egresados,egresados_secundaria,Egresados de secundaria,conteo,sí,Alta,Mismas columnas componentes y mismo grano en los 15 archivos; definición común en el diccionario oficial.,No incorporar la categoría _20 añadida desde 2023; conservar sector y ámbito.
2020,trayectoria,ssp_1+ssp_2+ssp_3+ssp_4+ssp_5+ssp_6+ssp_7+ssp_8+ssp_9+ssp_10+ssp_11+ssp_12+ssp_1314,salidos_sin_pase,Salidos sin pase en categorías comunes,conteo,sí,Alta,Mismas columnas componentes y mismo grano en los 15 archivos; definición común en el diccionario oficial.,No incorporar la categoría _20 añadida desde 2023; conservar sector y ámbito.
2020,trayectoria,ultimo_1+ultimo_2+ultimo_3+ultimo_4+ultimo_5+ultimo_6+ultimo_7+ultimo_8+ultimo_9+ultimo_10+ultimo_11+ultimo_12+ultimo_1314,matricula_ultimo_dia,Matrícula al último día de clase en categorías comunes,conteo,sí,Alta,Mismas columnas componentes y mismo grano en los 15 archivos; definición común en el diccionario oficial.,No incorporar la categoría _20 añadida desde 2023; conservar sector y ámbito.
2021,caracteristicas,localizacion,localizaciones,Cantidad de localizaciones educativas,conteo,sí,Alta,Mismas columnas componentes y mismo grano en los 15 archivos; definición común en el diccionario oficial.,No incorporar la categoría _20 añadida desde 2023; conservar sector y ámbito.
2021,caracteristicas,bibliotecadisponedealmenosunasi,,Característica de localización,por verificar,no,No comparable,Unidad agregada ambigua y cambios de esquema/nombre.,Excluida hasta contar con definición anual inequívoca.
2021,caracteristicas,bibliotecafuncionaesespacioexclusivosi,,Característica de localización,por verificar,no,No comparable,Unidad agregada ambigua y cambios de esquema/nombre.,Excluida hasta contar con definición anual inequívoca.
2021,caracteristicas,cooperadoraconpersoneriajuridica,,Característica de localización,por verificar,no,No comparable,Unidad agregada ambigua y cambios de esquema/nombre.,Excluida hasta contar con definición anual inequívoca.
2021,caracteristicas,cooperadorano,,Característica de localización,por verificar,no,No comparable,Unidad agregada ambigua y cambios de esquema/nombre.,Excluida hasta contar con definición anual inequívoca.
2021,caracteristicas,cooperadorasinpersoneriajuridica,,Característica de localización,por verificar,no,No comparable,Unidad agregada ambigua y cambios de esquema/nombre.,Excluida hasta contar con definición anual inequívoca.
2021,caracteristicas,disponedesalaolaboratoriodeinformaticasi,,Característica de localización,por verificar,no,No comparable,Unidad agregada ambigua y cambios de esquema/nombre.,Excluida hasta contar con definición anual inequívoca.
2021,caracteristicas,electricidadgeneradoreolico,,Característica de localización,por verificar,no,No comparable,Unidad agregada ambigua y cambios de esquema/nombre.,Excluida hasta contar con definición anual inequívoca.
2021,caracteristicas,electricidadgeneradorhidraulico,,Característica de localización,por verificar,no,No comparable,Unidad agregada ambigua y cambios de esquema/nombre.,Excluida hasta contar con definición anual inequívoca.
2021,caracteristicas,electricidadgrupoelectrogeno,,Característica de localización,por verificar,no,No comparable,Unidad agregada ambigua y cambios de esquema/nombre.,Excluida hasta contar con definición anual inequívoca.
2021,caracteristicas,electricidadotro,,Característica de localización,por verificar,no,No comparable,Unidad agregada ambigua y cambios de esquema/nombre.,Excluida hasta contar con definición anual inequívoca.
2021,caracteristicas,electricidadpanelfotovoltaicosolar,,Característica de localización,por verificar,no,No comparable,Unidad agregada ambigua y cambios de esquema/nombre.,Excluida hasta contar con definición anual inequívoca.
2021,caracteristicas,electricidadredpublica,,Característica de localización,por verificar,no,No comparable,Unidad agregada ambigua y cambios de esquema/nombre.,Excluida hasta contar con definición anual inequívoca.
2021,caracteristicas,electricidadsi,,Característica de localización,por verificar,no,No comparable,Unidad agregada ambigua y cambios de esquema/nombre.,Excluida hasta contar con definición anual inequívoca.
2021,caracteristicas,equipamientobibliotecaequipamientobibliotecawebcam,,Característica de localización,por verificar,no,No comparable,Unidad agregada ambigua y cambios de esquema/nombre.,Excluida hasta contar con definición anual inequívoca.
2021,caracteristicas,equipamientobibliotecaequipoemisorderadioamfm,,Característica de localización,por verificar,no,No comparable,Unidad agregada ambigua y cambios de esquema/nombre.,Excluida hasta contar con definición anual inequívoca.
2021,caracteristicas,equipamientobibliotecaequiporeceptorderadioamfm,,Característica de localización,por verificar,no,No comparable,Unidad agregada ambigua y cambios de esquema/nombre.,Excluida hasta contar con definición anual inequívoca.
2021,caracteristicas,equipamientobibliotecaimpresora,,Característica de localización,por verificar,no,No comparable,Unidad agregada ambigua y cambios de esquema/nombre.,Excluida hasta contar con definición anual inequívoca.
2021,caracteristicas,equipamientobibliotecareproductordecd,,Característica de localización,por verificar,no,No comparable,Unidad agregada ambigua y cambios de esquema/nombre.,Excluida hasta contar con definición anual inequívoca.
2021,caracteristicas,equipamientobibliotecareproductordedvd,,Característica de localización,por verificar,no,No comparable,Unidad agregada ambigua y cambios de esquema/nombre.,Excluida hasta contar con definición anual inequívoca.
2021,caracteristicas,equipamientobibliotecascanner,,Característica de localización,por verificar,no,No comparable,Unidad agregada ambigua y cambios de esquema/nombre.,Excluida hasta contar con definición anual inequívoca.
2021,caracteristicas,equipamientobibliotecaservidorparausoescolar,,Característica de localización,por verificar,no,No comparable,Unidad agregada ambigua y cambios de esquema/nombre.,Excluida hasta contar con definición anual inequívoca.
2021,caracteristicas,equipamientobibliotecasistemamultimediaocanon,,Característica de localización,por verificar,no,No comparable,Unidad agregada ambigua y cambios de esquema/nombre.,Excluida hasta contar con definición anual inequívoca.
2021,caracteristicas,equipamientobibliotecatelevisor,,Característica de localización,por verificar,no,No comparable,Unidad agregada ambigua y cambios de esquema/nombre.,Excluida hasta contar con definición anual inequívoca.
2021,caracteristicas,equipamientoestablecimientoequipodesonido,,Característica de localización,por verificar,no,No comparable,Unidad agregada ambigua y cambios de esquema/nombre.,Excluida hasta contar con definición anual inequívoca.
2021,caracteristicas,equipamientoestablecimientoequipoemisorderadioamfm,,Característica de localización,por verificar,no,No comparable,Unidad agregada ambigua y cambios de esquema/nombre.,Excluida hasta contar con definición anual inequívoca.
2021,caracteristicas,equipamientoestablecimientoequiporeceptorderadioamfm,,Característica de localización,por verificar,no,No comparable,Unidad agregada ambigua y cambios de esquema/nombre.,Excluida hasta contar con definición anual inequívoca.
2021,caracteristicas,equipamientoestablecimientoimpresora,,Característica de localización,por verificar,no,No comparable,Unidad agregada ambigua y cambios de esquema/nombre.,Excluida hasta contar con definición anual inequívoca.
2021,caracteristicas,equipamientoestablecimientoimpresora3d,,Característica de localización,por verificar,no,No comparable,Unidad agregada ambigua y cambios de esquema/nombre.,Excluida hasta contar con definición anual inequívoca.
2021,caracteristicas,equipamientoestablecimientopizarrasdigitales,,Característica de localización,por verificar,no,No comparable,Unidad agregada ambigua y cambios de esquema/nombre.,Excluida hasta contar con definición anual inequívoca.
2021,caracteristicas,equipamientoestablecimientoreproductordecd,,Característica de localización,por verificar,no,No comparable,Unidad agregada ambigua y cambios de esquema/nombre.,Excluida hasta contar con definición anual inequívoca.
2021,caracteristicas,equipamientoestablecimientoreproductordedvd,,Característica de localización,por verificar,no,No comparable,Unidad agregada ambigua y cambios de esquema/nombre.,Excluida hasta contar con definición anual inequívoca.
2021,caracteristicas,equipamientoestablecimientoscanner,,Característica de localización,por verificar,no,No comparable,Unidad agregada ambigua y cambios de esquema/nombre.,Excluida hasta contar con definición anual inequívoca.
2021,caracteristicas,equipamientoestablecimientoservidorparausoescolar,,Característica de localización,por verificar,no,No comparable,Unidad agregada ambigua y cambios de esquema/nombre.,Excluida hasta contar con definición anual inequívoca.
2021,caracteristicas,equipamientoestablecimientosistemamultimediaocanon,,Característica de localización,por verificar,no,No comparable,Unidad agregada ambigua y cambios de esquema/nombre.,Excluida hasta contar con definición anual inequívoca.
2021,caracteristicas,equipamientoestablecimientotelevisor,,Característica de localización,por verificar,no,No comparable,Unidad agregada ambigua y cambios de esquema/nombre.,Excluida hasta contar con definición anual inequívoca.
2021,caracteristicas,equipamientoestablecimientowebcam,,Característica de localización,por verificar,no,No comparable,Unidad agregada ambigua y cambios de esquema/nombre.,Excluida hasta contar con definición anual inequívoca.
2021,caracteristicas,espaciosconconexionenelareadeadministracion,,Característica de localización,por verificar,no,No comparable,Unidad agregada ambigua y cambios de esquema/nombre.,Excluida hasta contar con definición anual inequívoca.
2021,caracteristicas,espaciosconconexionenellaboratorio,,Característica de localización,por verificar,no,No comparable,Unidad agregada ambigua y cambios de esquema/nombre.,Excluida hasta contar con definición anual inequívoca.
2021,caracteristicas,espaciosconconexionenlabibliotecas,,Característica de localización,por verificar,no,No comparable,Unidad agregada ambigua y cambios de esquema/nombre.,Excluida hasta contar con definición anual inequívoca.
2021,caracteristicas,espaciosconconexionenlasaulas,,Característica de localización,por verificar,no,No comparable,Unidad agregada ambigua y cambios de esquema/nombre.,Excluida hasta contar con definición anual inequívoca.
2021,caracteristicas,espaciosconconexionenotroespaciodelestablecimiento,,Característica de localización,por verificar,no,No comparable,Unidad agregada ambigua y cambios de esquema/nombre.,Excluida hasta contar con definición anual inequívoca.
2021,caracteristicas,internettipodeconexionadsl,,Característica de localización,por verificar,no,No comparable,Unidad agregada ambigua y cambios de esquema/nombre.,Excluida hasta contar con definición anual inequívoca.
2021,caracteristicas,internettipodeconexioncablemodem,,Característica de localización,por verificar,no,No comparable,Unidad agregada ambigua y cambios de esquema/nombre.,Excluida hasta contar con definición anual inequívoca.
2021,caracteristicas,internettipodeconexionmovil,,Característica de localización,por verificar,no,No comparable,Unidad agregada ambigua y cambios de esquema/nombre.,Excluida hasta contar con definición anual inequívoca.
2021,caracteristicas,internettipodeconexionotrotipo,,Característica de localización,por verificar,no,No comparable,Unidad agregada ambigua y cambios de esquema/nombre.,Excluida hasta contar con definición anual inequívoca.
2021,caracteristicas,internettipodeconexionsatelital,,Característica de localización,por verificar,no,No comparable,Unidad agregada ambigua y cambios de esquema/nombre.,Excluida hasta contar con definición anual inequívoca.
2021,caracteristicas,internettipodeconexiontelefonica,,Característica de localización,por verificar,no,No comparable,Unidad agregada ambigua y cambios de esquema/nombre.,Excluida hasta contar con definición anual inequívoca.
2021,caracteristicas,internettipodeserviciogratuito,,Característica de localización,por verificar,no,No comparable,Unidad agregada ambigua y cambios de esquema/nombre.,Excluida hasta contar con definición anual inequívoca.
2021,caracteristicas,internettipodeserviciopago,,Característica de localización,por verificar,no,No comparable,Unidad agregada ambigua y cambios de esquema/nombre.,Excluida hasta contar con definición anual inequívoca.
2021,caracteristicas,laboratoriofuncionaesespacioexclusivosi,,Característica de localización,por verificar,no,No comparable,Unidad agregada ambigua y cambios de esquema/nombre.,Excluida hasta contar con definición anual inequívoca.
2021,caracteristicas,sistemadegestionescolardesarrolladoporterceros,,Característica de localización,por verificar,no,No comparable,Unidad agregada ambigua y cambios de esquema/nombre.,Excluida hasta contar con definición anual inequívoca.
2021,caracteristicas,sistemadegestionescolarencargadoporelestablecimiento,,Característica de localización,por verificar,no,No comparable,Unidad agregada ambigua y cambios de esquema/nombre.,Excluida hasta contar con definición anual inequívoca.
2021,caracteristicas,sistemadegestionescolarplanilladecalculo,,Característica de localización,por verificar,no,No comparable,Unidad agregada ambigua y cambios de esquema/nombre.,Excluida hasta contar con definición anual inequívoca.
2021,caracteristicas,sistemadegestionescolarprovistoporelministerio,,Característica de localización,por verificar,no,No comparable,Unidad agregada ambigua y cambios de esquema/nombre.,Excluida hasta contar con definición anual inequívoca.
2021,caracteristicas,sistemadegestionescolarsi,,Característica de localización,por verificar,no,No comparable,Unidad agregada ambigua y cambios de esquema/nombre.,Excluida hasta contar con definición anual inequívoca.
2021,caracteristicas,subvencionestataljardindeinfantessi,,Característica de localización,por verificar,no,No comparable,Unidad agregada ambigua y cambios de esquema/nombre.,Excluida hasta contar con definición anual inequívoca.
2021,caracteristicas,subvencionestataljardinmaternalsi,,Característica de localización,por verificar,no,No comparable,Unidad agregada ambigua y cambios de esquema/nombre.,Excluida hasta contar con definición anual inequívoca.
2021,caracteristicas,subvencionestatalprimariasi,,Característica de localización,por verificar,no,No comparable,Unidad agregada ambigua y cambios de esquema/nombre.,Excluida hasta contar con definición anual inequívoca.
2021,caracteristicas,subvencionestatalsecundariasi,,Característica de localización,por verificar,no,No comparable,Unidad agregada ambigua y cambios de esquema/nombre.,Excluida hasta contar con definición anual inequívoca.
2021,caracteristicas,subvencionestatalsnusi,,Característica de localización,por verificar,no,No comparable,Unidad agregada ambigua y cambios de esquema/nombre.,Excluida hasta contar con definición anual inequívoca.
2021,derivada,repitentes/matricula_grados_comparables,proporcion_repitentes,Cociente exploratorio recalculado desde conteos comparables,proporción,sí con advertencia,Media,"Fórmula estable, pero no es tasa oficial y su interpretación atraviesa discontinuidades administrativas potenciales.",No se almacena en el parquet largo; se recalcula. Cautela especial en 2020–2022.
2021,derivada,salidos_sin_pase/matricula_inicial,proporcion_salidos_sin_pase,Cociente exploratorio recalculado desde conteos comparables,proporción,sí con advertencia,Media,"Fórmula estable, pero no es tasa oficial y su interpretación atraviesa discontinuidades administrativas potenciales.",No se almacena en el parquet largo; se recalcula. Cautela especial en 2020–2022.
2021,derivada,sobreedad/matricula_grados_comparables,proporcion_sobreedad,Cociente exploratorio recalculado desde conteos comparables,proporción,sí con advertencia,Media,"Fórmula estable, pero no es tasa oficial y su interpretación atraviesa discontinuidades administrativas potenciales.",No se almacena en el parquet largo; se recalcula. Cautela especial en 2020–2022.
2021,matricula,campo_1+campo_2+campo_3+campo_4+campo_5+campo_6+campo_7+campo_8+campo_9+campo_10+campo_11+campo_12+campo_1314,matricula_grados_comparables,Matrícula en años de estudio con repitencia y sobreedad comparables,conteo,sí,Alta,Mismas columnas componentes y mismo grano en los 15 archivos; definición común en el diccionario oficial.,No incorporar la categoría _20 añadida desde 2023; conservar sector y ámbito.
2021,matricula,lactantes+deambulantes+s2+s3+s4+s5+campo_1+campo_2+campo_3+campo_4+campo_5+campo_6+campo_7+campo_8+campo_9+campo_10+campo_11+campo_12+campo_1314+snu,matricula_total,Matrícula en categorías comunes a todos los años,conteo,sí,Alta,Mismas columnas componentes y mismo grano en los 15 archivos; definición común en el diccionario oficial.,No incorporar la categoría _20 añadida desde 2023; conservar sector y ámbito.
2021,matricula,r_1+r_2+r_3+r_4+r_5+r_6+r_7+r_8+r_9+r_10+r_11+r_12+r_1314,repitentes,Estudiantes repitentes en categorías comunes,conteo,sí,Alta,Mismas columnas componentes y mismo grano en los 15 archivos; definición común en el diccionario oficial.,No incorporar la categoría _20 añadida desde 2023; conservar sector y ámbito.
2021,matricula,s_1+s_2+s_3+s_4+s_5+s_6+s_7+s_8+s_9+s_10+s_11+s_12+s_1314,sobreedad,Estudiantes con sobreedad en categorías comunes,conteo,sí,Alta,Mismas columnas componentes y mismo grano en los 15 archivos; definición común en el diccionario oficial.,No incorporar la categoría _20 añadida desde 2023; conservar sector y ámbito.
2021,matricula,s_deambulantes,,Sobreedad en categorías de inicial,conteo,no,No comparable,Definición ambigua/inconsistente en el diccionario disponible.,No se usa sustantivamente.
2021,matricula,s_lactantes,,Sobreedad en categorías de inicial,conteo,no,No comparable,Definición ambigua/inconsistente en el diccionario disponible.,No se usa sustantivamente.
2021,matricula,s_s2,,Sobreedad en categorías de inicial,conteo,no,No comparable,Definición ambigua/inconsistente en el diccionario disponible.,No se usa sustantivamente.
2021,matricula,s_s3,,Sobreedad en categorías de inicial,conteo,no,No comparable,Definición ambigua/inconsistente en el diccionario disponible.,No se usa sustantivamente.
2021,matricula,s_s4,,Sobreedad en categorías de inicial,conteo,no,No comparable,Definición ambigua/inconsistente en el diccionario disponible.,No se usa sustantivamente.
2021,matricula,s_s5,,Sobreedad en categorías de inicial,conteo,no,No comparable,Definición ambigua/inconsistente en el diccionario disponible.,No se usa sustantivamente.
2021,trayectoria,inicial_1+inicial_2+inicial_3+inicial_4+inicial_5+inicial_6+inicial_7+inicial_8+inicial_9+inicial_10+inicial_11+inicial_12+inicial_1314,matricula_inicial,Matrícula inicial en categorías comunes,conteo,sí,Alta,Mismas columnas componentes y mismo grano en los 15 archivos; definición común en el diccionario oficial.,No incorporar la categoría _20 añadida desde 2023; conservar sector y ámbito.
2021,trayectoria,nopromo_1+nopromo_2+nopromo_3+nopromo_4+nopromo_5+nopromo_6+nopromo_7+nopromo_8+nopromo_9+nopromo_10+nopromo_11+nopromo_12+nopromo_1314,no_promovidos,No promovidos en categorías comunes,conteo,sí,Alta,Mismas columnas componentes y mismo grano en los 15 archivos; definición común en el diccionario oficial.,No incorporar la categoría _20 añadida desde 2023; conservar sector y ámbito.
2021,trayectoria,primaria_egresados,egresados_primaria,Egresados de primaria,conteo,sí,Alta,Mismas columnas componentes y mismo grano en los 15 archivos; definición común en el diccionario oficial.,No incorporar la categoría _20 añadida desde 2023; conservar sector y ámbito.
2021,trayectoria,promovidos_1+promovidos_2+promovidos_3+promovidos_4+promovidos_5+promovidos_6+promovidos_7+promovidos_8+promovidos_9+promovidos_10+promovidos_11+promovidos_12+promovidos_1314,promovidos,Promovidos en categorías comunes,conteo,sí,Alta,Mismas columnas componentes y mismo grano en los 15 archivos; definición común en el diccionario oficial.,No incorporar la categoría _20 añadida desde 2023; conservar sector y ámbito.
2021,trayectoria,scp_1+scp_2+scp_3+scp_4+scp_5+scp_6+scp_7+scp_8+scp_9+scp_10+scp_11+scp_12+scp_1314,salidos_con_pase,Salidos con pase en categorías comunes,conteo,sí,Alta,Mismas columnas componentes y mismo grano en los 15 archivos; definición común en el diccionario oficial.,No incorporar la categoría _20 añadida desde 2023; conservar sector y ámbito.
2021,trayectoria,secundaria_egresados,egresados_secundaria,Egresados de secundaria,conteo,sí,Alta,Mismas columnas componentes y mismo grano en los 15 archivos; definición común en el diccionario oficial.,No incorporar la categoría _20 añadida desde 2023; conservar sector y ámbito.
2021,trayectoria,ssp_1+ssp_2+ssp_3+ssp_4+ssp_5+ssp_6+ssp_7+ssp_8+ssp_9+ssp_10+ssp_11+ssp_12+ssp_1314,salidos_sin_pase,Salidos sin pase en categorías comunes,conteo,sí,Alta,Mismas columnas componentes y mismo grano en los 15 archivos; definición común en el diccionario oficial.,No incorporar la categoría _20 añadida desde 2023; conservar sector y ámbito.
2021,trayectoria,ultimo_1+ultimo_2+ultimo_3+ultimo_4+ultimo_5+ultimo_6+ultimo_7+ultimo_8+ultimo_9+ultimo_10+ultimo_11+ultimo_12+ultimo_1314,matricula_ultimo_dia,Matrícula al último día de clase en categorías comunes,conteo,sí,Alta,Mismas columnas componentes y mismo grano en los 15 archivos; definición común en el diccionario oficial.,No incorporar la categoría _20 añadida desde 2023; conservar sector y ámbito.
2022,caracteristicas,localizacion,localizaciones,Cantidad de localizaciones educativas,conteo,sí,Alta,Mismas columnas componentes y mismo grano en los 15 archivos; definición común en el diccionario oficial.,No incorporar la categoría _20 añadida desde 2023; conservar sector y ámbito.
2022,caracteristicas,bibliotecadisponedealmenosunasi,,Característica de localización,por verificar,no,No comparable,Unidad agregada ambigua y cambios de esquema/nombre.,Excluida hasta contar con definición anual inequívoca.
2022,caracteristicas,bibliotecafuncionaesespacioexclusivosi,,Característica de localización,por verificar,no,No comparable,Unidad agregada ambigua y cambios de esquema/nombre.,Excluida hasta contar con definición anual inequívoca.
2022,caracteristicas,cooperadoraconpersoneriajuridica,,Característica de localización,por verificar,no,No comparable,Unidad agregada ambigua y cambios de esquema/nombre.,Excluida hasta contar con definición anual inequívoca.
2022,caracteristicas,cooperadorano,,Característica de localización,por verificar,no,No comparable,Unidad agregada ambigua y cambios de esquema/nombre.,Excluida hasta contar con definición anual inequívoca.
2022,caracteristicas,cooperadorasinpersoneriajuridica,,Característica de localización,por verificar,no,No comparable,Unidad agregada ambigua y cambios de esquema/nombre.,Excluida hasta contar con definición anual inequívoca.
2022,caracteristicas,disponedesalaolaboratoriodeinformaticasi,,Característica de localización,por verificar,no,No comparable,Unidad agregada ambigua y cambios de esquema/nombre.,Excluida hasta contar con definición anual inequívoca.
2022,caracteristicas,electricidadgeneradoreolico,,Característica de localización,por verificar,no,No comparable,Unidad agregada ambigua y cambios de esquema/nombre.,Excluida hasta contar con definición anual inequívoca.
2022,caracteristicas,electricidadgeneradorhidraulico,,Característica de localización,por verificar,no,No comparable,Unidad agregada ambigua y cambios de esquema/nombre.,Excluida hasta contar con definición anual inequívoca.
2022,caracteristicas,electricidadgrupoelectrogeno,,Característica de localización,por verificar,no,No comparable,Unidad agregada ambigua y cambios de esquema/nombre.,Excluida hasta contar con definición anual inequívoca.
2022,caracteristicas,electricidadotro,,Característica de localización,por verificar,no,No comparable,Unidad agregada ambigua y cambios de esquema/nombre.,Excluida hasta contar con definición anual inequívoca.
2022,caracteristicas,electricidadpanelfotovoltaicosolar,,Característica de localización,por verificar,no,No comparable,Unidad agregada ambigua y cambios de esquema/nombre.,Excluida hasta contar con definición anual inequívoca.
2022,caracteristicas,electricidadredpublica,,Característica de localización,por verificar,no,No comparable,Unidad agregada ambigua y cambios de esquema/nombre.,Excluida hasta contar con definición anual inequívoca.
2022,caracteristicas,electricidadsi,,Característica de localización,por verificar,no,No comparable,Unidad agregada ambigua y cambios de esquema/nombre.,Excluida hasta contar con definición anual inequívoca.
2022,caracteristicas,equipamientobibliotecaequipamientobibliotecawebcam,,Característica de localización,por verificar,no,No comparable,Unidad agregada ambigua y cambios de esquema/nombre.,Excluida hasta contar con definición anual inequívoca.
2022,caracteristicas,equipamientobibliotecaequipoemisorderadioamfm,,Característica de localización,por verificar,no,No comparable,Unidad agregada ambigua y cambios de esquema/nombre.,Excluida hasta contar con definición anual inequívoca.
2022,caracteristicas,equipamientobibliotecaequiporeceptorderadioamfm,,Característica de localización,por verificar,no,No comparable,Unidad agregada ambigua y cambios de esquema/nombre.,Excluida hasta contar con definición anual inequívoca.
2022,caracteristicas,equipamientobibliotecaimpresora,,Característica de localización,por verificar,no,No comparable,Unidad agregada ambigua y cambios de esquema/nombre.,Excluida hasta contar con definición anual inequívoca.
2022,caracteristicas,equipamientobibliotecareproductordecd,,Característica de localización,por verificar,no,No comparable,Unidad agregada ambigua y cambios de esquema/nombre.,Excluida hasta contar con definición anual inequívoca.
2022,caracteristicas,equipamientobibliotecareproductordedvd,,Característica de localización,por verificar,no,No comparable,Unidad agregada ambigua y cambios de esquema/nombre.,Excluida hasta contar con definición anual inequívoca.
2022,caracteristicas,equipamientobibliotecascanner,,Característica de localización,por verificar,no,No comparable,Unidad agregada ambigua y cambios de esquema/nombre.,Excluida hasta contar con definición anual inequívoca.
2022,caracteristicas,equipamientobibliotecaservidorparausoescolar,,Característica de localización,por verificar,no,No comparable,Unidad agregada ambigua y cambios de esquema/nombre.,Excluida hasta contar con definición anual inequívoca.
2022,caracteristicas,equipamientobibliotecasistemamultimediaocanon,,Característica de localización,por verificar,no,No comparable,Unidad agregada ambigua y cambios de esquema/nombre.,Excluida hasta contar con definición anual inequívoca.
2022,caracteristicas,equipamientobibliotecatelevisor,,Característica de localización,por verificar,no,No comparable,Unidad agregada ambigua y cambios de esquema/nombre.,Excluida hasta contar con definición anual inequívoca.
2022,caracteristicas,equipamientoestablecimientoequipodesonido,,Característica de localización,por verificar,no,No comparable,Unidad agregada ambigua y cambios de esquema/nombre.,Excluida hasta contar con definición anual inequívoca.
2022,caracteristicas,equipamientoestablecimientoequipoemisorderadioamfm,,Característica de localización,por verificar,no,No comparable,Unidad agregada ambigua y cambios de esquema/nombre.,Excluida hasta contar con definición anual inequívoca.
2022,caracteristicas,equipamientoestablecimientoequiporeceptorderadioamfm,,Característica de localización,por verificar,no,No comparable,Unidad agregada ambigua y cambios de esquema/nombre.,Excluida hasta contar con definición anual inequívoca.
2022,caracteristicas,equipamientoestablecimientoimpresora,,Característica de localización,por verificar,no,No comparable,Unidad agregada ambigua y cambios de esquema/nombre.,Excluida hasta contar con definición anual inequívoca.
2022,caracteristicas,equipamientoestablecimientoimpresora3d,,Característica de localización,por verificar,no,No comparable,Unidad agregada ambigua y cambios de esquema/nombre.,Excluida hasta contar con definición anual inequívoca.
2022,caracteristicas,equipamientoestablecimientopizarrasdigitales,,Característica de localización,por verificar,no,No comparable,Unidad agregada ambigua y cambios de esquema/nombre.,Excluida hasta contar con definición anual inequívoca.
2022,caracteristicas,equipamientoestablecimientoreproductordecd,,Característica de localización,por verificar,no,No comparable,Unidad agregada ambigua y cambios de esquema/nombre.,Excluida hasta contar con definición anual inequívoca.
2022,caracteristicas,equipamientoestablecimientoreproductordedvd,,Característica de localización,por verificar,no,No comparable,Unidad agregada ambigua y cambios de esquema/nombre.,Excluida hasta contar con definición anual inequívoca.
2022,caracteristicas,equipamientoestablecimientoscanner,,Característica de localización,por verificar,no,No comparable,Unidad agregada ambigua y cambios de esquema/nombre.,Excluida hasta contar con definición anual inequívoca.
2022,caracteristicas,equipamientoestablecimientoservidorparausoescolar,,Característica de localización,por verificar,no,No comparable,Unidad agregada ambigua y cambios de esquema/nombre.,Excluida hasta contar con definición anual inequívoca.
2022,caracteristicas,equipamientoestablecimientosistemamultimediaocanon,,Característica de localización,por verificar,no,No comparable,Unidad agregada ambigua y cambios de esquema/nombre.,Excluida hasta contar con definición anual inequívoca.
2022,caracteristicas,equipamientoestablecimientotelevisor,,Característica de localización,por verificar,no,No comparable,Unidad agregada ambigua y cambios de esquema/nombre.,Excluida hasta contar con definición anual inequívoca.
2022,caracteristicas,equipamientoestablecimientowebcam,,Característica de localización,por verificar,no,No comparable,Unidad agregada ambigua y cambios de esquema/nombre.,Excluida hasta contar con definición anual inequívoca.
2022,caracteristicas,espaciosconconexionenelareadeadministracion,,Característica de localización,por verificar,no,No comparable,Unidad agregada ambigua y cambios de esquema/nombre.,Excluida hasta contar con definición anual inequívoca.
2022,caracteristicas,espaciosconconexionenellaboratorio,,Característica de localización,por verificar,no,No comparable,Unidad agregada ambigua y cambios de esquema/nombre.,Excluida hasta contar con definición anual inequívoca.
2022,caracteristicas,espaciosconconexionenlabibliotecas,,Característica de localización,por verificar,no,No comparable,Unidad agregada ambigua y cambios de esquema/nombre.,Excluida hasta contar con definición anual inequívoca.
2022,caracteristicas,espaciosconconexionenlasaulas,,Característica de localización,por verificar,no,No comparable,Unidad agregada ambigua y cambios de esquema/nombre.,Excluida hasta contar con definición anual inequívoca.
2022,caracteristicas,espaciosconconexionenotroespaciodelestablecimiento,,Característica de localización,por verificar,no,No comparable,Unidad agregada ambigua y cambios de esquema/nombre.,Excluida hasta contar con definición anual inequívoca.
2022,caracteristicas,internettipodeconexionadsl,,Característica de localización,por verificar,no,No comparable,Unidad agregada ambigua y cambios de esquema/nombre.,Excluida hasta contar con definición anual inequívoca.
2022,caracteristicas,internettipodeconexioncablemodem,,Característica de localización,por verificar,no,No comparable,Unidad agregada ambigua y cambios de esquema/nombre.,Excluida hasta contar con definición anual inequívoca.
2022,caracteristicas,internettipodeconexionmovil,,Característica de localización,por verificar,no,No comparable,Unidad agregada ambigua y cambios de esquema/nombre.,Excluida hasta contar con definición anual inequívoca.
2022,caracteristicas,internettipodeconexionotrotipo,,Característica de localización,por verificar,no,No comparable,Unidad agregada ambigua y cambios de esquema/nombre.,Excluida hasta contar con definición anual inequívoca.
2022,caracteristicas,internettipodeconexionsatelital,,Característica de localización,por verificar,no,No comparable,Unidad agregada ambigua y cambios de esquema/nombre.,Excluida hasta contar con definición anual inequívoca.
2022,caracteristicas,internettipodeconexiontelefonica,,Característica de localización,por verificar,no,No comparable,Unidad agregada ambigua y cambios de esquema/nombre.,Excluida hasta contar con definición anual inequívoca.
2022,caracteristicas,internettipodeserviciogratuito,,Característica de localización,por verificar,no,No comparable,Unidad agregada ambigua y cambios de esquema/nombre.,Excluida hasta contar con definición anual inequívoca.
2022,caracteristicas,internettipodeserviciopago,,Característica de localización,por verificar,no,No comparable,Unidad agregada ambigua y cambios de esquema/nombre.,Excluida hasta contar con definición anual inequívoca.
2022,caracteristicas,laboratoriofuncionaesespacioexclusivosi,,Característica de localización,por verificar,no,No comparable,Unidad agregada ambigua y cambios de esquema/nombre.,Excluida hasta contar con definición anual inequívoca.
2022,caracteristicas,sistemadegestionescolardesarrolladoporterceros,,Característica de localización,por verificar,no,No comparable,Unidad agregada ambigua y cambios de esquema/nombre.,Excluida hasta contar con definición anual inequívoca.
2022,caracteristicas,sistemadegestionescolarencargadoporelestablecimiento,,Característica de localización,por verificar,no,No comparable,Unidad agregada ambigua y cambios de esquema/nombre.,Excluida hasta contar con definición anual inequívoca.
2022,caracteristicas,sistemadegestionescolarplanilladecalculo,,Característica de localización,por verificar,no,No comparable,Unidad agregada ambigua y cambios de esquema/nombre.,Excluida hasta contar con definición anual inequívoca.
2022,caracteristicas,sistemadegestionescolarprovistoporelministerio,,Característica de localización,por verificar,no,No comparable,Unidad agregada ambigua y cambios de esquema/nombre.,Excluida hasta contar con definición anual inequívoca.
2022,caracteristicas,sistemadegestionescolarsi,,Característica de localización,por verificar,no,No comparable,Unidad agregada ambigua y cambios de esquema/nombre.,Excluida hasta contar con definición anual inequívoca.
2022,caracteristicas,subvencionestataljardindeinfantessi,,Característica de localización,por verificar,no,No comparable,Unidad agregada ambigua y cambios de esquema/nombre.,Excluida hasta contar con definición anual inequívoca.
2022,caracteristicas,subvencionestataljardinmaternalsi,,Característica de localización,por verificar,no,No comparable,Unidad agregada ambigua y cambios de esquema/nombre.,Excluida hasta contar con definición anual inequívoca.
2022,caracteristicas,subvencionestatalprimariasi,,Característica de localización,por verificar,no,No comparable,Unidad agregada ambigua y cambios de esquema/nombre.,Excluida hasta contar con definición anual inequívoca.
2022,caracteristicas,subvencionestatalsecundariasi,,Característica de localización,por verificar,no,No comparable,Unidad agregada ambigua y cambios de esquema/nombre.,Excluida hasta contar con definición anual inequívoca.
2022,caracteristicas,subvencionestatalsnusi,,Característica de localización,por verificar,no,No comparable,Unidad agregada ambigua y cambios de esquema/nombre.,Excluida hasta contar con definición anual inequívoca.
2022,derivada,repitentes/matricula_grados_comparables,proporcion_repitentes,Cociente exploratorio recalculado desde conteos comparables,proporción,sí con advertencia,Media,"Fórmula estable, pero no es tasa oficial y su interpretación atraviesa discontinuidades administrativas potenciales.",No se almacena en el parquet largo; se recalcula. Cautela especial en 2020–2022.
2022,derivada,salidos_sin_pase/matricula_inicial,proporcion_salidos_sin_pase,Cociente exploratorio recalculado desde conteos comparables,proporción,sí con advertencia,Media,"Fórmula estable, pero no es tasa oficial y su interpretación atraviesa discontinuidades administrativas potenciales.",No se almacena en el parquet largo; se recalcula. Cautela especial en 2020–2022.
2022,derivada,sobreedad/matricula_grados_comparables,proporcion_sobreedad,Cociente exploratorio recalculado desde conteos comparables,proporción,sí con advertencia,Media,"Fórmula estable, pero no es tasa oficial y su interpretación atraviesa discontinuidades administrativas potenciales.",No se almacena en el parquet largo; se recalcula. Cautela especial en 2020–2022.
2022,matricula,campo_1+campo_2+campo_3+campo_4+campo_5+campo_6+campo_7+campo_8+campo_9+campo_10+campo_11+campo_12+campo_1314,matricula_grados_comparables,Matrícula en años de estudio con repitencia y sobreedad comparables,conteo,sí,Alta,Mismas columnas componentes y mismo grano en los 15 archivos; definición común en el diccionario oficial.,No incorporar la categoría _20 añadida desde 2023; conservar sector y ámbito.
2022,matricula,lactantes+deambulantes+s2+s3+s4+s5+campo_1+campo_2+campo_3+campo_4+campo_5+campo_6+campo_7+campo_8+campo_9+campo_10+campo_11+campo_12+campo_1314+snu,matricula_total,Matrícula en categorías comunes a todos los años,conteo,sí,Alta,Mismas columnas componentes y mismo grano en los 15 archivos; definición común en el diccionario oficial.,No incorporar la categoría _20 añadida desde 2023; conservar sector y ámbito.
2022,matricula,r_1+r_2+r_3+r_4+r_5+r_6+r_7+r_8+r_9+r_10+r_11+r_12+r_1314,repitentes,Estudiantes repitentes en categorías comunes,conteo,sí,Alta,Mismas columnas componentes y mismo grano en los 15 archivos; definición común en el diccionario oficial.,No incorporar la categoría _20 añadida desde 2023; conservar sector y ámbito.
2022,matricula,s_1+s_2+s_3+s_4+s_5+s_6+s_7+s_8+s_9+s_10+s_11+s_12+s_1314,sobreedad,Estudiantes con sobreedad en categorías comunes,conteo,sí,Alta,Mismas columnas componentes y mismo grano en los 15 archivos; definición común en el diccionario oficial.,No incorporar la categoría _20 añadida desde 2023; conservar sector y ámbito.
2022,matricula,s_deambulantes,,Sobreedad en categorías de inicial,conteo,no,No comparable,Definición ambigua/inconsistente en el diccionario disponible.,No se usa sustantivamente.
2022,matricula,s_lactantes,,Sobreedad en categorías de inicial,conteo,no,No comparable,Definición ambigua/inconsistente en el diccionario disponible.,No se usa sustantivamente.
2022,matricula,s_s2,,Sobreedad en categorías de inicial,conteo,no,No comparable,Definición ambigua/inconsistente en el diccionario disponible.,No se usa sustantivamente.
2022,matricula,s_s3,,Sobreedad en categorías de inicial,conteo,no,No comparable,Definición ambigua/inconsistente en el diccionario disponible.,No se usa sustantivamente.
2022,matricula,s_s4,,Sobreedad en categorías de inicial,conteo,no,No comparable,Definición ambigua/inconsistente en el diccionario disponible.,No se usa sustantivamente.
2022,matricula,s_s5,,Sobreedad en categorías de inicial,conteo,no,No comparable,Definición ambigua/inconsistente en el diccionario disponible.,No se usa sustantivamente.
2022,trayectoria,inicial_1+inicial_2+inicial_3+inicial_4+inicial_5+inicial_6+inicial_7+inicial_8+inicial_9+inicial_10+inicial_11+inicial_12+inicial_1314,matricula_inicial,Matrícula inicial en categorías comunes,conteo,sí,Alta,Mismas columnas componentes y mismo grano en los 15 archivos; definición común en el diccionario oficial.,No incorporar la categoría _20 añadida desde 2023; conservar sector y ámbito.
2022,trayectoria,nopromo_1+nopromo_2+nopromo_3+nopromo_4+nopromo_5+nopromo_6+nopromo_7+nopromo_8+nopromo_9+nopromo_10+nopromo_11+nopromo_12+nopromo_1314,no_promovidos,No promovidos en categorías comunes,conteo,sí,Alta,Mismas columnas componentes y mismo grano en los 15 archivos; definición común en el diccionario oficial.,No incorporar la categoría _20 añadida desde 2023; conservar sector y ámbito.
2022,trayectoria,primaria_egresados,egresados_primaria,Egresados de primaria,conteo,sí,Alta,Mismas columnas componentes y mismo grano en los 15 archivos; definición común en el diccionario oficial.,No incorporar la categoría _20 añadida desde 2023; conservar sector y ámbito.
2022,trayectoria,promovidos_1+promovidos_2+promovidos_3+promovidos_4+promovidos_5+promovidos_6+promovidos_7+promovidos_8+promovidos_9+promovidos_10+promovidos_11+promovidos_12+promovidos_1314,promovidos,Promovidos en categorías comunes,conteo,sí,Alta,Mismas columnas componentes y mismo grano en los 15 archivos; definición común en el diccionario oficial.,No incorporar la categoría _20 añadida desde 2023; conservar sector y ámbito.
2022,trayectoria,scp_1+scp_2+scp_3+scp_4+scp_5+scp_6+scp_7+scp_8+scp_9+scp_10+scp_11+scp_12+scp_1314,salidos_con_pase,Salidos con pase en categorías comunes,conteo,sí,Alta,Mismas columnas componentes y mismo grano en los 15 archivos; definición común en el diccionario oficial.,No incorporar la categoría _20 añadida desde 2023; conservar sector y ámbito.
2022,trayectoria,secundaria_egresados,egresados_secundaria,Egresados de secundaria,conteo,sí,Alta,Mismas columnas componentes y mismo grano en los 15 archivos; definición común en el diccionario oficial.,No incorporar la categoría _20 añadida desde 2023; conservar sector y ámbito.
2022,trayectoria,ssp_1+ssp_2+ssp_3+ssp_4+ssp_5+ssp_6+ssp_7+ssp_8+ssp_9+ssp_10+ssp_11+ssp_12+ssp_1314,salidos_sin_pase,Salidos sin pase en categorías comunes,conteo,sí,Alta,Mismas columnas componentes y mismo grano en los 15 archivos; definición común en el diccionario oficial.,No incorporar la categoría _20 añadida desde 2023; conservar sector y ámbito.
2022,trayectoria,ultimo_1+ultimo_2+ultimo_3+ultimo_4+ultimo_5+ultimo_6+ultimo_7+ultimo_8+ultimo_9+ultimo_10+ultimo_11+ultimo_12+ultimo_1314,matricula_ultimo_dia,Matrícula al último día de clase en categorías comunes,conteo,sí,Alta,Mismas columnas componentes y mismo grano en los 15 archivos; definición común en el diccionario oficial.,No incorporar la categoría _20 añadida desde 2023; conservar sector y ámbito.
2023,caracteristicas,localizacion,localizaciones,Cantidad de localizaciones educativas,conteo,sí,Alta,Mismas columnas componentes y mismo grano en los 15 archivos; definición común en el diccionario oficial.,No incorporar la categoría _20 añadida desde 2023; conservar sector y ámbito.
2023,caracteristicas,bibliotecadisponedealmenosunasi,,Característica de localización,por verificar,no,No comparable,Unidad agregada ambigua y cambios de esquema/nombre.,Excluida hasta contar con definición anual inequívoca.
2023,caracteristicas,bibliotecafuncionaesespacioexclusivosi,,Característica de localización,por verificar,no,No comparable,Unidad agregada ambigua y cambios de esquema/nombre.,Excluida hasta contar con definición anual inequívoca.
2023,caracteristicas,cooperadoraconpersoneriajuridica,,Característica de localización,por verificar,no,No comparable,Unidad agregada ambigua y cambios de esquema/nombre.,Excluida hasta contar con definición anual inequívoca.
2023,caracteristicas,cooperadorano,,Característica de localización,por verificar,no,No comparable,Unidad agregada ambigua y cambios de esquema/nombre.,Excluida hasta contar con definición anual inequívoca.
2023,caracteristicas,cooperadorasinpersoneriajuridica,,Característica de localización,por verificar,no,No comparable,Unidad agregada ambigua y cambios de esquema/nombre.,Excluida hasta contar con definición anual inequívoca.
2023,caracteristicas,disponedesalaolaboratoriodeinformaticasi,,Característica de localización,por verificar,no,No comparable,Unidad agregada ambigua y cambios de esquema/nombre.,Excluida hasta contar con definición anual inequívoca.
2023,caracteristicas,electricidadgeneradoreolico,,Característica de localización,por verificar,no,No comparable,Unidad agregada ambigua y cambios de esquema/nombre.,Excluida hasta contar con definición anual inequívoca.
2023,caracteristicas,electricidadgeneradorhidraulico,,Característica de localización,por verificar,no,No comparable,Unidad agregada ambigua y cambios de esquema/nombre.,Excluida hasta contar con definición anual inequívoca.
2023,caracteristicas,electricidadgrupoelectrogeno,,Característica de localización,por verificar,no,No comparable,Unidad agregada ambigua y cambios de esquema/nombre.,Excluida hasta contar con definición anual inequívoca.
2023,caracteristicas,electricidadotro,,Característica de localización,por verificar,no,No comparable,Unidad agregada ambigua y cambios de esquema/nombre.,Excluida hasta contar con definición anual inequívoca.
2023,caracteristicas,electricidadpanelfotovoltaicosolar,,Característica de localización,por verificar,no,No comparable,Unidad agregada ambigua y cambios de esquema/nombre.,Excluida hasta contar con definición anual inequívoca.
2023,caracteristicas,electricidadredpublica,,Característica de localización,por verificar,no,No comparable,Unidad agregada ambigua y cambios de esquema/nombre.,Excluida hasta contar con definición anual inequívoca.
2023,caracteristicas,electricidadsi,,Característica de localización,por verificar,no,No comparable,Unidad agregada ambigua y cambios de esquema/nombre.,Excluida hasta contar con definición anual inequívoca.
2023,caracteristicas,equipamientobibliotecaequipamientobibliotecawebcam,,Característica de localización,por verificar,no,No comparable,Unidad agregada ambigua y cambios de esquema/nombre.,Excluida hasta contar con definición anual inequívoca.
2023,caracteristicas,equipamientobibliotecaequipoemisorderadioamfm,,Característica de localización,por verificar,no,No comparable,Unidad agregada ambigua y cambios de esquema/nombre.,Excluida hasta contar con definición anual inequívoca.
2023,caracteristicas,equipamientobibliotecaequiporeceptorderadioamfm,,Característica de localización,por verificar,no,No comparable,Unidad agregada ambigua y cambios de esquema/nombre.,Excluida hasta contar con definición anual inequívoca.
2023,caracteristicas,equipamientobibliotecaimpresora,,Característica de localización,por verificar,no,No comparable,Unidad agregada ambigua y cambios de esquema/nombre.,Excluida hasta contar con definición anual inequívoca.
2023,caracteristicas,equipamientobibliotecareproductordecd,,Característica de localización,por verificar,no,No comparable,Unidad agregada ambigua y cambios de esquema/nombre.,Excluida hasta contar con definición anual inequívoca.
2023,caracteristicas,equipamientobibliotecareproductordedvd,,Característica de localización,por verificar,no,No comparable,Unidad agregada ambigua y cambios de esquema/nombre.,Excluida hasta contar con definición anual inequívoca.
2023,caracteristicas,equipamientobibliotecascanner,,Característica de localización,por verificar,no,No comparable,Unidad agregada ambigua y cambios de esquema/nombre.,Excluida hasta contar con definición anual inequívoca.
2023,caracteristicas,equipamientobibliotecaservidorparausoescolar,,Característica de localización,por verificar,no,No comparable,Unidad agregada ambigua y cambios de esquema/nombre.,Excluida hasta contar con definición anual inequívoca.
2023,caracteristicas,equipamientobibliotecasistemamultimediaocanon,,Característica de localización,por verificar,no,No comparable,Unidad agregada ambigua y cambios de esquema/nombre.,Excluida hasta contar con definición anual inequívoca.
2023,caracteristicas,equipamientobibliotecatelevisor,,Característica de localización,por verificar,no,No comparable,Unidad agregada ambigua y cambios de esquema/nombre.,Excluida hasta contar con definición anual inequívoca.
2023,caracteristicas,equipamientoestablecimientoequipodesonido,,Característica de localización,por verificar,no,No comparable,Unidad agregada ambigua y cambios de esquema/nombre.,Excluida hasta contar con definición anual inequívoca.
2023,caracteristicas,equipamientoestablecimientoequipoemisorderadioamfm,,Característica de localización,por verificar,no,No comparable,Unidad agregada ambigua y cambios de esquema/nombre.,Excluida hasta contar con definición anual inequívoca.
2023,caracteristicas,equipamientoestablecimientoequiporeceptorderadioamfm,,Característica de localización,por verificar,no,No comparable,Unidad agregada ambigua y cambios de esquema/nombre.,Excluida hasta contar con definición anual inequívoca.
2023,caracteristicas,equipamientoestablecimientoimpresora,,Característica de localización,por verificar,no,No comparable,Unidad agregada ambigua y cambios de esquema/nombre.,Excluida hasta contar con definición anual inequívoca.
2023,caracteristicas,equipamientoestablecimientoimpresora3d,,Característica de localización,por verificar,no,No comparable,Unidad agregada ambigua y cambios de esquema/nombre.,Excluida hasta contar con definición anual inequívoca.
2023,caracteristicas,equipamientoestablecimientopizarrasdigitales,,Característica de localización,por verificar,no,No comparable,Unidad agregada ambigua y cambios de esquema/nombre.,Excluida hasta contar con definición anual inequívoca.
2023,caracteristicas,equipamientoestablecimientoreproductordecd,,Característica de localización,por verificar,no,No comparable,Unidad agregada ambigua y cambios de esquema/nombre.,Excluida hasta contar con definición anual inequívoca.
2023,caracteristicas,equipamientoestablecimientoreproductordedvd,,Característica de localización,por verificar,no,No comparable,Unidad agregada ambigua y cambios de esquema/nombre.,Excluida hasta contar con definición anual inequívoca.
2023,caracteristicas,equipamientoestablecimientoscanner,,Característica de localización,por verificar,no,No comparable,Unidad agregada ambigua y cambios de esquema/nombre.,Excluida hasta contar con definición anual inequívoca.
2023,caracteristicas,equipamientoestablecimientoservidorparausoescolar,,Característica de localización,por verificar,no,No comparable,Unidad agregada ambigua y cambios de esquema/nombre.,Excluida hasta contar con definición anual inequívoca.
2023,caracteristicas,equipamientoestablecimientosistemamultimediaocanon,,Característica de localización,por verificar,no,No comparable,Unidad agregada ambigua y cambios de esquema/nombre.,Excluida hasta contar con definición anual inequívoca.
2023,caracteristicas,equipamientoestablecimientotelevisor,,Característica de localización,por verificar,no,No comparable,Unidad agregada ambigua y cambios de esquema/nombre.,Excluida hasta contar con definición anual inequívoca.
2023,caracteristicas,equipamientoestablecimientowebcam,,Característica de localización,por verificar,no,No comparable,Unidad agregada ambigua y cambios de esquema/nombre.,Excluida hasta contar con definición anual inequívoca.
2023,caracteristicas,espaciosconconexionenelareadeadministracion,,Característica de localización,por verificar,no,No comparable,Unidad agregada ambigua y cambios de esquema/nombre.,Excluida hasta contar con definición anual inequívoca.
2023,caracteristicas,espaciosconconexionenellaboratorio,,Característica de localización,por verificar,no,No comparable,Unidad agregada ambigua y cambios de esquema/nombre.,Excluida hasta contar con definición anual inequívoca.
2023,caracteristicas,espaciosconconexionenlabibliotecas,,Característica de localización,por verificar,no,No comparable,Unidad agregada ambigua y cambios de esquema/nombre.,Excluida hasta contar con definición anual inequívoca.
2023,caracteristicas,espaciosconconexionenlasaulas,,Característica de localización,por verificar,no,No comparable,Unidad agregada ambigua y cambios de esquema/nombre.,Excluida hasta contar con definición anual inequívoca.
2023,caracteristicas,espaciosconconexionenotroespaciodelestablecimiento,,Característica de localización,por verificar,no,No comparable,Unidad agregada ambigua y cambios de esquema/nombre.,Excluida hasta contar con definición anual inequívoca.
2023,caracteristicas,internettipodeconexionadsl,,Característica de localización,por verificar,no,No comparable,Unidad agregada ambigua y cambios de esquema/nombre.,Excluida hasta contar con definición anual inequívoca.
2023,caracteristicas,internettipodeconexioncablemodem,,Característica de localización,por verificar,no,No comparable,Unidad agregada ambigua y cambios de esquema/nombre.,Excluida hasta contar con definición anual inequívoca.
2023,caracteristicas,internettipodeconexionmovil,,Característica de localización,por verificar,no,No comparable,Unidad agregada ambigua y cambios de esquema/nombre.,Excluida hasta contar con definición anual inequívoca.
2023,caracteristicas,internettipodeconexionotrotipo,,Característica de localización,por verificar,no,No comparable,Unidad agregada ambigua y cambios de esquema/nombre.,Excluida hasta contar con definición anual inequívoca.
2023,caracteristicas,internettipodeconexionsatelital,,Característica de localización,por verificar,no,No comparable,Unidad agregada ambigua y cambios de esquema/nombre.,Excluida hasta contar con definición anual inequívoca.
2023,caracteristicas,internettipodeconexiontelefonica,,Característica de localización,por verificar,no,No comparable,Unidad agregada ambigua y cambios de esquema/nombre.,Excluida hasta contar con definición anual inequívoca.
2023,caracteristicas,internettipodeserviciogratuitoestado,,Característica de localización,por verificar,no,No comparable,Unidad agregada ambigua y cambios de esquema/nombre.,Excluida hasta contar con definición anual inequívoca.
2023,caracteristicas,internettipodeserviciogratuitootro,,Característica de localización,por verificar,no,No comparable,Unidad agregada ambigua y cambios de esquema/nombre.,Excluida hasta contar con definición anual inequívoca.
2023,caracteristicas,internettipodeserviciopago,,Característica de localización,por verificar,no,No comparable,Unidad agregada ambigua y cambios de esquema/nombre.,Excluida hasta contar con definición anual inequívoca.
2023,caracteristicas,laboratoriofuncionaesespacioexclusivosi,,Característica de localización,por verificar,no,No comparable,Unidad agregada ambigua y cambios de esquema/nombre.,Excluida hasta contar con definición anual inequívoca.
2023,caracteristicas,sistemadegestionescolardesarrolladoporterceros,,Característica de localización,por verificar,no,No comparable,Unidad agregada ambigua y cambios de esquema/nombre.,Excluida hasta contar con definición anual inequívoca.
2023,caracteristicas,sistemadegestionescolarencargadoporelestablecimiento,,Característica de localización,por verificar,no,No comparable,Unidad agregada ambigua y cambios de esquema/nombre.,Excluida hasta contar con definición anual inequívoca.
2023,caracteristicas,sistemadegestionescolarplanilladecalculo,,Característica de localización,por verificar,no,No comparable,Unidad agregada ambigua y cambios de esquema/nombre.,Excluida hasta contar con definición anual inequívoca.
2023,caracteristicas,sistemadegestionescolarprovistoporelministerio,,Característica de localización,por verificar,no,No comparable,Unidad agregada ambigua y cambios de esquema/nombre.,Excluida hasta contar con definición anual inequívoca.
2023,caracteristicas,sistemadegestionescolarsi,,Característica de localización,por verificar,no,No comparable,Unidad agregada ambigua y cambios de esquema/nombre.,Excluida hasta contar con definición anual inequívoca.
2023,caracteristicas,subvencionestataljardindeinfantessi,,Característica de localización,por verificar,no,No comparable,Unidad agregada ambigua y cambios de esquema/nombre.,Excluida hasta contar con definición anual inequívoca.
2023,caracteristicas,subvencionestataljardinmaternalsi,,Característica de localización,por verificar,no,No comparable,Unidad agregada ambigua y cambios de esquema/nombre.,Excluida hasta contar con definición anual inequívoca.
2023,caracteristicas,subvencionestatalprimariasi,,Característica de localización,por verificar,no,No comparable,Unidad agregada ambigua y cambios de esquema/nombre.,Excluida hasta contar con definición anual inequívoca.
2023,caracteristicas,subvencionestatalsecundariasi,,Característica de localización,por verificar,no,No comparable,Unidad agregada ambigua y cambios de esquema/nombre.,Excluida hasta contar con definición anual inequívoca.
2023,caracteristicas,subvencionestatalsnusi,,Característica de localización,por verificar,no,No comparable,Unidad agregada ambigua y cambios de esquema/nombre.,Excluida hasta contar con definición anual inequívoca.
2023,derivada,repitentes/matricula_grados_comparables,proporcion_repitentes,Cociente exploratorio recalculado desde conteos comparables,proporción,sí con advertencia,Media,"Fórmula estable, pero no es tasa oficial y su interpretación atraviesa discontinuidades administrativas potenciales.",No se almacena en el parquet largo; se recalcula. Cautela especial en 2020–2022.
2023,derivada,salidos_sin_pase/matricula_inicial,proporcion_salidos_sin_pase,Cociente exploratorio recalculado desde conteos comparables,proporción,sí con advertencia,Media,"Fórmula estable, pero no es tasa oficial y su interpretación atraviesa discontinuidades administrativas potenciales.",No se almacena en el parquet largo; se recalcula. Cautela especial en 2020–2022.
2023,derivada,sobreedad/matricula_grados_comparables,proporcion_sobreedad,Cociente exploratorio recalculado desde conteos comparables,proporción,sí con advertencia,Media,"Fórmula estable, pero no es tasa oficial y su interpretación atraviesa discontinuidades administrativas potenciales.",No se almacena en el parquet largo; se recalcula. Cautela especial en 2020–2022.
2023,matricula,campo_1+campo_2+campo_3+campo_4+campo_5+campo_6+campo_7+campo_8+campo_9+campo_10+campo_11+campo_12+campo_1314,matricula_grados_comparables,Matrícula en años de estudio con repitencia y sobreedad comparables,conteo,sí,Alta,Mismas columnas componentes y mismo grano en los 15 archivos; definición común en el diccionario oficial.,No incorporar la categoría _20 añadida desde 2023; conservar sector y ámbito.
2023,matricula,lactantes+deambulantes+s2+s3+s4+s5+campo_1+campo_2+campo_3+campo_4+campo_5+campo_6+campo_7+campo_8+campo_9+campo_10+campo_11+campo_12+campo_1314+snu,matricula_total,Matrícula en categorías comunes a todos los años,conteo,sí,Alta,Mismas columnas componentes y mismo grano en los 15 archivos; definición común en el diccionario oficial.,No incorporar la categoría _20 añadida desde 2023; conservar sector y ámbito.
2023,matricula,r_1+r_2+r_3+r_4+r_5+r_6+r_7+r_8+r_9+r_10+r_11+r_12+r_1314,repitentes,Estudiantes repitentes en categorías comunes,conteo,sí,Alta,Mismas columnas componentes y mismo grano en los 15 archivos; definición común en el diccionario oficial.,No incorporar la categoría _20 añadida desde 2023; conservar sector y ámbito.
2023,matricula,s_1+s_2+s_3+s_4+s_5+s_6+s_7+s_8+s_9+s_10+s_11+s_12+s_1314,sobreedad,Estudiantes con sobreedad en categorías comunes,conteo,sí,Alta,Mismas columnas componentes y mismo grano en los 15 archivos; definición común en el diccionario oficial.,No incorporar la categoría _20 añadida desde 2023; conservar sector y ámbito.
2023,matricula,campo_20,,Categoría 20 añadida al esquema,conteo,no,No comparable,No existe en 2011–2022.,Excluida de la serie completa.
2023,matricula,r_20,,Categoría 20 añadida al esquema,conteo,no,No comparable,No existe en 2011–2022.,Excluida de la serie completa.
2023,matricula,s_deambulantes,,Sobreedad en categorías de inicial,conteo,no,No comparable,Definición ambigua/inconsistente en el diccionario disponible.,No se usa sustantivamente.
2023,matricula,s_lactantes,,Sobreedad en categorías de inicial,conteo,no,No comparable,Definición ambigua/inconsistente en el diccionario disponible.,No se usa sustantivamente.
2023,matricula,s_s2,,Sobreedad en categorías de inicial,conteo,no,No comparable,Definición ambigua/inconsistente en el diccionario disponible.,No se usa sustantivamente.
2023,matricula,s_s3,,Sobreedad en categorías de inicial,conteo,no,No comparable,Definición ambigua/inconsistente en el diccionario disponible.,No se usa sustantivamente.
2023,matricula,s_s4,,Sobreedad en categorías de inicial,conteo,no,No comparable,Definición ambigua/inconsistente en el diccionario disponible.,No se usa sustantivamente.
2023,matricula,s_s5,,Sobreedad en categorías de inicial,conteo,no,No comparable,Definición ambigua/inconsistente en el diccionario disponible.,No se usa sustantivamente.
2023,trayectoria,inicial_1+inicial_2+inicial_3+inicial_4+inicial_5+inicial_6+inicial_7+inicial_8+inicial_9+inicial_10+inicial_11+inicial_12+inicial_1314,matricula_inicial,Matrícula inicial en categorías comunes,conteo,sí,Alta,Mismas columnas componentes y mismo grano en los 15 archivos; definición común en el diccionario oficial.,No incorporar la categoría _20 añadida desde 2023; conservar sector y ámbito.
2023,trayectoria,nopromo_1+nopromo_2+nopromo_3+nopromo_4+nopromo_5+nopromo_6+nopromo_7+nopromo_8+nopromo_9+nopromo_10+nopromo_11+nopromo_12+nopromo_1314,no_promovidos,No promovidos en categorías comunes,conteo,sí,Alta,Mismas columnas componentes y mismo grano en los 15 archivos; definición común en el diccionario oficial.,No incorporar la categoría _20 añadida desde 2023; conservar sector y ámbito.
2023,trayectoria,primaria_egresados,egresados_primaria,Egresados de primaria,conteo,sí,Alta,Mismas columnas componentes y mismo grano en los 15 archivos; definición común en el diccionario oficial.,No incorporar la categoría _20 añadida desde 2023; conservar sector y ámbito.
2023,trayectoria,promovidos_1+promovidos_2+promovidos_3+promovidos_4+promovidos_5+promovidos_6+promovidos_7+promovidos_8+promovidos_9+promovidos_10+promovidos_11+promovidos_12+promovidos_1314,promovidos,Promovidos en categorías comunes,conteo,sí,Alta,Mismas columnas componentes y mismo grano en los 15 archivos; definición común en el diccionario oficial.,No incorporar la categoría _20 añadida desde 2023; conservar sector y ámbito.
2023,trayectoria,scp_1+scp_2+scp_3+scp_4+scp_5+scp_6+scp_7+scp_8+scp_9+scp_10+scp_11+scp_12+scp_1314,salidos_con_pase,Salidos con pase en categorías comunes,conteo,sí,Alta,Mismas columnas componentes y mismo grano en los 15 archivos; definición común en el diccionario oficial.,No incorporar la categoría _20 añadida desde 2023; conservar sector y ámbito.
2023,trayectoria,secundaria_egresados,egresados_secundaria,Egresados de secundaria,conteo,sí,Alta,Mismas columnas componentes y mismo grano en los 15 archivos; definición común en el diccionario oficial.,No incorporar la categoría _20 añadida desde 2023; conservar sector y ámbito.
2023,trayectoria,ssp_1+ssp_2+ssp_3+ssp_4+ssp_5+ssp_6+ssp_7+ssp_8+ssp_9+ssp_10+ssp_11+ssp_12+ssp_1314,salidos_sin_pase,Salidos sin pase en categorías comunes,conteo,sí,Alta,Mismas columnas componentes y mismo grano en los 15 archivos; definición común en el diccionario oficial.,No incorporar la categoría _20 añadida desde 2023; conservar sector y ámbito.
2023,trayectoria,ultimo_1+ultimo_2+ultimo_3+ultimo_4+ultimo_5+ultimo_6+ultimo_7+ultimo_8+ultimo_9+ultimo_10+ultimo_11+ultimo_12+ultimo_1314,matricula_ultimo_dia,Matrícula al último día de clase en categorías comunes,conteo,sí,Alta,Mismas columnas componentes y mismo grano en los 15 archivos; definición común en el diccionario oficial.,No incorporar la categoría _20 añadida desde 2023; conservar sector y ámbito.
2024,caracteristicas,localizacion,localizaciones,Cantidad de localizaciones educativas,conteo,sí,Alta,Mismas columnas componentes y mismo grano en los 15 archivos; definición común en el diccionario oficial.,No incorporar la categoría _20 añadida desde 2023; conservar sector y ámbito.
2024,caracteristicas,bibliotecadisponedealmenosunasi,,Característica de localización,por verificar,no,No comparable,Unidad agregada ambigua y cambios de esquema/nombre.,Excluida hasta contar con definición anual inequívoca.
2024,caracteristicas,bibliotecafuncionaesespacioexclusivosi,,Característica de localización,por verificar,no,No comparable,Unidad agregada ambigua y cambios de esquema/nombre.,Excluida hasta contar con definición anual inequívoca.
2024,caracteristicas,cooperadoraconpersoneriajuridica,,Característica de localización,por verificar,no,No comparable,Unidad agregada ambigua y cambios de esquema/nombre.,Excluida hasta contar con definición anual inequívoca.
2024,caracteristicas,cooperadorano,,Característica de localización,por verificar,no,No comparable,Unidad agregada ambigua y cambios de esquema/nombre.,Excluida hasta contar con definición anual inequívoca.
2024,caracteristicas,cooperadorasinpersoneriajuridica,,Característica de localización,por verificar,no,No comparable,Unidad agregada ambigua y cambios de esquema/nombre.,Excluida hasta contar con definición anual inequívoca.
2024,caracteristicas,disponedesalaolaboratoriodeinformaticasi,,Característica de localización,por verificar,no,No comparable,Unidad agregada ambigua y cambios de esquema/nombre.,Excluida hasta contar con definición anual inequívoca.
2024,caracteristicas,electricidadgeneradoreolico,,Característica de localización,por verificar,no,No comparable,Unidad agregada ambigua y cambios de esquema/nombre.,Excluida hasta contar con definición anual inequívoca.
2024,caracteristicas,electricidadgeneradorhidraulico,,Característica de localización,por verificar,no,No comparable,Unidad agregada ambigua y cambios de esquema/nombre.,Excluida hasta contar con definición anual inequívoca.
2024,caracteristicas,electricidadgrupoelectrogeno,,Característica de localización,por verificar,no,No comparable,Unidad agregada ambigua y cambios de esquema/nombre.,Excluida hasta contar con definición anual inequívoca.
2024,caracteristicas,electricidadotro,,Característica de localización,por verificar,no,No comparable,Unidad agregada ambigua y cambios de esquema/nombre.,Excluida hasta contar con definición anual inequívoca.
2024,caracteristicas,electricidadpanelfotovoltaicosolar,,Característica de localización,por verificar,no,No comparable,Unidad agregada ambigua y cambios de esquema/nombre.,Excluida hasta contar con definición anual inequívoca.
2024,caracteristicas,electricidadredpublica,,Característica de localización,por verificar,no,No comparable,Unidad agregada ambigua y cambios de esquema/nombre.,Excluida hasta contar con definición anual inequívoca.
2024,caracteristicas,electricidadsi,,Característica de localización,por verificar,no,No comparable,Unidad agregada ambigua y cambios de esquema/nombre.,Excluida hasta contar con definición anual inequívoca.
2024,caracteristicas,equipamientobibliotecaequipamientobibliotecawebcam,,Característica de localización,por verificar,no,No comparable,Unidad agregada ambigua y cambios de esquema/nombre.,Excluida hasta contar con definición anual inequívoca.
2024,caracteristicas,equipamientobibliotecaequipoemisorderadioamfm,,Característica de localización,por verificar,no,No comparable,Unidad agregada ambigua y cambios de esquema/nombre.,Excluida hasta contar con definición anual inequívoca.
2024,caracteristicas,equipamientobibliotecaequiporeceptorderadioamfm,,Característica de localización,por verificar,no,No comparable,Unidad agregada ambigua y cambios de esquema/nombre.,Excluida hasta contar con definición anual inequívoca.
2024,caracteristicas,equipamientobibliotecaimpresora,,Característica de localización,por verificar,no,No comparable,Unidad agregada ambigua y cambios de esquema/nombre.,Excluida hasta contar con definición anual inequívoca.
2024,caracteristicas,equipamientobibliotecareproductordecd,,Característica de localización,por verificar,no,No comparable,Unidad agregada ambigua y cambios de esquema/nombre.,Excluida hasta contar con definición anual inequívoca.
2024,caracteristicas,equipamientobibliotecareproductordedvd,,Característica de localización,por verificar,no,No comparable,Unidad agregada ambigua y cambios de esquema/nombre.,Excluida hasta contar con definición anual inequívoca.
2024,caracteristicas,equipamientobibliotecascanner,,Característica de localización,por verificar,no,No comparable,Unidad agregada ambigua y cambios de esquema/nombre.,Excluida hasta contar con definición anual inequívoca.
2024,caracteristicas,equipamientobibliotecaservidorparausoescolar,,Característica de localización,por verificar,no,No comparable,Unidad agregada ambigua y cambios de esquema/nombre.,Excluida hasta contar con definición anual inequívoca.
2024,caracteristicas,equipamientobibliotecasistemamultimediaocanon,,Característica de localización,por verificar,no,No comparable,Unidad agregada ambigua y cambios de esquema/nombre.,Excluida hasta contar con definición anual inequívoca.
2024,caracteristicas,equipamientobibliotecatelevisor,,Característica de localización,por verificar,no,No comparable,Unidad agregada ambigua y cambios de esquema/nombre.,Excluida hasta contar con definición anual inequívoca.
2024,caracteristicas,equipamientoestablecimientoequipodesonido,,Característica de localización,por verificar,no,No comparable,Unidad agregada ambigua y cambios de esquema/nombre.,Excluida hasta contar con definición anual inequívoca.
2024,caracteristicas,equipamientoestablecimientoequipoemisorderadioamfm,,Característica de localización,por verificar,no,No comparable,Unidad agregada ambigua y cambios de esquema/nombre.,Excluida hasta contar con definición anual inequívoca.
2024,caracteristicas,equipamientoestablecimientoequiporeceptorderadioamfm,,Característica de localización,por verificar,no,No comparable,Unidad agregada ambigua y cambios de esquema/nombre.,Excluida hasta contar con definición anual inequívoca.
2024,caracteristicas,equipamientoestablecimientoimpresora,,Característica de localización,por verificar,no,No comparable,Unidad agregada ambigua y cambios de esquema/nombre.,Excluida hasta contar con definición anual inequívoca.
2024,caracteristicas,equipamientoestablecimientoimpresora3d,,Característica de localización,por verificar,no,No comparable,Unidad agregada ambigua y cambios de esquema/nombre.,Excluida hasta contar con definición anual inequívoca.
2024,caracteristicas,equipamientoestablecimientopizarrasdigitales,,Característica de localización,por verificar,no,No comparable,Unidad agregada ambigua y cambios de esquema/nombre.,Excluida hasta contar con definición anual inequívoca.
2024,caracteristicas,equipamientoestablecimientoreproductordecd,,Característica de localización,por verificar,no,No comparable,Unidad agregada ambigua y cambios de esquema/nombre.,Excluida hasta contar con definición anual inequívoca.
2024,caracteristicas,equipamientoestablecimientoreproductordedvd,,Característica de localización,por verificar,no,No comparable,Unidad agregada ambigua y cambios de esquema/nombre.,Excluida hasta contar con definición anual inequívoca.
2024,caracteristicas,equipamientoestablecimientoscanner,,Característica de localización,por verificar,no,No comparable,Unidad agregada ambigua y cambios de esquema/nombre.,Excluida hasta contar con definición anual inequívoca.
2024,caracteristicas,equipamientoestablecimientoservidorparausoescolar,,Característica de localización,por verificar,no,No comparable,Unidad agregada ambigua y cambios de esquema/nombre.,Excluida hasta contar con definición anual inequívoca.
2024,caracteristicas,equipamientoestablecimientosistemamultimediaocanon,,Característica de localización,por verificar,no,No comparable,Unidad agregada ambigua y cambios de esquema/nombre.,Excluida hasta contar con definición anual inequívoca.
2024,caracteristicas,equipamientoestablecimientotelevisor,,Característica de localización,por verificar,no,No comparable,Unidad agregada ambigua y cambios de esquema/nombre.,Excluida hasta contar con definición anual inequívoca.
2024,caracteristicas,equipamientoestablecimientowebcam,,Característica de localización,por verificar,no,No comparable,Unidad agregada ambigua y cambios de esquema/nombre.,Excluida hasta contar con definición anual inequívoca.
2024,caracteristicas,espaciosconconexionenelareadeadministracion,,Característica de localización,por verificar,no,No comparable,Unidad agregada ambigua y cambios de esquema/nombre.,Excluida hasta contar con definición anual inequívoca.
2024,caracteristicas,espaciosconconexionenellaboratorio,,Característica de localización,por verificar,no,No comparable,Unidad agregada ambigua y cambios de esquema/nombre.,Excluida hasta contar con definición anual inequívoca.
2024,caracteristicas,espaciosconconexionenlabibliotecas,,Característica de localización,por verificar,no,No comparable,Unidad agregada ambigua y cambios de esquema/nombre.,Excluida hasta contar con definición anual inequívoca.
2024,caracteristicas,espaciosconconexionenlasaulas,,Característica de localización,por verificar,no,No comparable,Unidad agregada ambigua y cambios de esquema/nombre.,Excluida hasta contar con definición anual inequívoca.
2024,caracteristicas,espaciosconconexionenotroespaciodelestablecimiento,,Característica de localización,por verificar,no,No comparable,Unidad agregada ambigua y cambios de esquema/nombre.,Excluida hasta contar con definición anual inequívoca.
2024,caracteristicas,internettipodeconexionadsl,,Característica de localización,por verificar,no,No comparable,Unidad agregada ambigua y cambios de esquema/nombre.,Excluida hasta contar con definición anual inequívoca.
2024,caracteristicas,internettipodeconexioncablemodem,,Característica de localización,por verificar,no,No comparable,Unidad agregada ambigua y cambios de esquema/nombre.,Excluida hasta contar con definición anual inequívoca.
2024,caracteristicas,internettipodeconexionmovil,,Característica de localización,por verificar,no,No comparable,Unidad agregada ambigua y cambios de esquema/nombre.,Excluida hasta contar con definición anual inequívoca.
2024,caracteristicas,internettipodeconexionotrotipo,,Característica de localización,por verificar,no,No comparable,Unidad agregada ambigua y cambios de esquema/nombre.,Excluida hasta contar con definición anual inequívoca.
2024,caracteristicas,internettipodeconexionsatelital,,Característica de localización,por verificar,no,No comparable,Unidad agregada ambigua y cambios de esquema/nombre.,Excluida hasta contar con definición anual inequívoca.
2024,caracteristicas,internettipodeconexiontelefonica,,Característica de localización,por verificar,no,No comparable,Unidad agregada ambigua y cambios de esquema/nombre.,Excluida hasta contar con definición anual inequívoca.
2024,caracteristicas,internettipodeserviciogratuitoestado,,Característica de localización,por verificar,no,No comparable,Unidad agregada ambigua y cambios de esquema/nombre.,Excluida hasta contar con definición anual inequívoca.
2024,caracteristicas,internettipodeserviciogratuitootro,,Característica de localización,por verificar,no,No comparable,Unidad agregada ambigua y cambios de esquema/nombre.,Excluida hasta contar con definición anual inequívoca.
2024,caracteristicas,internettipodeserviciopago,,Característica de localización,por verificar,no,No comparable,Unidad agregada ambigua y cambios de esquema/nombre.,Excluida hasta contar con definición anual inequívoca.
2024,caracteristicas,laboratoriofuncionaesespacioexclusivosi,,Característica de localización,por verificar,no,No comparable,Unidad agregada ambigua y cambios de esquema/nombre.,Excluida hasta contar con definición anual inequívoca.
2024,caracteristicas,sistemadegestionescolardesarrolladoporterceros,,Característica de localización,por verificar,no,No comparable,Unidad agregada ambigua y cambios de esquema/nombre.,Excluida hasta contar con definición anual inequívoca.
2024,caracteristicas,sistemadegestionescolarencargadoporelestablecimiento,,Característica de localización,por verificar,no,No comparable,Unidad agregada ambigua y cambios de esquema/nombre.,Excluida hasta contar con definición anual inequívoca.
2024,caracteristicas,sistemadegestionescolarplanilladecalculo,,Característica de localización,por verificar,no,No comparable,Unidad agregada ambigua y cambios de esquema/nombre.,Excluida hasta contar con definición anual inequívoca.
2024,caracteristicas,sistemadegestionescolarprovistoporelministerio,,Característica de localización,por verificar,no,No comparable,Unidad agregada ambigua y cambios de esquema/nombre.,Excluida hasta contar con definición anual inequívoca.
2024,caracteristicas,sistemadegestionescolarsi,,Característica de localización,por verificar,no,No comparable,Unidad agregada ambigua y cambios de esquema/nombre.,Excluida hasta contar con definición anual inequívoca.
2024,caracteristicas,subvencionestataljardindeinfantessi,,Característica de localización,por verificar,no,No comparable,Unidad agregada ambigua y cambios de esquema/nombre.,Excluida hasta contar con definición anual inequívoca.
2024,caracteristicas,subvencionestataljardinmaternalsi,,Característica de localización,por verificar,no,No comparable,Unidad agregada ambigua y cambios de esquema/nombre.,Excluida hasta contar con definición anual inequívoca.
2024,caracteristicas,subvencionestatalprimariasi,,Característica de localización,por verificar,no,No comparable,Unidad agregada ambigua y cambios de esquema/nombre.,Excluida hasta contar con definición anual inequívoca.
2024,caracteristicas,subvencionestatalsecundariasi,,Característica de localización,por verificar,no,No comparable,Unidad agregada ambigua y cambios de esquema/nombre.,Excluida hasta contar con definición anual inequívoca.
2024,caracteristicas,subvencionestatalsnusi,,Característica de localización,por verificar,no,No comparable,Unidad agregada ambigua y cambios de esquema/nombre.,Excluida hasta contar con definición anual inequívoca.
2024,derivada,repitentes/matricula_grados_comparables,proporcion_repitentes,Cociente exploratorio recalculado desde conteos comparables,proporción,sí con advertencia,Media,"Fórmula estable, pero no es tasa oficial y su interpretación atraviesa discontinuidades administrativas potenciales.",No se almacena en el parquet largo; se recalcula. Cautela especial en 2020–2022.
2024,derivada,salidos_sin_pase/matricula_inicial,proporcion_salidos_sin_pase,Cociente exploratorio recalculado desde conteos comparables,proporción,sí con advertencia,Media,"Fórmula estable, pero no es tasa oficial y su interpretación atraviesa discontinuidades administrativas potenciales.",No se almacena en el parquet largo; se recalcula. Cautela especial en 2020–2022.
2024,derivada,sobreedad/matricula_grados_comparables,proporcion_sobreedad,Cociente exploratorio recalculado desde conteos comparables,proporción,sí con advertencia,Media,"Fórmula estable, pero no es tasa oficial y su interpretación atraviesa discontinuidades administrativas potenciales.",No se almacena en el parquet largo; se recalcula. Cautela especial en 2020–2022.
2024,matricula,campo_1+campo_2+campo_3+campo_4+campo_5+campo_6+campo_7+campo_8+campo_9+campo_10+campo_11+campo_12+campo_1314,matricula_grados_comparables,Matrícula en años de estudio con repitencia y sobreedad comparables,conteo,sí,Alta,Mismas columnas componentes y mismo grano en los 15 archivos; definición común en el diccionario oficial.,No incorporar la categoría _20 añadida desde 2023; conservar sector y ámbito.
2024,matricula,lactantes+deambulantes+s2+s3+s4+s5+campo_1+campo_2+campo_3+campo_4+campo_5+campo_6+campo_7+campo_8+campo_9+campo_10+campo_11+campo_12+campo_1314+snu,matricula_total,Matrícula en categorías comunes a todos los años,conteo,sí,Alta,Mismas columnas componentes y mismo grano en los 15 archivos; definición común en el diccionario oficial.,No incorporar la categoría _20 añadida desde 2023; conservar sector y ámbito.
2024,matricula,r_1+r_2+r_3+r_4+r_5+r_6+r_7+r_8+r_9+r_10+r_11+r_12+r_1314,repitentes,Estudiantes repitentes en categorías comunes,conteo,sí,Alta,Mismas columnas componentes y mismo grano en los 15 archivos; definición común en el diccionario oficial.,No incorporar la categoría _20 añadida desde 2023; conservar sector y ámbito.
2024,matricula,s_1+s_2+s_3+s_4+s_5+s_6+s_7+s_8+s_9+s_10+s_11+s_12+s_1314,sobreedad,Estudiantes con sobreedad en categorías comunes,conteo,sí,Alta,Mismas columnas componentes y mismo grano en los 15 archivos; definición común en el diccionario oficial.,No incorporar la categoría _20 añadida desde 2023; conservar sector y ámbito.
2024,matricula,campo_20,,Categoría 20 añadida al esquema,conteo,no,No comparable,No existe en 2011–2022.,Excluida de la serie completa.
2024,matricula,r_20,,Categoría 20 añadida al esquema,conteo,no,No comparable,No existe en 2011–2022.,Excluida de la serie completa.
2024,matricula,s_deambulantes,,Sobreedad en categorías de inicial,conteo,no,No comparable,Definición ambigua/inconsistente en el diccionario disponible.,No se usa sustantivamente.
2024,matricula,s_lactantes,,Sobreedad en categorías de inicial,conteo,no,No comparable,Definición ambigua/inconsistente en el diccionario disponible.,No se usa sustantivamente.
2024,matricula,s_s2,,Sobreedad en categorías de inicial,conteo,no,No comparable,Definición ambigua/inconsistente en el diccionario disponible.,No se usa sustantivamente.
2024,matricula,s_s3,,Sobreedad en categorías de inicial,conteo,no,No comparable,Definición ambigua/inconsistente en el diccionario disponible.,No se usa sustantivamente.
2024,matricula,s_s4,,Sobreedad en categorías de inicial,conteo,no,No comparable,Definición ambigua/inconsistente en el diccionario disponible.,No se usa sustantivamente.
2024,matricula,s_s5,,Sobreedad en categorías de inicial,conteo,no,No comparable,Definición ambigua/inconsistente en el diccionario disponible.,No se usa sustantivamente.
2024,trayectoria,inicial_1+inicial_2+inicial_3+inicial_4+inicial_5+inicial_6+inicial_7+inicial_8+inicial_9+inicial_10+inicial_11+inicial_12+inicial_1314,matricula_inicial,Matrícula inicial en categorías comunes,conteo,sí,Alta,Mismas columnas componentes y mismo grano en los 15 archivos; definición común en el diccionario oficial.,No incorporar la categoría _20 añadida desde 2023; conservar sector y ámbito.
2024,trayectoria,nopromo_1+nopromo_2+nopromo_3+nopromo_4+nopromo_5+nopromo_6+nopromo_7+nopromo_8+nopromo_9+nopromo_10+nopromo_11+nopromo_12+nopromo_1314,no_promovidos,No promovidos en categorías comunes,conteo,sí,Alta,Mismas columnas componentes y mismo grano en los 15 archivos; definición común en el diccionario oficial.,No incorporar la categoría _20 añadida desde 2023; conservar sector y ámbito.
2024,trayectoria,primaria_egresados,egresados_primaria,Egresados de primaria,conteo,sí,Alta,Mismas columnas componentes y mismo grano en los 15 archivos; definición común en el diccionario oficial.,No incorporar la categoría _20 añadida desde 2023; conservar sector y ámbito.
2024,trayectoria,promovidos_1+promovidos_2+promovidos_3+promovidos_4+promovidos_5+promovidos_6+promovidos_7+promovidos_8+promovidos_9+promovidos_10+promovidos_11+promovidos_12+promovidos_1314,promovidos,Promovidos en categorías comunes,conteo,sí,Alta,Mismas columnas componentes y mismo grano en los 15 archivos; definición común en el diccionario oficial.,No incorporar la categoría _20 añadida desde 2023; conservar sector y ámbito.
2024,trayectoria,scp_1+scp_2+scp_3+scp_4+scp_5+scp_6+scp_7+scp_8+scp_9+scp_10+scp_11+scp_12+scp_1314,salidos_con_pase,Salidos con pase en categorías comunes,conteo,sí,Alta,Mismas columnas componentes y mismo grano en los 15 archivos; definición común en el diccionario oficial.,No incorporar la categoría _20 añadida desde 2023; conservar sector y ámbito.
2024,trayectoria,secundaria_egresados,egresados_secundaria,Egresados de secundaria,conteo,sí,Alta,Mismas columnas componentes y mismo grano en los 15 archivos; definición común en el diccionario oficial.,No incorporar la categoría _20 añadida desde 2023; conservar sector y ámbito.
2024,trayectoria,ssp_1+ssp_2+ssp_3+ssp_4+ssp_5+ssp_6+ssp_7+ssp_8+ssp_9+ssp_10+ssp_11+ssp_12+ssp_1314,salidos_sin_pase,Salidos sin pase en categorías comunes,conteo,sí,Alta,Mismas columnas componentes y mismo grano en los 15 archivos; definición común en el diccionario oficial.,No incorporar la categoría _20 añadida desde 2023; conservar sector y ámbito.
2024,trayectoria,ultimo_1+ultimo_2+ultimo_3+ultimo_4+ultimo_5+ultimo_6+ultimo_7+ultimo_8+ultimo_9+ultimo_10+ultimo_11+ultimo_12+ultimo_1314,matricula_ultimo_dia,Matrícula al último día de clase en categorías comunes,conteo,sí,Alta,Mismas columnas componentes y mismo grano en los 15 archivos; definición común en el diccionario oficial.,No incorporar la categoría _20 añadida desde 2023; conservar sector y ámbito.
2025,caracteristicas,localizacion,localizaciones,Cantidad de localizaciones educativas,conteo,sí,Alta,Mismas columnas componentes y mismo grano en los 15 archivos; definición común en el diccionario oficial.,No incorporar la categoría _20 añadida desde 2023; conservar sector y ámbito.
2025,caracteristicas,bibliotecadisponedealmenosunasi,,Característica de localización,por verificar,no,No comparable,Unidad agregada ambigua y cambios de esquema/nombre.,Excluida hasta contar con definición anual inequívoca.
2025,caracteristicas,bibliotecafuncionaesespacioexclusivosi,,Característica de localización,por verificar,no,No comparable,Unidad agregada ambigua y cambios de esquema/nombre.,Excluida hasta contar con definición anual inequívoca.
2025,caracteristicas,cooperadoraconpersoneriajuridica,,Característica de localización,por verificar,no,No comparable,Unidad agregada ambigua y cambios de esquema/nombre.,Excluida hasta contar con definición anual inequívoca.
2025,caracteristicas,cooperadorano,,Característica de localización,por verificar,no,No comparable,Unidad agregada ambigua y cambios de esquema/nombre.,Excluida hasta contar con definición anual inequívoca.
2025,caracteristicas,cooperadorasinpersoneriajuridica,,Característica de localización,por verificar,no,No comparable,Unidad agregada ambigua y cambios de esquema/nombre.,Excluida hasta contar con definición anual inequívoca.
2025,caracteristicas,disponedesalaolaboratoriodeinformaticasi,,Característica de localización,por verificar,no,No comparable,Unidad agregada ambigua y cambios de esquema/nombre.,Excluida hasta contar con definición anual inequívoca.
2025,caracteristicas,electricidadgeneradoreolico,,Característica de localización,por verificar,no,No comparable,Unidad agregada ambigua y cambios de esquema/nombre.,Excluida hasta contar con definición anual inequívoca.
2025,caracteristicas,electricidadgeneradorhidraulico,,Característica de localización,por verificar,no,No comparable,Unidad agregada ambigua y cambios de esquema/nombre.,Excluida hasta contar con definición anual inequívoca.
2025,caracteristicas,electricidadgrupoelectrogeno,,Característica de localización,por verificar,no,No comparable,Unidad agregada ambigua y cambios de esquema/nombre.,Excluida hasta contar con definición anual inequívoca.
2025,caracteristicas,electricidadotro,,Característica de localización,por verificar,no,No comparable,Unidad agregada ambigua y cambios de esquema/nombre.,Excluida hasta contar con definición anual inequívoca.
2025,caracteristicas,electricidadpanelfotovoltaicosolar,,Característica de localización,por verificar,no,No comparable,Unidad agregada ambigua y cambios de esquema/nombre.,Excluida hasta contar con definición anual inequívoca.
2025,caracteristicas,electricidadredpublica,,Característica de localización,por verificar,no,No comparable,Unidad agregada ambigua y cambios de esquema/nombre.,Excluida hasta contar con definición anual inequívoca.
2025,caracteristicas,electricidadsi,,Característica de localización,por verificar,no,No comparable,Unidad agregada ambigua y cambios de esquema/nombre.,Excluida hasta contar con definición anual inequívoca.
2025,caracteristicas,equipamientobibliotecaequipodesonido,,Característica de localización,por verificar,no,No comparable,Unidad agregada ambigua y cambios de esquema/nombre.,Excluida hasta contar con definición anual inequívoca.
2025,caracteristicas,equipamientobibliotecaequipoemisorderadioamfm,,Característica de localización,por verificar,no,No comparable,Unidad agregada ambigua y cambios de esquema/nombre.,Excluida hasta contar con definición anual inequívoca.
2025,caracteristicas,equipamientobibliotecaequiporeceptorderadioamfm,,Característica de localización,por verificar,no,No comparable,Unidad agregada ambigua y cambios de esquema/nombre.,Excluida hasta contar con definición anual inequívoca.
2025,caracteristicas,equipamientobibliotecaimpresora,,Característica de localización,por verificar,no,No comparable,Unidad agregada ambigua y cambios de esquema/nombre.,Excluida hasta contar con definición anual inequívoca.
2025,caracteristicas,equipamientobibliotecaimpresora3d,,Característica de localización,por verificar,no,No comparable,Unidad agregada ambigua y cambios de esquema/nombre.,Excluida hasta contar con definición anual inequívoca.
2025,caracteristicas,equipamientobibliotecapizarrasdigitales,,Característica de localización,por verificar,no,No comparable,Unidad agregada ambigua y cambios de esquema/nombre.,Excluida hasta contar con definición anual inequívoca.
2025,caracteristicas,equipamientobibliotecascanner,,Característica de localización,por verificar,no,No comparable,Unidad agregada ambigua y cambios de esquema/nombre.,Excluida hasta contar con definición anual inequívoca.
2025,caracteristicas,equipamientobibliotecaservidorparausoescolar,,Característica de localización,por verificar,no,No comparable,Unidad agregada ambigua y cambios de esquema/nombre.,Excluida hasta contar con definición anual inequívoca.
2025,caracteristicas,equipamientobibliotecasistemamultimediaocanon,,Característica de localización,por verificar,no,No comparable,Unidad agregada ambigua y cambios de esquema/nombre.,Excluida hasta contar con definición anual inequívoca.
2025,caracteristicas,equipamientobibliotecatelefonointeligente,,Característica de localización,por verificar,no,No comparable,Unidad agregada ambigua y cambios de esquema/nombre.,Excluida hasta contar con definición anual inequívoca.
2025,caracteristicas,equipamientobibliotecatelevisor,,Característica de localización,por verificar,no,No comparable,Unidad agregada ambigua y cambios de esquema/nombre.,Excluida hasta contar con definición anual inequívoca.
2025,caracteristicas,equipamientobibliotecawebcam,,Característica de localización,por verificar,no,No comparable,Unidad agregada ambigua y cambios de esquema/nombre.,Excluida hasta contar con definición anual inequívoca.
2025,caracteristicas,equipamientoestablecimientoequipodesonido,,Característica de localización,por verificar,no,No comparable,Unidad agregada ambigua y cambios de esquema/nombre.,Excluida hasta contar con definición anual inequívoca.
2025,caracteristicas,equipamientoestablecimientoequipoemisorderadioamfm,,Característica de localización,por verificar,no,No comparable,Unidad agregada ambigua y cambios de esquema/nombre.,Excluida hasta contar con definición anual inequívoca.
2025,caracteristicas,equipamientoestablecimientoequiporeceptorderadioamfm,,Característica de localización,por verificar,no,No comparable,Unidad agregada ambigua y cambios de esquema/nombre.,Excluida hasta contar con definición anual inequívoca.
2025,caracteristicas,equipamientoestablecimientoimpresora,,Característica de localización,por verificar,no,No comparable,Unidad agregada ambigua y cambios de esquema/nombre.,Excluida hasta contar con definición anual inequívoca.
2025,caracteristicas,equipamientoestablecimientoimpresora3d,,Característica de localización,por verificar,no,No comparable,Unidad agregada ambigua y cambios de esquema/nombre.,Excluida hasta contar con definición anual inequívoca.
2025,caracteristicas,equipamientoestablecimientopizarrasdigitales,,Característica de localización,por verificar,no,No comparable,Unidad agregada ambigua y cambios de esquema/nombre.,Excluida hasta contar con definición anual inequívoca.
2025,caracteristicas,equipamientoestablecimientoscanner,,Característica de localización,por verificar,no,No comparable,Unidad agregada ambigua y cambios de esquema/nombre.,Excluida hasta contar con definición anual inequívoca.
2025,caracteristicas,equipamientoestablecimientoservidorparausoescolar,,Característica de localización,por verificar,no,No comparable,Unidad agregada ambigua y cambios de esquema/nombre.,Excluida hasta contar con definición anual inequívoca.
2025,caracteristicas,equipamientoestablecimientosistemamultimediaocanon,,Característica de localización,por verificar,no,No comparable,Unidad agregada ambigua y cambios de esquema/nombre.,Excluida hasta contar con definición anual inequívoca.
2025,caracteristicas,equipamientoestablecimientotelefonointeligente,,Característica de localización,por verificar,no,No comparable,Unidad agregada ambigua y cambios de esquema/nombre.,Excluida hasta contar con definición anual inequívoca.
2025,caracteristicas,equipamientoestablecimientotelevisor,,Característica de localización,por verificar,no,No comparable,Unidad agregada ambigua y cambios de esquema/nombre.,Excluida hasta contar con definición anual inequívoca.
2025,caracteristicas,equipamientoestablecimientowebcam,,Característica de localización,por verificar,no,No comparable,Unidad agregada ambigua y cambios de esquema/nombre.,Excluida hasta contar con definición anual inequívoca.
2025,caracteristicas,espaciosconconexionenelareadeadministracion,,Característica de localización,por verificar,no,No comparable,Unidad agregada ambigua y cambios de esquema/nombre.,Excluida hasta contar con definición anual inequívoca.
2025,caracteristicas,espaciosconconexionenellaboratorio,,Característica de localización,por verificar,no,No comparable,Unidad agregada ambigua y cambios de esquema/nombre.,Excluida hasta contar con definición anual inequívoca.
2025,caracteristicas,espaciosconconexionenlabibliotecas,,Característica de localización,por verificar,no,No comparable,Unidad agregada ambigua y cambios de esquema/nombre.,Excluida hasta contar con definición anual inequívoca.
2025,caracteristicas,espaciosconconexionenlasaulas,,Característica de localización,por verificar,no,No comparable,Unidad agregada ambigua y cambios de esquema/nombre.,Excluida hasta contar con definición anual inequívoca.
2025,caracteristicas,espaciosconconexionenotroespaciodelestablecimiento,,Característica de localización,por verificar,no,No comparable,Unidad agregada ambigua y cambios de esquema/nombre.,Excluida hasta contar con definición anual inequívoca.
2025,caracteristicas,internettipodeconexionadsl,,Característica de localización,por verificar,no,No comparable,Unidad agregada ambigua y cambios de esquema/nombre.,Excluida hasta contar con definición anual inequívoca.
2025,caracteristicas,internettipodeconexioncablemodem,,Característica de localización,por verificar,no,No comparable,Unidad agregada ambigua y cambios de esquema/nombre.,Excluida hasta contar con definición anual inequívoca.
2025,caracteristicas,internettipodeconexionmovil,,Característica de localización,por verificar,no,No comparable,Unidad agregada ambigua y cambios de esquema/nombre.,Excluida hasta contar con definición anual inequívoca.
2025,caracteristicas,internettipodeconexionotrotipo,,Característica de localización,por verificar,no,No comparable,Unidad agregada ambigua y cambios de esquema/nombre.,Excluida hasta contar con definición anual inequívoca.
2025,caracteristicas,internettipodeconexionsatelital,,Característica de localización,por verificar,no,No comparable,Unidad agregada ambigua y cambios de esquema/nombre.,Excluida hasta contar con definición anual inequívoca.
2025,caracteristicas,internettipodeconexiontelefonica,,Característica de localización,por verificar,no,No comparable,Unidad agregada ambigua y cambios de esquema/nombre.,Excluida hasta contar con definición anual inequívoca.
2025,caracteristicas,internettipodeserviciogratuitoestado,,Característica de localización,por verificar,no,No comparable,Unidad agregada ambigua y cambios de esquema/nombre.,Excluida hasta contar con definición anual inequívoca.
2025,caracteristicas,internettipodeserviciogratuitootro,,Característica de localización,por verificar,no,No comparable,Unidad agregada ambigua y cambios de esquema/nombre.,Excluida hasta contar con definición anual inequívoca.
2025,caracteristicas,internettipodeserviciopago,,Característica de localización,por verificar,no,No comparable,Unidad agregada ambigua y cambios de esquema/nombre.,Excluida hasta contar con definición anual inequívoca.
2025,caracteristicas,laboratoriofuncionaesespacioexclusivosi,,Característica de localización,por verificar,no,No comparable,Unidad agregada ambigua y cambios de esquema/nombre.,Excluida hasta contar con definición anual inequívoca.
2025,caracteristicas,sistemadegestionescolardesarrolladoporterceros,,Característica de localización,por verificar,no,No comparable,Unidad agregada ambigua y cambios de esquema/nombre.,Excluida hasta contar con definición anual inequívoca.
2025,caracteristicas,sistemadegestionescolarencargadoporelestablecimiento,,Característica de localización,por verificar,no,No comparable,Unidad agregada ambigua y cambios de esquema/nombre.,Excluida hasta contar con definición anual inequívoca.
2025,caracteristicas,sistemadegestionescolarplanilladecalculo,,Característica de localización,por verificar,no,No comparable,Unidad agregada ambigua y cambios de esquema/nombre.,Excluida hasta contar con definición anual inequívoca.
2025,caracteristicas,sistemadegestionescolarprovistoporelministerio,,Característica de localización,por verificar,no,No comparable,Unidad agregada ambigua y cambios de esquema/nombre.,Excluida hasta contar con definición anual inequívoca.
2025,caracteristicas,sistemadegestionescolarsi,,Característica de localización,por verificar,no,No comparable,Unidad agregada ambigua y cambios de esquema/nombre.,Excluida hasta contar con definición anual inequívoca.
2025,caracteristicas,subvencionestataljardindeinfantessi,,Característica de localización,por verificar,no,No comparable,Unidad agregada ambigua y cambios de esquema/nombre.,Excluida hasta contar con definición anual inequívoca.
2025,caracteristicas,subvencionestataljardinmaternalsi,,Característica de localización,por verificar,no,No comparable,Unidad agregada ambigua y cambios de esquema/nombre.,Excluida hasta contar con definición anual inequívoca.
2025,caracteristicas,subvencionestatalprimariasi,,Característica de localización,por verificar,no,No comparable,Unidad agregada ambigua y cambios de esquema/nombre.,Excluida hasta contar con definición anual inequívoca.
2025,caracteristicas,subvencionestatalsecundariasi,,Característica de localización,por verificar,no,No comparable,Unidad agregada ambigua y cambios de esquema/nombre.,Excluida hasta contar con definición anual inequívoca.
2025,caracteristicas,subvencionestatalsnusi,,Característica de localización,por verificar,no,No comparable,Unidad agregada ambigua y cambios de esquema/nombre.,Excluida hasta contar con definición anual inequívoca.
2025,derivada,repitentes/matricula_grados_comparables,proporcion_repitentes,Cociente exploratorio recalculado desde conteos comparables,proporción,sí con advertencia,Media,"Fórmula estable, pero no es tasa oficial y su interpretación atraviesa discontinuidades administrativas potenciales.",No se almacena en el parquet largo; se recalcula. Cautela especial en 2020–2022.
2025,derivada,salidos_sin_pase/matricula_inicial,proporcion_salidos_sin_pase,Cociente exploratorio recalculado desde conteos comparables,proporción,sí con advertencia,Media,"Fórmula estable, pero no es tasa oficial y su interpretación atraviesa discontinuidades administrativas potenciales.",No se almacena en el parquet largo; se recalcula. Cautela especial en 2020–2022.
2025,derivada,sobreedad/matricula_grados_comparables,proporcion_sobreedad,Cociente exploratorio recalculado desde conteos comparables,proporción,sí con advertencia,Media,"Fórmula estable, pero no es tasa oficial y su interpretación atraviesa discontinuidades administrativas potenciales.",No se almacena en el parquet largo; se recalcula. Cautela especial en 2020–2022.
2025,matricula,campo_1+campo_2+campo_3+campo_4+campo_5+campo_6+campo_7+campo_8+campo_9+campo_10+campo_11+campo_12+campo_1314,matricula_grados_comparables,Matrícula en años de estudio con repitencia y sobreedad comparables,conteo,sí,Alta,Mismas columnas componentes y mismo grano en los 15 archivos; definición común en el diccionario oficial.,No incorporar la categoría _20 añadida desde 2023; conservar sector y ámbito.
2025,matricula,lactantes+deambulantes+s2+s3+s4+s5+campo_1+campo_2+campo_3+campo_4+campo_5+campo_6+campo_7+campo_8+campo_9+campo_10+campo_11+campo_12+campo_1314+snu,matricula_total,Matrícula en categorías comunes a todos los años,conteo,sí,Alta,Mismas columnas componentes y mismo grano en los 15 archivos; definición común en el diccionario oficial.,No incorporar la categoría _20 añadida desde 2023; conservar sector y ámbito.
2025,matricula,r_1+r_2+r_3+r_4+r_5+r_6+r_7+r_8+r_9+r_10+r_11+r_12+r_1314,repitentes,Estudiantes repitentes en categorías comunes,conteo,sí,Alta,Mismas columnas componentes y mismo grano en los 15 archivos; definición común en el diccionario oficial.,No incorporar la categoría _20 añadida desde 2023; conservar sector y ámbito.
2025,matricula,s_1+s_2+s_3+s_4+s_5+s_6+s_7+s_8+s_9+s_10+s_11+s_12+s_1314,sobreedad,Estudiantes con sobreedad en categorías comunes,conteo,sí,Alta,Mismas columnas componentes y mismo grano en los 15 archivos; definición común en el diccionario oficial.,No incorporar la categoría _20 añadida desde 2023; conservar sector y ámbito.
2025,matricula,campo_20,,Categoría 20 añadida al esquema,conteo,no,No comparable,No existe en 2011–2022.,Excluida de la serie completa.
2025,matricula,r_20,,Categoría 20 añadida al esquema,conteo,no,No comparable,No existe en 2011–2022.,Excluida de la serie completa.
2025,matricula,s_deambulantes,,Sobreedad en categorías de inicial,conteo,no,No comparable,Definición ambigua/inconsistente en el diccionario disponible.,No se usa sustantivamente.
2025,matricula,s_lactantes,,Sobreedad en categorías de inicial,conteo,no,No comparable,Definición ambigua/inconsistente en el diccionario disponible.,No se usa sustantivamente.
2025,matricula,s_s2,,Sobreedad en categorías de inicial,conteo,no,No comparable,Definición ambigua/inconsistente en el diccionario disponible.,No se usa sustantivamente.
2025,matricula,s_s3,,Sobreedad en categorías de inicial,conteo,no,No comparable,Definición ambigua/inconsistente en el diccionario disponible.,No se usa sustantivamente.
2025,matricula,s_s4,,Sobreedad en categorías de inicial,conteo,no,No comparable,Definición ambigua/inconsistente en el diccionario disponible.,No se usa sustantivamente.
2025,matricula,s_s5,,Sobreedad en categorías de inicial,conteo,no,No comparable,Definición ambigua/inconsistente en el diccionario disponible.,No se usa sustantivamente.
2025,trayectoria,inicial_1+inicial_2+inicial_3+inicial_4+inicial_5+inicial_6+inicial_7+inicial_8+inicial_9+inicial_10+inicial_11+inicial_12+inicial_1314,matricula_inicial,Matrícula inicial en categorías comunes,conteo,sí,Alta,Mismas columnas componentes y mismo grano en los 15 archivos; definición común en el diccionario oficial.,No incorporar la categoría _20 añadida desde 2023; conservar sector y ámbito.
2025,trayectoria,nopromo_1+nopromo_2+nopromo_3+nopromo_4+nopromo_5+nopromo_6+nopromo_7+nopromo_8+nopromo_9+nopromo_10+nopromo_11+nopromo_12+nopromo_1314,no_promovidos,No promovidos en categorías comunes,conteo,sí,Alta,Mismas columnas componentes y mismo grano en los 15 archivos; definición común en el diccionario oficial.,No incorporar la categoría _20 añadida desde 2023; conservar sector y ámbito.
2025,trayectoria,primaria_egresados,egresados_primaria,Egresados de primaria,conteo,sí,Alta,Mismas columnas componentes y mismo grano en los 15 archivos; definición común en el diccionario oficial.,No incorporar la categoría _20 añadida desde 2023; conservar sector y ámbito.
2025,trayectoria,promovidos_1+promovidos_2+promovidos_3+promovidos_4+promovidos_5+promovidos_6+promovidos_7+promovidos_8+promovidos_9+promovidos_10+promovidos_11+promovidos_12+promovidos_1314,promovidos,Promovidos en categorías comunes,conteo,sí,Alta,Mismas columnas componentes y mismo grano en los 15 archivos; definición común en el diccionario oficial.,No incorporar la categoría _20 añadida desde 2023; conservar sector y ámbito.
2025,trayectoria,scp_1+scp_2+scp_3+scp_4+scp_5+scp_6+scp_7+scp_8+scp_9+scp_10+scp_11+scp_12+scp_1314,salidos_con_pase,Salidos con pase en categorías comunes,conteo,sí,Alta,Mismas columnas componentes y mismo grano en los 15 archivos; definición común en el diccionario oficial.,No incorporar la categoría _20 añadida desde 2023; conservar sector y ámbito.
2025,trayectoria,secundaria_egresados,egresados_secundaria,Egresados de secundaria,conteo,sí,Alta,Mismas columnas componentes y mismo grano en los 15 archivos; definición común en el diccionario oficial.,No incorporar la categoría _20 añadida desde 2023; conservar sector y ámbito.
2025,trayectoria,ssp_1+ssp_2+ssp_3+ssp_4+ssp_5+ssp_6+ssp_7+ssp_8+ssp_9+ssp_10+ssp_11+ssp_12+ssp_1314,salidos_sin_pase,Salidos sin pase en categorías comunes,conteo,sí,Alta,Mismas columnas componentes y mismo grano en los 15 archivos; definición común en el diccionario oficial.,No incorporar la categoría _20 añadida desde 2023; conservar sector y ámbito.
2025,trayectoria,ultimo_1+ultimo_2+ultimo_3+ultimo_4+ultimo_5+ultimo_6+ultimo_7+ultimo_8+ultimo_9+ultimo_10+ultimo_11+ultimo_12+ultimo_1314,matricula_ultimo_dia,Matrícula al último día de clase en categorías comunes,conteo,sí,Alta,Mismas columnas componentes y mismo grano en los 15 archivos; definición común en el diccionario oficial.,No incorporar la categoría _20 añadida desde 2023; conservar sector y ámbito.
