variable,dataset,tipo,descripcion,unidad,aditiva_o_tasa,nivel_educativo,sector,ambito,posible_dimension_proyecto,observaciones_metodologicas
dataset,matricula,object,Nombre interno de la base,no aplica,no aplica,no aplica,desagregada por sector,desagregada por ambito,Trazabilidad,No usar sustantivamente hasta confirmar la definicion oficial.
anio,matricula,int64,Ano del relevamiento,no aplica,no aplica,no aplica,desagregada por sector,desagregada por ambito,Trazabilidad,No usar sustantivamente hasta confirmar la definicion oficial.
url_origen,matricula,object,URL de origen,no aplica,no aplica,no aplica,desagregada por sector,desagregada por ambito,Trazabilidad,No usar sustantivamente hasta confirmar la definicion oficial.
fecha_descarga,matricula,object,Fecha de descarga,no aplica,no aplica,no aplica,desagregada por sector,desagregada por ambito,Trazabilidad,No usar sustantivamente hasta confirmar la definicion oficial.
sector,matricula,string,Secciones en la categoria indicada,secciones,aditiva,no aplica,desagregada por sector,desagregada por ambito,Acceso,No usar sustantivamente hasta confirmar la definicion oficial.
ambito,matricula,string,Ambito urbano o rural,no aplica,no aplica,no aplica,desagregada por sector,desagregada por ambito,Trazabilidad,No usar sustantivamente hasta confirmar la definicion oficial.
lactantes,matricula,Int64,Matricula total en la categoria indicada por el nombre del campo,estudiantes,aditiva,no aplica,desagregada por sector,desagregada por ambito,Acceso,Definicion basada en el diccionario oficial RA 2025; conservar el grano sector-ambito.
deambulantes,matricula,Int64,Matricula total en la categoria indicada por el nombre del campo,estudiantes,aditiva,no aplica,desagregada por sector,desagregada por ambito,Acceso,Definicion basada en el diccionario oficial RA 2025; conservar el grano sector-ambito.
s2,matricula,Int64,Matricula total en la categoria indicada por el nombre del campo,estudiantes,aditiva,no aplica,desagregada por sector,desagregada por ambito,Acceso,Definicion basada en el diccionario oficial RA 2025; conservar el grano sector-ambito.
s3,matricula,Int64,Matricula total en la categoria indicada por el nombre del campo,estudiantes,aditiva,no aplica,desagregada por sector,desagregada por ambito,Acceso,Definicion basada en el diccionario oficial RA 2025; conservar el grano sector-ambito.
s4,matricula,Int64,Matricula total en la categoria indicada por el nombre del campo,estudiantes,aditiva,no aplica,desagregada por sector,desagregada por ambito,Acceso,Definicion basada en el diccionario oficial RA 2025; conservar el grano sector-ambito.
s5,matricula,Int64,Matricula total en la categoria indicada por el nombre del campo,estudiantes,aditiva,no aplica,desagregada por sector,desagregada por ambito,Acceso,Definicion basada en el diccionario oficial RA 2025; conservar el grano sector-ambito.
campo_1,matricula,Int64,Matricula total en la categoria indicada por el nombre del campo,estudiantes,aditiva,no aplica,desagregada por sector,desagregada por ambito,Acceso,Definicion basada en el diccionario oficial RA 2025; conservar el grano sector-ambito.
campo_2,matricula,Int64,Matricula total en la categoria indicada por el nombre del campo,estudiantes,aditiva,no aplica,desagregada por sector,desagregada por ambito,Acceso,Definicion basada en el diccionario oficial RA 2025; conservar el grano sector-ambito.
campo_3,matricula,Int64,Matricula total en la categoria indicada por el nombre del campo,estudiantes,aditiva,no aplica,desagregada por sector,desagregada por ambito,Acceso,Definicion basada en el diccionario oficial RA 2025; conservar el grano sector-ambito.
campo_4,matricula,Int64,Matricula total en la categoria indicada por el nombre del campo,estudiantes,aditiva,no aplica,desagregada por sector,desagregada por ambito,Acceso,Definicion basada en el diccionario oficial RA 2025; conservar el grano sector-ambito.
campo_5,matricula,Int64,Matricula total en la categoria indicada por el nombre del campo,estudiantes,aditiva,no aplica,desagregada por sector,desagregada por ambito,Acceso,Definicion basada en el diccionario oficial RA 2025; conservar el grano sector-ambito.
campo_6,matricula,Int64,Matricula total en la categoria indicada por el nombre del campo,estudiantes,aditiva,no aplica,desagregada por sector,desagregada por ambito,Acceso,Definicion basada en el diccionario oficial RA 2025; conservar el grano sector-ambito.
campo_7,matricula,Int64,Matricula total en la categoria indicada por el nombre del campo,estudiantes,aditiva,no aplica,desagregada por sector,desagregada por ambito,Acceso,Definicion basada en el diccionario oficial RA 2025; conservar el grano sector-ambito.
campo_8,matricula,Int64,Matricula total en la categoria indicada por el nombre del campo,estudiantes,aditiva,no aplica,desagregada por sector,desagregada por ambito,Acceso,Definicion basada en el diccionario oficial RA 2025; conservar el grano sector-ambito.
campo_9,matricula,Int64,Matricula total en la categoria indicada por el nombre del campo,estudiantes,aditiva,no aplica,desagregada por sector,desagregada por ambito,Acceso,Definicion basada en el diccionario oficial RA 2025; conservar el grano sector-ambito.
campo_10,matricula,Int64,Matricula total en la categoria indicada por el nombre del campo,estudiantes,aditiva,no aplica,desagregada por sector,desagregada por ambito,Acceso,Definicion basada en el diccionario oficial RA 2025; conservar el grano sector-ambito.
campo_11,matricula,Int64,Matricula total en la categoria indicada por el nombre del campo,estudiantes,aditiva,no aplica,desagregada por sector,desagregada por ambito,Acceso,Definicion basada en el diccionario oficial RA 2025; conservar el grano sector-ambito.
campo_12,matricula,Int64,Matricula total en la categoria indicada por el nombre del campo,estudiantes,aditiva,no aplica,desagregada por sector,desagregada por ambito,Acceso,Definicion basada en el diccionario oficial RA 2025; conservar el grano sector-ambito.
campo_1314,matricula,Int64,Matricula total en la categoria indicada por el nombre del campo,estudiantes,aditiva,no aplica,desagregada por sector,desagregada por ambito,Acceso,Definicion basada en el diccionario oficial RA 2025; conservar el grano sector-ambito.
campo_20,matricula,Int64,Matricula total en la categoria indicada por el nombre del campo,estudiantes,aditiva,no aplica,desagregada por sector,desagregada por ambito,Acceso,Definicion basada en el diccionario oficial RA 2025; conservar el grano sector-ambito.
snu,matricula,Int64,Matricula total en la categoria indicada por el nombre del campo,estudiantes,aditiva,no aplica,desagregada por sector,desagregada por ambito,Acceso,Definicion basada en el diccionario oficial RA 2025; conservar el grano sector-ambito.
v_lactantes,matricula,Int64,Matricula de varones en la categoria indicada,estudiantes,aditiva,no aplica,desagregada por sector,desagregada por ambito,Acceso; Equidad,Definicion basada en el diccionario oficial RA 2025; conservar el grano sector-ambito.
v_deambulantes,matricula,Int64,Matricula de varones en la categoria indicada,estudiantes,aditiva,no aplica,desagregada por sector,desagregada por ambito,Acceso; Equidad,Definicion basada en el diccionario oficial RA 2025; conservar el grano sector-ambito.
v_s2,matricula,Int64,Matricula de varones en la categoria indicada,estudiantes,aditiva,no aplica,desagregada por sector,desagregada por ambito,Acceso; Equidad,Definicion basada en el diccionario oficial RA 2025; conservar el grano sector-ambito.
v_s3,matricula,Int64,Matricula de varones en la categoria indicada,estudiantes,aditiva,no aplica,desagregada por sector,desagregada por ambito,Acceso; Equidad,Definicion basada en el diccionario oficial RA 2025; conservar el grano sector-ambito.
v_s4,matricula,Int64,Matricula de varones en la categoria indicada,estudiantes,aditiva,no aplica,desagregada por sector,desagregada por ambito,Acceso; Equidad,Definicion basada en el diccionario oficial RA 2025; conservar el grano sector-ambito.
v_s5,matricula,Int64,Matricula de varones en la categoria indicada,estudiantes,aditiva,no aplica,desagregada por sector,desagregada por ambito,Acceso; Equidad,Definicion basada en el diccionario oficial RA 2025; conservar el grano sector-ambito.
v_1,matricula,Int64,Matricula de varones en la categoria indicada,estudiantes,aditiva,no aplica,desagregada por sector,desagregada por ambito,Acceso; Equidad,Definicion basada en el diccionario oficial RA 2025; conservar el grano sector-ambito.
v_2,matricula,Int64,Matricula de varones en la categoria indicada,estudiantes,aditiva,no aplica,desagregada por sector,desagregada por ambito,Acceso; Equidad,Definicion basada en el diccionario oficial RA 2025; conservar el grano sector-ambito.
v_3,matricula,Int64,Matricula de varones en la categoria indicada,estudiantes,aditiva,no aplica,desagregada por sector,desagregada por ambito,Acceso; Equidad,Definicion basada en el diccionario oficial RA 2025; conservar el grano sector-ambito.
v_4,matricula,Int64,Matricula de varones en la categoria indicada,estudiantes,aditiva,no aplica,desagregada por sector,desagregada por ambito,Acceso; Equidad,Definicion basada en el diccionario oficial RA 2025; conservar el grano sector-ambito.
v_5,matricula,Int64,Matricula de varones en la categoria indicada,estudiantes,aditiva,no aplica,desagregada por sector,desagregada por ambito,Acceso; Equidad,Definicion basada en el diccionario oficial RA 2025; conservar el grano sector-ambito.
v_6,matricula,Int64,Matricula de varones en la categoria indicada,estudiantes,aditiva,no aplica,desagregada por sector,desagregada por ambito,Acceso; Equidad,Definicion basada en el diccionario oficial RA 2025; conservar el grano sector-ambito.
v_7,matricula,Int64,Matricula de varones en la categoria indicada,estudiantes,aditiva,no aplica,desagregada por sector,desagregada por ambito,Acceso; Equidad,Definicion basada en el diccionario oficial RA 2025; conservar el grano sector-ambito.
v_8,matricula,Int64,Matricula de varones en la categoria indicada,estudiantes,aditiva,no aplica,desagregada por sector,desagregada por ambito,Acceso; Equidad,Definicion basada en el diccionario oficial RA 2025; conservar el grano sector-ambito.
v_9,matricula,Int64,Matricula de varones en la categoria indicada,estudiantes,aditiva,no aplica,desagregada por sector,desagregada por ambito,Acceso; Equidad,Definicion basada en el diccionario oficial RA 2025; conservar el grano sector-ambito.
v_10,matricula,Int64,Matricula de varones en la categoria indicada,estudiantes,aditiva,no aplica,desagregada por sector,desagregada por ambito,Acceso; Equidad,Definicion basada en el diccionario oficial RA 2025; conservar el grano sector-ambito.
v_11,matricula,Int64,Matricula de varones en la categoria indicada,estudiantes,aditiva,no aplica,desagregada por sector,desagregada por ambito,Acceso; Equidad,Definicion basada en el diccionario oficial RA 2025; conservar el grano sector-ambito.
v_12,matricula,Int64,Matricula de varones en la categoria indicada,estudiantes,aditiva,no aplica,desagregada por sector,desagregada por ambito,Acceso; Equidad,Definicion basada en el diccionario oficial RA 2025; conservar el grano sector-ambito.
v_1314,matricula,Int64,Matricula de varones en la categoria indicada,estudiantes,aditiva,no aplica,desagregada por sector,desagregada por ambito,Acceso; Equidad,Definicion basada en el diccionario oficial RA 2025; conservar el grano sector-ambito.
v_20,matricula,Int64,Matricula de varones en la categoria indicada,estudiantes,aditiva,no aplica,desagregada por sector,desagregada por ambito,Acceso; Equidad,Definicion basada en el diccionario oficial RA 2025; conservar el grano sector-ambito.
v_snu,matricula,Int64,Matricula de varones en la categoria indicada,estudiantes,aditiva,no aplica,desagregada por sector,desagregada por ambito,Acceso; Equidad,Definicion basada en el diccionario oficial RA 2025; conservar el grano sector-ambito.
r_1,matricula,Int64,Estudiantes repitentes en el ano/categoria indicada,estudiantes,aditiva,no aplica,desagregada por sector,desagregada por ambito,Permanencia; Trayectoria,Definicion basada en el diccionario oficial RA 2025; conservar el grano sector-ambito.
r_2,matricula,Int64,Estudiantes repitentes en el ano/categoria indicada,estudiantes,aditiva,no aplica,desagregada por sector,desagregada por ambito,Permanencia; Trayectoria,Definicion basada en el diccionario oficial RA 2025; conservar el grano sector-ambito.
r_3,matricula,Int64,Estudiantes repitentes en el ano/categoria indicada,estudiantes,aditiva,no aplica,desagregada por sector,desagregada por ambito,Permanencia; Trayectoria,Definicion basada en el diccionario oficial RA 2025; conservar el grano sector-ambito.
r_4,matricula,Int64,Estudiantes repitentes en el ano/categoria indicada,estudiantes,aditiva,no aplica,desagregada por sector,desagregada por ambito,Permanencia; Trayectoria,Definicion basada en el diccionario oficial RA 2025; conservar el grano sector-ambito.
r_5,matricula,Int64,Estudiantes repitentes en el ano/categoria indicada,estudiantes,aditiva,no aplica,desagregada por sector,desagregada por ambito,Permanencia; Trayectoria,Definicion basada en el diccionario oficial RA 2025; conservar el grano sector-ambito.
r_6,matricula,Int64,Estudiantes repitentes en el ano/categoria indicada,estudiantes,aditiva,no aplica,desagregada por sector,desagregada por ambito,Permanencia; Trayectoria,Definicion basada en el diccionario oficial RA 2025; conservar el grano sector-ambito.
r_7,matricula,Int64,Estudiantes repitentes en el ano/categoria indicada,estudiantes,aditiva,no aplica,desagregada por sector,desagregada por ambito,Permanencia; Trayectoria,Definicion basada en el diccionario oficial RA 2025; conservar el grano sector-ambito.
r_8,matricula,Int64,Estudiantes repitentes en el ano/categoria indicada,estudiantes,aditiva,no aplica,desagregada por sector,desagregada por ambito,Permanencia; Trayectoria,Definicion basada en el diccionario oficial RA 2025; conservar el grano sector-ambito.
r_9,matricula,Int64,Estudiantes repitentes en el ano/categoria indicada,estudiantes,aditiva,no aplica,desagregada por sector,desagregada por ambito,Permanencia; Trayectoria,Definicion basada en el diccionario oficial RA 2025; conservar el grano sector-ambito.
r_10,matricula,Int64,Estudiantes repitentes en el ano/categoria indicada,estudiantes,aditiva,no aplica,desagregada por sector,desagregada por ambito,Permanencia; Trayectoria,Definicion basada en el diccionario oficial RA 2025; conservar el grano sector-ambito.
r_11,matricula,Int64,Estudiantes repitentes en el ano/categoria indicada,estudiantes,aditiva,no aplica,desagregada por sector,desagregada por ambito,Permanencia; Trayectoria,Definicion basada en el diccionario oficial RA 2025; conservar el grano sector-ambito.
r_12,matricula,Int64,Estudiantes repitentes en el ano/categoria indicada,estudiantes,aditiva,no aplica,desagregada por sector,desagregada por ambito,Permanencia; Trayectoria,Definicion basada en el diccionario oficial RA 2025; conservar el grano sector-ambito.
r_1314,matricula,Int64,Estudiantes repitentes en el ano/categoria indicada,estudiantes,aditiva,no aplica,desagregada por sector,desagregada por ambito,Permanencia; Trayectoria,Definicion basada en el diccionario oficial RA 2025; conservar el grano sector-ambito.
r_20,matricula,Int64,Estudiantes repitentes en el ano/categoria indicada,estudiantes,aditiva,no aplica,desagregada por sector,desagregada por ambito,Permanencia; Trayectoria,Definicion basada en el diccionario oficial RA 2025; conservar el grano sector-ambito.
s_lactantes,matricula,Int64,definicion por verificar,definicion por verificar,definicion por verificar,no aplica,desagregada por sector,desagregada por ambito,por verificar,No usar sustantivamente hasta confirmar la definicion oficial.
s_deambulantes,matricula,Int64,definicion por verificar,definicion por verificar,definicion por verificar,no aplica,desagregada por sector,desagregada por ambito,por verificar,No usar sustantivamente hasta confirmar la definicion oficial.
s_s2,matricula,Int64,definicion por verificar,definicion por verificar,definicion por verificar,no aplica,desagregada por sector,desagregada por ambito,por verificar,No usar sustantivamente hasta confirmar la definicion oficial.
s_s3,matricula,Int64,definicion por verificar,definicion por verificar,definicion por verificar,no aplica,desagregada por sector,desagregada por ambito,por verificar,No usar sustantivamente hasta confirmar la definicion oficial.
s_s4,matricula,Int64,definicion por verificar,definicion por verificar,definicion por verificar,no aplica,desagregada por sector,desagregada por ambito,por verificar,No usar sustantivamente hasta confirmar la definicion oficial.
s_s5,matricula,Int64,definicion por verificar,definicion por verificar,definicion por verificar,no aplica,desagregada por sector,desagregada por ambito,por verificar,No usar sustantivamente hasta confirmar la definicion oficial.
s_1,matricula,Int64,Estudiantes con sobreedad en el ano/categoria indicada,estudiantes,aditiva,no aplica,desagregada por sector,desagregada por ambito,Trayectoria; Equidad,Definicion basada en el diccionario oficial RA 2025; conservar el grano sector-ambito.
s_2,matricula,Int64,Estudiantes con sobreedad en el ano/categoria indicada,estudiantes,aditiva,no aplica,desagregada por sector,desagregada por ambito,Trayectoria; Equidad,Definicion basada en el diccionario oficial RA 2025; conservar el grano sector-ambito.
s_3,matricula,Int64,Estudiantes con sobreedad en el ano/categoria indicada,estudiantes,aditiva,no aplica,desagregada por sector,desagregada por ambito,Trayectoria; Equidad,Definicion basada en el diccionario oficial RA 2025; conservar el grano sector-ambito.
s_4,matricula,Int64,Estudiantes con sobreedad en el ano/categoria indicada,estudiantes,aditiva,no aplica,desagregada por sector,desagregada por ambito,Trayectoria; Equidad,Definicion basada en el diccionario oficial RA 2025; conservar el grano sector-ambito.
s_5,matricula,Int64,Estudiantes con sobreedad en el ano/categoria indicada,estudiantes,aditiva,no aplica,desagregada por sector,desagregada por ambito,Trayectoria; Equidad,Definicion basada en el diccionario oficial RA 2025; conservar el grano sector-ambito.
s_6,matricula,Int64,Estudiantes con sobreedad en el ano/categoria indicada,estudiantes,aditiva,no aplica,desagregada por sector,desagregada por ambito,Trayectoria; Equidad,Definicion basada en el diccionario oficial RA 2025; conservar el grano sector-ambito.
s_7,matricula,Int64,Estudiantes con sobreedad en el ano/categoria indicada,estudiantes,aditiva,no aplica,desagregada por sector,desagregada por ambito,Trayectoria; Equidad,Definicion basada en el diccionario oficial RA 2025; conservar el grano sector-ambito.
s_8,matricula,Int64,Estudiantes con sobreedad en el ano/categoria indicada,estudiantes,aditiva,no aplica,desagregada por sector,desagregada por ambito,Trayectoria; Equidad,Definicion basada en el diccionario oficial RA 2025; conservar el grano sector-ambito.
s_9,matricula,Int64,Estudiantes con sobreedad en el ano/categoria indicada,estudiantes,aditiva,no aplica,desagregada por sector,desagregada por ambito,Trayectoria; Equidad,Definicion basada en el diccionario oficial RA 2025; conservar el grano sector-ambito.
s_10,matricula,Int64,Estudiantes con sobreedad en el ano/categoria indicada,estudiantes,aditiva,no aplica,desagregada por sector,desagregada por ambito,Trayectoria; Equidad,Definicion basada en el diccionario oficial RA 2025; conservar el grano sector-ambito.
s_11,matricula,Int64,Estudiantes con sobreedad en el ano/categoria indicada,estudiantes,aditiva,no aplica,desagregada por sector,desagregada por ambito,Trayectoria; Equidad,Definicion basada en el diccionario oficial RA 2025; conservar el grano sector-ambito.
s_12,matricula,Int64,Estudiantes con sobreedad en el ano/categoria indicada,estudiantes,aditiva,no aplica,desagregada por sector,desagregada por ambito,Trayectoria; Equidad,Definicion basada en el diccionario oficial RA 2025; conservar el grano sector-ambito.
s_1314,matricula,Int64,Estudiantes con sobreedad en el ano/categoria indicada,estudiantes,aditiva,no aplica,desagregada por sector,desagregada por ambito,Trayectoria; Equidad,Definicion basada en el diccionario oficial RA 2025; conservar el grano sector-ambito.
seclactantes,matricula,Int64,Secciones en la categoria indicada,secciones,aditiva,no aplica,desagregada por sector,desagregada por ambito,Acceso,Definicion basada en el diccionario oficial RA 2025; conservar el grano sector-ambito.
secdeambu,matricula,Int64,Secciones en la categoria indicada,secciones,aditiva,no aplica,desagregada por sector,desagregada por ambito,Acceso,Definicion basada en el diccionario oficial RA 2025; conservar el grano sector-ambito.
secs2,matricula,Int64,Secciones en la categoria indicada,secciones,aditiva,no aplica,desagregada por sector,desagregada por ambito,Acceso,Definicion basada en el diccionario oficial RA 2025; conservar el grano sector-ambito.
secs3,matricula,Int64,Secciones en la categoria indicada,secciones,aditiva,no aplica,desagregada por sector,desagregada por ambito,Acceso,Definicion basada en el diccionario oficial RA 2025; conservar el grano sector-ambito.
secs4,matricula,Int64,Secciones en la categoria indicada,secciones,aditiva,no aplica,desagregada por sector,desagregada por ambito,Acceso,Definicion basada en el diccionario oficial RA 2025; conservar el grano sector-ambito.
secs5,matricula,Int64,Secciones en la categoria indicada,secciones,aditiva,no aplica,desagregada por sector,desagregada por ambito,Acceso,Definicion basada en el diccionario oficial RA 2025; conservar el grano sector-ambito.
sec1,matricula,Int64,Secciones en la categoria indicada,secciones,aditiva,no aplica,desagregada por sector,desagregada por ambito,Acceso,Definicion basada en el diccionario oficial RA 2025; conservar el grano sector-ambito.
sec2,matricula,Int64,Secciones en la categoria indicada,secciones,aditiva,no aplica,desagregada por sector,desagregada por ambito,Acceso,Definicion basada en el diccionario oficial RA 2025; conservar el grano sector-ambito.
sec3,matricula,Int64,Secciones en la categoria indicada,secciones,aditiva,no aplica,desagregada por sector,desagregada por ambito,Acceso,Definicion basada en el diccionario oficial RA 2025; conservar el grano sector-ambito.
sec4,matricula,Int64,Secciones en la categoria indicada,secciones,aditiva,no aplica,desagregada por sector,desagregada por ambito,Acceso,Definicion basada en el diccionario oficial RA 2025; conservar el grano sector-ambito.
sec5,matricula,Int64,Secciones en la categoria indicada,secciones,aditiva,no aplica,desagregada por sector,desagregada por ambito,Acceso,Definicion basada en el diccionario oficial RA 2025; conservar el grano sector-ambito.
sec6,matricula,Int64,Secciones en la categoria indicada,secciones,aditiva,no aplica,desagregada por sector,desagregada por ambito,Acceso,Definicion basada en el diccionario oficial RA 2025; conservar el grano sector-ambito.
sec7,matricula,Int64,Secciones en la categoria indicada,secciones,aditiva,no aplica,desagregada por sector,desagregada por ambito,Acceso,Definicion basada en el diccionario oficial RA 2025; conservar el grano sector-ambito.
sec8,matricula,Int64,Secciones en la categoria indicada,secciones,aditiva,no aplica,desagregada por sector,desagregada por ambito,Acceso,Definicion basada en el diccionario oficial RA 2025; conservar el grano sector-ambito.
sec9,matricula,Int64,Secciones en la categoria indicada,secciones,aditiva,no aplica,desagregada por sector,desagregada por ambito,Acceso,Definicion basada en el diccionario oficial RA 2025; conservar el grano sector-ambito.
sec10,matricula,Int64,Secciones en la categoria indicada,secciones,aditiva,no aplica,desagregada por sector,desagregada por ambito,Acceso,Definicion basada en el diccionario oficial RA 2025; conservar el grano sector-ambito.
sec11,matricula,Int64,Secciones en la categoria indicada,secciones,aditiva,no aplica,desagregada por sector,desagregada por ambito,Acceso,Definicion basada en el diccionario oficial RA 2025; conservar el grano sector-ambito.
sec12,matricula,Int64,Secciones en la categoria indicada,secciones,aditiva,no aplica,desagregada por sector,desagregada por ambito,Acceso,Definicion basada en el diccionario oficial RA 2025; conservar el grano sector-ambito.
sec1314,matricula,Int64,Secciones en la categoria indicada,secciones,aditiva,no aplica,desagregada por sector,desagregada por ambito,Acceso,Definicion basada en el diccionario oficial RA 2025; conservar el grano sector-ambito.
sec20,matricula,Int64,Secciones en la categoria indicada,secciones,aditiva,no aplica,desagregada por sector,desagregada por ambito,Acceso,Definicion basada en el diccionario oficial RA 2025; conservar el grano sector-ambito.
multi_ini,matricula,Int64,Secciones en la categoria indicada,secciones,aditiva,no aplica,desagregada por sector,desagregada por ambito,Acceso,Definicion basada en el diccionario oficial RA 2025; conservar el grano sector-ambito.
multi_pri,matricula,Int64,Secciones en la categoria indicada,secciones,aditiva,no aplica,desagregada por sector,desagregada por ambito,Acceso,Definicion basada en el diccionario oficial RA 2025; conservar el grano sector-ambito.
multi_sec,matricula,Int64,Secciones en la categoria indicada,secciones,aditiva,no aplica,desagregada por sector,desagregada por ambito,Acceso,Definicion basada en el diccionario oficial RA 2025; conservar el grano sector-ambito.
multinivel,matricula,Int64,definicion por verificar,definicion por verificar,definicion por verificar,no aplica,desagregada por sector,desagregada por ambito,por verificar,No usar sustantivamente hasta confirmar la definicion oficial.
provincia_nombre_fuente,matricula,string,Provincia informada por la fuente,no aplica,no aplica,no aplica,desagregada por sector,desagregada por ambito,Trazabilidad,No usar sustantivamente hasta confirmar la definicion oficial.
departamento_nombre_fuente,matricula,string,Departamento informado por la fuente,no aplica,no aplica,no aplica,desagregada por sector,desagregada por ambito,Trazabilidad,No usar sustantivamente hasta confirmar la definicion oficial.
provincia_clave_fuente,matricula,object,Nombre normalizado para correspondencia,no aplica,no aplica,no aplica,desagregada por sector,desagregada por ambito,Trazabilidad,No usar sustantivamente hasta confirmar la definicion oficial.
departamento_clave_fuente,matricula,object,Nombre normalizado para correspondencia,no aplica,no aplica,no aplica,desagregada por sector,desagregada por ambito,Trazabilidad,No usar sustantivamente hasta confirmar la definicion oficial.
provincia_id,matricula,string,Identificador GeoRef de provincia,no aplica,no aplica,no aplica,desagregada por sector,desagregada por ambito,Trazabilidad,No usar sustantivamente hasta confirmar la definicion oficial.
provincia_nombre,matricula,string,Nombre oficial GeoRef de provincia,no aplica,no aplica,no aplica,desagregada por sector,desagregada por ambito,Trazabilidad,No usar sustantivamente hasta confirmar la definicion oficial.
departamento_id,matricula,string,Identificador nacional GeoRef de departamento o equivalente,no aplica,no aplica,no aplica,desagregada por sector,desagregada por ambito,Trazabilidad,No usar sustantivamente hasta confirmar la definicion oficial.
departamento_nombre,matricula,string,Nombre GeoRef de departamento o equivalente,no aplica,no aplica,no aplica,desagregada por sector,desagregada por ambito,Trazabilidad,No usar sustantivamente hasta confirmar la definicion oficial.
clave_territorial,matricula,string,Clave interna provincia-departamento,no aplica,no aplica,no aplica,desagregada por sector,desagregada por ambito,Trazabilidad,No usar sustantivamente hasta confirmar la definicion oficial.
match_metodo,matricula,string,Metodo documentado de correspondencia territorial,no aplica,no aplica,no aplica,desagregada por sector,desagregada por ambito,Trazabilidad,No usar sustantivamente hasta confirmar la definicion oficial.
dataset,trayectoria,object,Nombre interno de la base,no aplica,no aplica,no aplica,desagregada por sector,desagregada por ambito,Trazabilidad,No usar sustantivamente hasta confirmar la definicion oficial.
anio,trayectoria,int64,Ano del relevamiento,no aplica,no aplica,no aplica,desagregada por sector,desagregada por ambito,Trazabilidad,No usar sustantivamente hasta confirmar la definicion oficial.
url_origen,trayectoria,object,URL de origen,no aplica,no aplica,no aplica,desagregada por sector,desagregada por ambito,Trazabilidad,No usar sustantivamente hasta confirmar la definicion oficial.
fecha_descarga,trayectoria,object,Fecha de descarga,no aplica,no aplica,no aplica,desagregada por sector,desagregada por ambito,Trazabilidad,No usar sustantivamente hasta confirmar la definicion oficial.
sector,trayectoria,string,Sector de gestion,no aplica,no aplica,no aplica,desagregada por sector,desagregada por ambito,Trazabilidad,No usar sustantivamente hasta confirmar la definicion oficial.
ambito,trayectoria,string,Ambito urbano o rural,no aplica,no aplica,no aplica,desagregada por sector,desagregada por ambito,Trazabilidad,No usar sustantivamente hasta confirmar la definicion oficial.
inicial_1,trayectoria,Int64,Matricula inicial en el ano/categoria indicada,estudiantes,aditiva,no aplica,desagregada por sector,desagregada por ambito,Permanencia; Trayectoria,Definicion basada en el diccionario oficial RA 2025; conservar el grano sector-ambito.
inicial_2,trayectoria,Int64,Matricula inicial en el ano/categoria indicada,estudiantes,aditiva,no aplica,desagregada por sector,desagregada por ambito,Permanencia; Trayectoria,Definicion basada en el diccionario oficial RA 2025; conservar el grano sector-ambito.
inicial_3,trayectoria,Int64,Matricula inicial en el ano/categoria indicada,estudiantes,aditiva,no aplica,desagregada por sector,desagregada por ambito,Permanencia; Trayectoria,Definicion basada en el diccionario oficial RA 2025; conservar el grano sector-ambito.
inicial_4,trayectoria,Int64,Matricula inicial en el ano/categoria indicada,estudiantes,aditiva,no aplica,desagregada por sector,desagregada por ambito,Permanencia; Trayectoria,Definicion basada en el diccionario oficial RA 2025; conservar el grano sector-ambito.
inicial_5,trayectoria,Int64,Matricula inicial en el ano/categoria indicada,estudiantes,aditiva,no aplica,desagregada por sector,desagregada por ambito,Permanencia; Trayectoria,Definicion basada en el diccionario oficial RA 2025; conservar el grano sector-ambito.
inicial_6,trayectoria,Int64,Matricula inicial en el ano/categoria indicada,estudiantes,aditiva,no aplica,desagregada por sector,desagregada por ambito,Permanencia; Trayectoria,Definicion basada en el diccionario oficial RA 2025; conservar el grano sector-ambito.
inicial_7,trayectoria,Int64,Matricula inicial en el ano/categoria indicada,estudiantes,aditiva,no aplica,desagregada por sector,desagregada por ambito,Permanencia; Trayectoria,Definicion basada en el diccionario oficial RA 2025; conservar el grano sector-ambito.
inicial_8,trayectoria,Int64,Matricula inicial en el ano/categoria indicada,estudiantes,aditiva,no aplica,desagregada por sector,desagregada por ambito,Permanencia; Trayectoria,Definicion basada en el diccionario oficial RA 2025; conservar el grano sector-ambito.
inicial_9,trayectoria,Int64,Matricula inicial en el ano/categoria indicada,estudiantes,aditiva,no aplica,desagregada por sector,desagregada por ambito,Permanencia; Trayectoria,Definicion basada en el diccionario oficial RA 2025; conservar el grano sector-ambito.
inicial_10,trayectoria,Int64,Matricula inicial en el ano/categoria indicada,estudiantes,aditiva,no aplica,desagregada por sector,desagregada por ambito,Permanencia; Trayectoria,Definicion basada en el diccionario oficial RA 2025; conservar el grano sector-ambito.
inicial_11,trayectoria,Int64,Matricula inicial en el ano/categoria indicada,estudiantes,aditiva,no aplica,desagregada por sector,desagregada por ambito,Permanencia; Trayectoria,Definicion basada en el diccionario oficial RA 2025; conservar el grano sector-ambito.
inicial_12,trayectoria,Int64,Matricula inicial en el ano/categoria indicada,estudiantes,aditiva,no aplica,desagregada por sector,desagregada por ambito,Permanencia; Trayectoria,Definicion basada en el diccionario oficial RA 2025; conservar el grano sector-ambito.
inicial_1314,trayectoria,Int64,Matricula inicial en el ano/categoria indicada,estudiantes,aditiva,no aplica,desagregada por sector,desagregada por ambito,Permanencia; Trayectoria,Definicion basada en el diccionario oficial RA 2025; conservar el grano sector-ambito.
inicial_20,trayectoria,Int64,Matricula inicial en el ano/categoria indicada,estudiantes,aditiva,no aplica,desagregada por sector,desagregada por ambito,Permanencia; Trayectoria,Definicion basada en el diccionario oficial RA 2025; conservar el grano sector-ambito.
m_inicial_1,trayectoria,Int64,Mujeres: Matricula inicial en el ano/categoria indicada,estudiantes,aditiva,no aplica,desagregada por sector,desagregada por ambito,Permanencia; Trayectoria,Definicion basada en el diccionario oficial RA 2025; conservar el grano sector-ambito.
m_inicial_2,trayectoria,Int64,Mujeres: Matricula inicial en el ano/categoria indicada,estudiantes,aditiva,no aplica,desagregada por sector,desagregada por ambito,Permanencia; Trayectoria,Definicion basada en el diccionario oficial RA 2025; conservar el grano sector-ambito.
m_inicial_3,trayectoria,Int64,Mujeres: Matricula inicial en el ano/categoria indicada,estudiantes,aditiva,no aplica,desagregada por sector,desagregada por ambito,Permanencia; Trayectoria,Definicion basada en el diccionario oficial RA 2025; conservar el grano sector-ambito.
m_inicial_4,trayectoria,Int64,Mujeres: Matricula inicial en el ano/categoria indicada,estudiantes,aditiva,no aplica,desagregada por sector,desagregada por ambito,Permanencia; Trayectoria,Definicion basada en el diccionario oficial RA 2025; conservar el grano sector-ambito.
m_inicial_5,trayectoria,Int64,Mujeres: Matricula inicial en el ano/categoria indicada,estudiantes,aditiva,no aplica,desagregada por sector,desagregada por ambito,Permanencia; Trayectoria,Definicion basada en el diccionario oficial RA 2025; conservar el grano sector-ambito.
m_inicial_6,trayectoria,Int64,Mujeres: Matricula inicial en el ano/categoria indicada,estudiantes,aditiva,no aplica,desagregada por sector,desagregada por ambito,Permanencia; Trayectoria,Definicion basada en el diccionario oficial RA 2025; conservar el grano sector-ambito.
m_inicial_7,trayectoria,Int64,Mujeres: Matricula inicial en el ano/categoria indicada,estudiantes,aditiva,no aplica,desagregada por sector,desagregada por ambito,Permanencia; Trayectoria,Definicion basada en el diccionario oficial RA 2025; conservar el grano sector-ambito.
m_inicial_8,trayectoria,Int64,Mujeres: Matricula inicial en el ano/categoria indicada,estudiantes,aditiva,no aplica,desagregada por sector,desagregada por ambito,Permanencia; Trayectoria,Definicion basada en el diccionario oficial RA 2025; conservar el grano sector-ambito.
m_inicial_9,trayectoria,Int64,Mujeres: Matricula inicial en el ano/categoria indicada,estudiantes,aditiva,no aplica,desagregada por sector,desagregada por ambito,Permanencia; Trayectoria,Definicion basada en el diccionario oficial RA 2025; conservar el grano sector-ambito.
m_inicial_10,trayectoria,Int64,Mujeres: Matricula inicial en el ano/categoria indicada,estudiantes,aditiva,no aplica,desagregada por sector,desagregada por ambito,Permanencia; Trayectoria,Definicion basada en el diccionario oficial RA 2025; conservar el grano sector-ambito.
m_inicial_11,trayectoria,Int64,Mujeres: Matricula inicial en el ano/categoria indicada,estudiantes,aditiva,no aplica,desagregada por sector,desagregada por ambito,Permanencia; Trayectoria,Definicion basada en el diccionario oficial RA 2025; conservar el grano sector-ambito.
m_inicial_12,trayectoria,Int64,Mujeres: Matricula inicial en el ano/categoria indicada,estudiantes,aditiva,no aplica,desagregada por sector,desagregada por ambito,Permanencia; Trayectoria,Definicion basada en el diccionario oficial RA 2025; conservar el grano sector-ambito.
m_inicial_1314,trayectoria,Int64,Mujeres: Matricula inicial en el ano/categoria indicada,estudiantes,aditiva,no aplica,desagregada por sector,desagregada por ambito,Permanencia; Trayectoria,Definicion basada en el diccionario oficial RA 2025; conservar el grano sector-ambito.
m_inicial_20,trayectoria,Int64,Mujeres: Matricula inicial en el ano/categoria indicada,estudiantes,aditiva,no aplica,desagregada por sector,desagregada por ambito,Permanencia; Trayectoria,Definicion basada en el diccionario oficial RA 2025; conservar el grano sector-ambito.
entrados_1,trayectoria,Int64,Entrados durante el ano en el ano/categoria indicada,estudiantes,aditiva,no aplica,desagregada por sector,desagregada por ambito,Permanencia; Trayectoria,Definicion basada en el diccionario oficial RA 2025; conservar el grano sector-ambito.
entrados_2,trayectoria,Int64,Entrados durante el ano en el ano/categoria indicada,estudiantes,aditiva,no aplica,desagregada por sector,desagregada por ambito,Permanencia; Trayectoria,Definicion basada en el diccionario oficial RA 2025; conservar el grano sector-ambito.
entrados_3,trayectoria,Int64,Entrados durante el ano en el ano/categoria indicada,estudiantes,aditiva,no aplica,desagregada por sector,desagregada por ambito,Permanencia; Trayectoria,Definicion basada en el diccionario oficial RA 2025; conservar el grano sector-ambito.
entrados_4,trayectoria,Int64,Entrados durante el ano en el ano/categoria indicada,estudiantes,aditiva,no aplica,desagregada por sector,desagregada por ambito,Permanencia; Trayectoria,Definicion basada en el diccionario oficial RA 2025; conservar el grano sector-ambito.
entrados_5,trayectoria,Int64,Entrados durante el ano en el ano/categoria indicada,estudiantes,aditiva,no aplica,desagregada por sector,desagregada por ambito,Permanencia; Trayectoria,Definicion basada en el diccionario oficial RA 2025; conservar el grano sector-ambito.
entrados_6,trayectoria,Int64,Entrados durante el ano en el ano/categoria indicada,estudiantes,aditiva,no aplica,desagregada por sector,desagregada por ambito,Permanencia; Trayectoria,Definicion basada en el diccionario oficial RA 2025; conservar el grano sector-ambito.
entrados_7,trayectoria,Int64,Entrados durante el ano en el ano/categoria indicada,estudiantes,aditiva,no aplica,desagregada por sector,desagregada por ambito,Permanencia; Trayectoria,Definicion basada en el diccionario oficial RA 2025; conservar el grano sector-ambito.
entrados_8,trayectoria,Int64,Entrados durante el ano en el ano/categoria indicada,estudiantes,aditiva,no aplica,desagregada por sector,desagregada por ambito,Permanencia; Trayectoria,Definicion basada en el diccionario oficial RA 2025; conservar el grano sector-ambito.
entrados_9,trayectoria,Int64,Entrados durante el ano en el ano/categoria indicada,estudiantes,aditiva,no aplica,desagregada por sector,desagregada por ambito,Permanencia; Trayectoria,Definicion basada en el diccionario oficial RA 2025; conservar el grano sector-ambito.
entrados_10,trayectoria,Int64,Entrados durante el ano en el ano/categoria indicada,estudiantes,aditiva,no aplica,desagregada por sector,desagregada por ambito,Permanencia; Trayectoria,Definicion basada en el diccionario oficial RA 2025; conservar el grano sector-ambito.
entrados_11,trayectoria,Int64,Entrados durante el ano en el ano/categoria indicada,estudiantes,aditiva,no aplica,desagregada por sector,desagregada por ambito,Permanencia; Trayectoria,Definicion basada en el diccionario oficial RA 2025; conservar el grano sector-ambito.
entrados_12,trayectoria,Int64,Entrados durante el ano en el ano/categoria indicada,estudiantes,aditiva,no aplica,desagregada por sector,desagregada por ambito,Permanencia; Trayectoria,Definicion basada en el diccionario oficial RA 2025; conservar el grano sector-ambito.
entrados_1314,trayectoria,Int64,Entrados durante el ano en el ano/categoria indicada,estudiantes,aditiva,no aplica,desagregada por sector,desagregada por ambito,Permanencia; Trayectoria,Definicion basada en el diccionario oficial RA 2025; conservar el grano sector-ambito.
entrados_20,trayectoria,Int64,Entrados durante el ano en el ano/categoria indicada,estudiantes,aditiva,no aplica,desagregada por sector,desagregada por ambito,Permanencia; Trayectoria,Definicion basada en el diccionario oficial RA 2025; conservar el grano sector-ambito.
m_entrados_1,trayectoria,Int64,Mujeres: Entrados durante el ano en el ano/categoria indicada,estudiantes,aditiva,no aplica,desagregada por sector,desagregada por ambito,Permanencia; Trayectoria,Definicion basada en el diccionario oficial RA 2025; conservar el grano sector-ambito.
m_entrados_2,trayectoria,Int64,Mujeres: Entrados durante el ano en el ano/categoria indicada,estudiantes,aditiva,no aplica,desagregada por sector,desagregada por ambito,Permanencia; Trayectoria,Definicion basada en el diccionario oficial RA 2025; conservar el grano sector-ambito.
m_entrados_3,trayectoria,Int64,Mujeres: Entrados durante el ano en el ano/categoria indicada,estudiantes,aditiva,no aplica,desagregada por sector,desagregada por ambito,Permanencia; Trayectoria,Definicion basada en el diccionario oficial RA 2025; conservar el grano sector-ambito.
m_entrados_4,trayectoria,Int64,Mujeres: Entrados durante el ano en el ano/categoria indicada,estudiantes,aditiva,no aplica,desagregada por sector,desagregada por ambito,Permanencia; Trayectoria,Definicion basada en el diccionario oficial RA 2025; conservar el grano sector-ambito.
m_entrados_5,trayectoria,Int64,Mujeres: Entrados durante el ano en el ano/categoria indicada,estudiantes,aditiva,no aplica,desagregada por sector,desagregada por ambito,Permanencia; Trayectoria,Definicion basada en el diccionario oficial RA 2025; conservar el grano sector-ambito.
m_entrados_6,trayectoria,Int64,Mujeres: Entrados durante el ano en el ano/categoria indicada,estudiantes,aditiva,no aplica,desagregada por sector,desagregada por ambito,Permanencia; Trayectoria,Definicion basada en el diccionario oficial RA 2025; conservar el grano sector-ambito.
m_entrados_7,trayectoria,Int64,Mujeres: Entrados durante el ano en el ano/categoria indicada,estudiantes,aditiva,no aplica,desagregada por sector,desagregada por ambito,Permanencia; Trayectoria,Definicion basada en el diccionario oficial RA 2025; conservar el grano sector-ambito.
m_entrados_8,trayectoria,Int64,Mujeres: Entrados durante el ano en el ano/categoria indicada,estudiantes,aditiva,no aplica,desagregada por sector,desagregada por ambito,Permanencia; Trayectoria,Definicion basada en el diccionario oficial RA 2025; conservar el grano sector-ambito.
m_entrados_9,trayectoria,Int64,Mujeres: Entrados durante el ano en el ano/categoria indicada,estudiantes,aditiva,no aplica,desagregada por sector,desagregada por ambito,Permanencia; Trayectoria,Definicion basada en el diccionario oficial RA 2025; conservar el grano sector-ambito.
m_entrados_10,trayectoria,Int64,Mujeres: Entrados durante el ano en el ano/categoria indicada,estudiantes,aditiva,no aplica,desagregada por sector,desagregada por ambito,Permanencia; Trayectoria,Definicion basada en el diccionario oficial RA 2025; conservar el grano sector-ambito.
m_entrados_11,trayectoria,Int64,Mujeres: Entrados durante el ano en el ano/categoria indicada,estudiantes,aditiva,no aplica,desagregada por sector,desagregada por ambito,Permanencia; Trayectoria,Definicion basada en el diccionario oficial RA 2025; conservar el grano sector-ambito.
m_entrados_12,trayectoria,Int64,Mujeres: Entrados durante el ano en el ano/categoria indicada,estudiantes,aditiva,no aplica,desagregada por sector,desagregada por ambito,Permanencia; Trayectoria,Definicion basada en el diccionario oficial RA 2025; conservar el grano sector-ambito.
m_entrados_1314,trayectoria,Int64,Mujeres: Entrados durante el ano en el ano/categoria indicada,estudiantes,aditiva,no aplica,desagregada por sector,desagregada por ambito,Permanencia; Trayectoria,Definicion basada en el diccionario oficial RA 2025; conservar el grano sector-ambito.
m_entrados_20,trayectoria,Int64,Mujeres: Entrados durante el ano en el ano/categoria indicada,estudiantes,aditiva,no aplica,desagregada por sector,desagregada por ambito,Permanencia; Trayectoria,Definicion basada en el diccionario oficial RA 2025; conservar el grano sector-ambito.
scp_1,trayectoria,Int64,Salidos con pase en el ano/categoria indicada,estudiantes,aditiva,no aplica,desagregada por sector,desagregada por ambito,Permanencia; Trayectoria,Definicion basada en el diccionario oficial RA 2025; conservar el grano sector-ambito.
scp_2,trayectoria,Int64,Salidos con pase en el ano/categoria indicada,estudiantes,aditiva,no aplica,desagregada por sector,desagregada por ambito,Permanencia; Trayectoria,Definicion basada en el diccionario oficial RA 2025; conservar el grano sector-ambito.
scp_3,trayectoria,Int64,Salidos con pase en el ano/categoria indicada,estudiantes,aditiva,no aplica,desagregada por sector,desagregada por ambito,Permanencia; Trayectoria,Definicion basada en el diccionario oficial RA 2025; conservar el grano sector-ambito.
scp_4,trayectoria,Int64,Salidos con pase en el ano/categoria indicada,estudiantes,aditiva,no aplica,desagregada por sector,desagregada por ambito,Permanencia; Trayectoria,Definicion basada en el diccionario oficial RA 2025; conservar el grano sector-ambito.
scp_5,trayectoria,Int64,Salidos con pase en el ano/categoria indicada,estudiantes,aditiva,no aplica,desagregada por sector,desagregada por ambito,Permanencia; Trayectoria,Definicion basada en el diccionario oficial RA 2025; conservar el grano sector-ambito.
scp_6,trayectoria,Int64,Salidos con pase en el ano/categoria indicada,estudiantes,aditiva,no aplica,desagregada por sector,desagregada por ambito,Permanencia; Trayectoria,Definicion basada en el diccionario oficial RA 2025; conservar el grano sector-ambito.
scp_7,trayectoria,Int64,Salidos con pase en el ano/categoria indicada,estudiantes,aditiva,no aplica,desagregada por sector,desagregada por ambito,Permanencia; Trayectoria,Definicion basada en el diccionario oficial RA 2025; conservar el grano sector-ambito.
scp_8,trayectoria,Int64,Salidos con pase en el ano/categoria indicada,estudiantes,aditiva,no aplica,desagregada por sector,desagregada por ambito,Permanencia; Trayectoria,Definicion basada en el diccionario oficial RA 2025; conservar el grano sector-ambito.
scp_9,trayectoria,Int64,Salidos con pase en el ano/categoria indicada,estudiantes,aditiva,no aplica,desagregada por sector,desagregada por ambito,Permanencia; Trayectoria,Definicion basada en el diccionario oficial RA 2025; conservar el grano sector-ambito.
scp_10,trayectoria,Int64,Salidos con pase en el ano/categoria indicada,estudiantes,aditiva,no aplica,desagregada por sector,desagregada por ambito,Permanencia; Trayectoria,Definicion basada en el diccionario oficial RA 2025; conservar el grano sector-ambito.
scp_11,trayectoria,Int64,Salidos con pase en el ano/categoria indicada,estudiantes,aditiva,no aplica,desagregada por sector,desagregada por ambito,Permanencia; Trayectoria,Definicion basada en el diccionario oficial RA 2025; conservar el grano sector-ambito.
scp_12,trayectoria,Int64,Salidos con pase en el ano/categoria indicada,estudiantes,aditiva,no aplica,desagregada por sector,desagregada por ambito,Permanencia; Trayectoria,Definicion basada en el diccionario oficial RA 2025; conservar el grano sector-ambito.
scp_1314,trayectoria,Int64,Salidos con pase en el ano/categoria indicada,estudiantes,aditiva,no aplica,desagregada por sector,desagregada por ambito,Permanencia; Trayectoria,Definicion basada en el diccionario oficial RA 2025; conservar el grano sector-ambito.
scp_20,trayectoria,Int64,Salidos con pase en el ano/categoria indicada,estudiantes,aditiva,no aplica,desagregada por sector,desagregada por ambito,Permanencia; Trayectoria,Definicion basada en el diccionario oficial RA 2025; conservar el grano sector-ambito.
m_scp_1,trayectoria,Int64,Mujeres: Salidos con pase en el ano/categoria indicada,estudiantes,aditiva,no aplica,desagregada por sector,desagregada por ambito,Permanencia; Trayectoria,Definicion basada en el diccionario oficial RA 2025; conservar el grano sector-ambito.
m_scp_2,trayectoria,Int64,Mujeres: Salidos con pase en el ano/categoria indicada,estudiantes,aditiva,no aplica,desagregada por sector,desagregada por ambito,Permanencia; Trayectoria,Definicion basada en el diccionario oficial RA 2025; conservar el grano sector-ambito.
m_scp_3,trayectoria,Int64,Mujeres: Salidos con pase en el ano/categoria indicada,estudiantes,aditiva,no aplica,desagregada por sector,desagregada por ambito,Permanencia; Trayectoria,Definicion basada en el diccionario oficial RA 2025; conservar el grano sector-ambito.
m_scp_4,trayectoria,Int64,Mujeres: Salidos con pase en el ano/categoria indicada,estudiantes,aditiva,no aplica,desagregada por sector,desagregada por ambito,Permanencia; Trayectoria,Definicion basada en el diccionario oficial RA 2025; conservar el grano sector-ambito.
m_scp_5,trayectoria,Int64,Mujeres: Salidos con pase en el ano/categoria indicada,estudiantes,aditiva,no aplica,desagregada por sector,desagregada por ambito,Permanencia; Trayectoria,Definicion basada en el diccionario oficial RA 2025; conservar el grano sector-ambito.
m_scp_6,trayectoria,Int64,Mujeres: Salidos con pase en el ano/categoria indicada,estudiantes,aditiva,no aplica,desagregada por sector,desagregada por ambito,Permanencia; Trayectoria,Definicion basada en el diccionario oficial RA 2025; conservar el grano sector-ambito.
m_scp_7,trayectoria,Int64,Mujeres: Salidos con pase en el ano/categoria indicada,estudiantes,aditiva,no aplica,desagregada por sector,desagregada por ambito,Permanencia; Trayectoria,Definicion basada en el diccionario oficial RA 2025; conservar el grano sector-ambito.
m_scp_8,trayectoria,Int64,Mujeres: Salidos con pase en el ano/categoria indicada,estudiantes,aditiva,no aplica,desagregada por sector,desagregada por ambito,Permanencia; Trayectoria,Definicion basada en el diccionario oficial RA 2025; conservar el grano sector-ambito.
m_scp_9,trayectoria,Int64,Mujeres: Salidos con pase en el ano/categoria indicada,estudiantes,aditiva,no aplica,desagregada por sector,desagregada por ambito,Permanencia; Trayectoria,Definicion basada en el diccionario oficial RA 2025; conservar el grano sector-ambito.
m_scp_10,trayectoria,Int64,Mujeres: Salidos con pase en el ano/categoria indicada,estudiantes,aditiva,no aplica,desagregada por sector,desagregada por ambito,Permanencia; Trayectoria,Definicion basada en el diccionario oficial RA 2025; conservar el grano sector-ambito.
m_scp_11,trayectoria,Int64,Mujeres: Salidos con pase en el ano/categoria indicada,estudiantes,aditiva,no aplica,desagregada por sector,desagregada por ambito,Permanencia; Trayectoria,Definicion basada en el diccionario oficial RA 2025; conservar el grano sector-ambito.
m_scp_12,trayectoria,Int64,Mujeres: Salidos con pase en el ano/categoria indicada,estudiantes,aditiva,no aplica,desagregada por sector,desagregada por ambito,Permanencia; Trayectoria,Definicion basada en el diccionario oficial RA 2025; conservar el grano sector-ambito.
m_scp_1314,trayectoria,Int64,Mujeres: Salidos con pase en el ano/categoria indicada,estudiantes,aditiva,no aplica,desagregada por sector,desagregada por ambito,Permanencia; Trayectoria,Definicion basada en el diccionario oficial RA 2025; conservar el grano sector-ambito.
m_scp_20,trayectoria,Int64,Mujeres: Salidos con pase en el ano/categoria indicada,estudiantes,aditiva,no aplica,desagregada por sector,desagregada por ambito,Permanencia; Trayectoria,Definicion basada en el diccionario oficial RA 2025; conservar el grano sector-ambito.
ssp_1,trayectoria,Int64,Salidos sin pase en el ano/categoria indicada,estudiantes,aditiva,no aplica,desagregada por sector,desagregada por ambito,Permanencia; Trayectoria,Definicion basada en el diccionario oficial RA 2025; conservar el grano sector-ambito.
ssp_2,trayectoria,Int64,Salidos sin pase en el ano/categoria indicada,estudiantes,aditiva,no aplica,desagregada por sector,desagregada por ambito,Permanencia; Trayectoria,Definicion basada en el diccionario oficial RA 2025; conservar el grano sector-ambito.
ssp_3,trayectoria,Int64,Salidos sin pase en el ano/categoria indicada,estudiantes,aditiva,no aplica,desagregada por sector,desagregada por ambito,Permanencia; Trayectoria,Definicion basada en el diccionario oficial RA 2025; conservar el grano sector-ambito.
ssp_4,trayectoria,Int64,Salidos sin pase en el ano/categoria indicada,estudiantes,aditiva,no aplica,desagregada por sector,desagregada por ambito,Permanencia; Trayectoria,Definicion basada en el diccionario oficial RA 2025; conservar el grano sector-ambito.
ssp_5,trayectoria,Int64,Salidos sin pase en el ano/categoria indicada,estudiantes,aditiva,no aplica,desagregada por sector,desagregada por ambito,Permanencia; Trayectoria,Definicion basada en el diccionario oficial RA 2025; conservar el grano sector-ambito.
ssp_6,trayectoria,Int64,Salidos sin pase en el ano/categoria indicada,estudiantes,aditiva,no aplica,desagregada por sector,desagregada por ambito,Permanencia; Trayectoria,Definicion basada en el diccionario oficial RA 2025; conservar el grano sector-ambito.
ssp_7,trayectoria,Int64,Salidos sin pase en el ano/categoria indicada,estudiantes,aditiva,no aplica,desagregada por sector,desagregada por ambito,Permanencia; Trayectoria,Definicion basada en el diccionario oficial RA 2025; conservar el grano sector-ambito.
ssp_8,trayectoria,Int64,Salidos sin pase en el ano/categoria indicada,estudiantes,aditiva,no aplica,desagregada por sector,desagregada por ambito,Permanencia; Trayectoria,Definicion basada en el diccionario oficial RA 2025; conservar el grano sector-ambito.
ssp_9,trayectoria,Int64,Salidos sin pase en el ano/categoria indicada,estudiantes,aditiva,no aplica,desagregada por sector,desagregada por ambito,Permanencia; Trayectoria,Definicion basada en el diccionario oficial RA 2025; conservar el grano sector-ambito.
ssp_10,trayectoria,Int64,Salidos sin pase en el ano/categoria indicada,estudiantes,aditiva,no aplica,desagregada por sector,desagregada por ambito,Permanencia; Trayectoria,Definicion basada en el diccionario oficial RA 2025; conservar el grano sector-ambito.
ssp_11,trayectoria,Int64,Salidos sin pase en el ano/categoria indicada,estudiantes,aditiva,no aplica,desagregada por sector,desagregada por ambito,Permanencia; Trayectoria,Definicion basada en el diccionario oficial RA 2025; conservar el grano sector-ambito.
ssp_12,trayectoria,Int64,Salidos sin pase en el ano/categoria indicada,estudiantes,aditiva,no aplica,desagregada por sector,desagregada por ambito,Permanencia; Trayectoria,Definicion basada en el diccionario oficial RA 2025; conservar el grano sector-ambito.
ssp_1314,trayectoria,Int64,Salidos sin pase en el ano/categoria indicada,estudiantes,aditiva,no aplica,desagregada por sector,desagregada por ambito,Permanencia; Trayectoria,Definicion basada en el diccionario oficial RA 2025; conservar el grano sector-ambito.
ssp_20,trayectoria,Int64,Salidos sin pase en el ano/categoria indicada,estudiantes,aditiva,no aplica,desagregada por sector,desagregada por ambito,Permanencia; Trayectoria,Definicion basada en el diccionario oficial RA 2025; conservar el grano sector-ambito.
m_ssp_1,trayectoria,Int64,Mujeres: Salidos sin pase en el ano/categoria indicada,estudiantes,aditiva,no aplica,desagregada por sector,desagregada por ambito,Permanencia; Trayectoria,Definicion basada en el diccionario oficial RA 2025; conservar el grano sector-ambito.
m_ssp_2,trayectoria,Int64,Mujeres: Salidos sin pase en el ano/categoria indicada,estudiantes,aditiva,no aplica,desagregada por sector,desagregada por ambito,Permanencia; Trayectoria,Definicion basada en el diccionario oficial RA 2025; conservar el grano sector-ambito.
m_ssp_3,trayectoria,Int64,Mujeres: Salidos sin pase en el ano/categoria indicada,estudiantes,aditiva,no aplica,desagregada por sector,desagregada por ambito,Permanencia; Trayectoria,Definicion basada en el diccionario oficial RA 2025; conservar el grano sector-ambito.
m_ssp_4,trayectoria,Int64,Mujeres: Salidos sin pase en el ano/categoria indicada,estudiantes,aditiva,no aplica,desagregada por sector,desagregada por ambito,Permanencia; Trayectoria,Definicion basada en el diccionario oficial RA 2025; conservar el grano sector-ambito.
m_ssp_5,trayectoria,Int64,Mujeres: Salidos sin pase en el ano/categoria indicada,estudiantes,aditiva,no aplica,desagregada por sector,desagregada por ambito,Permanencia; Trayectoria,Definicion basada en el diccionario oficial RA 2025; conservar el grano sector-ambito.
m_ssp_6,trayectoria,Int64,Mujeres: Salidos sin pase en el ano/categoria indicada,estudiantes,aditiva,no aplica,desagregada por sector,desagregada por ambito,Permanencia; Trayectoria,Definicion basada en el diccionario oficial RA 2025; conservar el grano sector-ambito.
m_ssp_7,trayectoria,Int64,Mujeres: Salidos sin pase en el ano/categoria indicada,estudiantes,aditiva,no aplica,desagregada por sector,desagregada por ambito,Permanencia; Trayectoria,Definicion basada en el diccionario oficial RA 2025; conservar el grano sector-ambito.
m_ssp_8,trayectoria,Int64,Mujeres: Salidos sin pase en el ano/categoria indicada,estudiantes,aditiva,no aplica,desagregada por sector,desagregada por ambito,Permanencia; Trayectoria,Definicion basada en el diccionario oficial RA 2025; conservar el grano sector-ambito.
m_ssp_9,trayectoria,Int64,Mujeres: Salidos sin pase en el ano/categoria indicada,estudiantes,aditiva,no aplica,desagregada por sector,desagregada por ambito,Permanencia; Trayectoria,Definicion basada en el diccionario oficial RA 2025; conservar el grano sector-ambito.
m_ssp_10,trayectoria,Int64,Mujeres: Salidos sin pase en el ano/categoria indicada,estudiantes,aditiva,no aplica,desagregada por sector,desagregada por ambito,Permanencia; Trayectoria,Definicion basada en el diccionario oficial RA 2025; conservar el grano sector-ambito.
m_ssp_11,trayectoria,Int64,Mujeres: Salidos sin pase en el ano/categoria indicada,estudiantes,aditiva,no aplica,desagregada por sector,desagregada por ambito,Permanencia; Trayectoria,Definicion basada en el diccionario oficial RA 2025; conservar el grano sector-ambito.
m_ssp_12,trayectoria,Int64,Mujeres: Salidos sin pase en el ano/categoria indicada,estudiantes,aditiva,no aplica,desagregada por sector,desagregada por ambito,Permanencia; Trayectoria,Definicion basada en el diccionario oficial RA 2025; conservar el grano sector-ambito.
m_ssp_1314,trayectoria,Int64,Mujeres: Salidos sin pase en el ano/categoria indicada,estudiantes,aditiva,no aplica,desagregada por sector,desagregada por ambito,Permanencia; Trayectoria,Definicion basada en el diccionario oficial RA 2025; conservar el grano sector-ambito.
m_ssp_20,trayectoria,Int64,Mujeres: Salidos sin pase en el ano/categoria indicada,estudiantes,aditiva,no aplica,desagregada por sector,desagregada por ambito,Permanencia; Trayectoria,Definicion basada en el diccionario oficial RA 2025; conservar el grano sector-ambito.
ultimo_1,trayectoria,Int64,Matricula al ultimo dia de clase en el ano/categoria indicada,estudiantes,aditiva,no aplica,desagregada por sector,desagregada por ambito,Permanencia; Trayectoria,Definicion basada en el diccionario oficial RA 2025; conservar el grano sector-ambito.
ultimo_2,trayectoria,Int64,Matricula al ultimo dia de clase en el ano/categoria indicada,estudiantes,aditiva,no aplica,desagregada por sector,desagregada por ambito,Permanencia; Trayectoria,Definicion basada en el diccionario oficial RA 2025; conservar el grano sector-ambito.
ultimo_3,trayectoria,Int64,Matricula al ultimo dia de clase en el ano/categoria indicada,estudiantes,aditiva,no aplica,desagregada por sector,desagregada por ambito,Permanencia; Trayectoria,Definicion basada en el diccionario oficial RA 2025; conservar el grano sector-ambito.
ultimo_4,trayectoria,Int64,Matricula al ultimo dia de clase en el ano/categoria indicada,estudiantes,aditiva,no aplica,desagregada por sector,desagregada por ambito,Permanencia; Trayectoria,Definicion basada en el diccionario oficial RA 2025; conservar el grano sector-ambito.
ultimo_5,trayectoria,Int64,Matricula al ultimo dia de clase en el ano/categoria indicada,estudiantes,aditiva,no aplica,desagregada por sector,desagregada por ambito,Permanencia; Trayectoria,Definicion basada en el diccionario oficial RA 2025; conservar el grano sector-ambito.
ultimo_6,trayectoria,Int64,Matricula al ultimo dia de clase en el ano/categoria indicada,estudiantes,aditiva,no aplica,desagregada por sector,desagregada por ambito,Permanencia; Trayectoria,Definicion basada en el diccionario oficial RA 2025; conservar el grano sector-ambito.
ultimo_7,trayectoria,Int64,Matricula al ultimo dia de clase en el ano/categoria indicada,estudiantes,aditiva,no aplica,desagregada por sector,desagregada por ambito,Permanencia; Trayectoria,Definicion basada en el diccionario oficial RA 2025; conservar el grano sector-ambito.
ultimo_8,trayectoria,Int64,Matricula al ultimo dia de clase en el ano/categoria indicada,estudiantes,aditiva,no aplica,desagregada por sector,desagregada por ambito,Permanencia; Trayectoria,Definicion basada en el diccionario oficial RA 2025; conservar el grano sector-ambito.
ultimo_9,trayectoria,Int64,Matricula al ultimo dia de clase en el ano/categoria indicada,estudiantes,aditiva,no aplica,desagregada por sector,desagregada por ambito,Permanencia; Trayectoria,Definicion basada en el diccionario oficial RA 2025; conservar el grano sector-ambito.
ultimo_10,trayectoria,Int64,Matricula al ultimo dia de clase en el ano/categoria indicada,estudiantes,aditiva,no aplica,desagregada por sector,desagregada por ambito,Permanencia; Trayectoria,Definicion basada en el diccionario oficial RA 2025; conservar el grano sector-ambito.
ultimo_11,trayectoria,Int64,Matricula al ultimo dia de clase en el ano/categoria indicada,estudiantes,aditiva,no aplica,desagregada por sector,desagregada por ambito,Permanencia; Trayectoria,Definicion basada en el diccionario oficial RA 2025; conservar el grano sector-ambito.
ultimo_12,trayectoria,Int64,Matricula al ultimo dia de clase en el ano/categoria indicada,estudiantes,aditiva,no aplica,desagregada por sector,desagregada por ambito,Permanencia; Trayectoria,Definicion basada en el diccionario oficial RA 2025; conservar el grano sector-ambito.
ultimo_1314,trayectoria,Int64,Matricula al ultimo dia de clase en el ano/categoria indicada,estudiantes,aditiva,no aplica,desagregada por sector,desagregada por ambito,Permanencia; Trayectoria,Definicion basada en el diccionario oficial RA 2025; conservar el grano sector-ambito.
ultimo_20,trayectoria,Int64,Matricula al ultimo dia de clase en el ano/categoria indicada,estudiantes,aditiva,no aplica,desagregada por sector,desagregada por ambito,Permanencia; Trayectoria,Definicion basada en el diccionario oficial RA 2025; conservar el grano sector-ambito.
m_ultimo_1,trayectoria,Int64,Mujeres: Matricula al ultimo dia de clase en el ano/categoria indicada,estudiantes,aditiva,no aplica,desagregada por sector,desagregada por ambito,Permanencia; Trayectoria,Definicion basada en el diccionario oficial RA 2025; conservar el grano sector-ambito.
m_ultimo_2,trayectoria,Int64,Mujeres: Matricula al ultimo dia de clase en el ano/categoria indicada,estudiantes,aditiva,no aplica,desagregada por sector,desagregada por ambito,Permanencia; Trayectoria,Definicion basada en el diccionario oficial RA 2025; conservar el grano sector-ambito.
m_ultimo_3,trayectoria,Int64,Mujeres: Matricula al ultimo dia de clase en el ano/categoria indicada,estudiantes,aditiva,no aplica,desagregada por sector,desagregada por ambito,Permanencia; Trayectoria,Definicion basada en el diccionario oficial RA 2025; conservar el grano sector-ambito.
m_ultimo_4,trayectoria,Int64,Mujeres: Matricula al ultimo dia de clase en el ano/categoria indicada,estudiantes,aditiva,no aplica,desagregada por sector,desagregada por ambito,Permanencia; Trayectoria,Definicion basada en el diccionario oficial RA 2025; conservar el grano sector-ambito.
m_ultimo_5,trayectoria,Int64,Mujeres: Matricula al ultimo dia de clase en el ano/categoria indicada,estudiantes,aditiva,no aplica,desagregada por sector,desagregada por ambito,Permanencia; Trayectoria,Definicion basada en el diccionario oficial RA 2025; conservar el grano sector-ambito.
m_ultimo_6,trayectoria,Int64,Mujeres: Matricula al ultimo dia de clase en el ano/categoria indicada,estudiantes,aditiva,no aplica,desagregada por sector,desagregada por ambito,Permanencia; Trayectoria,Definicion basada en el diccionario oficial RA 2025; conservar el grano sector-ambito.
m_ultimo_7,trayectoria,Int64,Mujeres: Matricula al ultimo dia de clase en el ano/categoria indicada,estudiantes,aditiva,no aplica,desagregada por sector,desagregada por ambito,Permanencia; Trayectoria,Definicion basada en el diccionario oficial RA 2025; conservar el grano sector-ambito.
m_ultimo_8,trayectoria,Int64,Mujeres: Matricula al ultimo dia de clase en el ano/categoria indicada,estudiantes,aditiva,no aplica,desagregada por sector,desagregada por ambito,Permanencia; Trayectoria,Definicion basada en el diccionario oficial RA 2025; conservar el grano sector-ambito.
m_ultimo_9,trayectoria,Int64,Mujeres: Matricula al ultimo dia de clase en el ano/categoria indicada,estudiantes,aditiva,no aplica,desagregada por sector,desagregada por ambito,Permanencia; Trayectoria,Definicion basada en el diccionario oficial RA 2025; conservar el grano sector-ambito.
m_ultimo_10,trayectoria,Int64,Mujeres: Matricula al ultimo dia de clase en el ano/categoria indicada,estudiantes,aditiva,no aplica,desagregada por sector,desagregada por ambito,Permanencia; Trayectoria,Definicion basada en el diccionario oficial RA 2025; conservar el grano sector-ambito.
m_ultimo_11,trayectoria,Int64,Mujeres: Matricula al ultimo dia de clase en el ano/categoria indicada,estudiantes,aditiva,no aplica,desagregada por sector,desagregada por ambito,Permanencia; Trayectoria,Definicion basada en el diccionario oficial RA 2025; conservar el grano sector-ambito.
m_ultimo_12,trayectoria,Int64,Mujeres: Matricula al ultimo dia de clase en el ano/categoria indicada,estudiantes,aditiva,no aplica,desagregada por sector,desagregada por ambito,Permanencia; Trayectoria,Definicion basada en el diccionario oficial RA 2025; conservar el grano sector-ambito.
m_ultimo_1314,trayectoria,Int64,Mujeres: Matricula al ultimo dia de clase en el ano/categoria indicada,estudiantes,aditiva,no aplica,desagregada por sector,desagregada por ambito,Permanencia; Trayectoria,Definicion basada en el diccionario oficial RA 2025; conservar el grano sector-ambito.
m_ultimo_20,trayectoria,Int64,Mujeres: Matricula al ultimo dia de clase en el ano/categoria indicada,estudiantes,aditiva,no aplica,desagregada por sector,desagregada por ambito,Permanencia; Trayectoria,Definicion basada en el diccionario oficial RA 2025; conservar el grano sector-ambito.
promovidos_1,trayectoria,Int64,Promovidos en el ano/categoria indicada,estudiantes,aditiva,no aplica,desagregada por sector,desagregada por ambito,Permanencia; Trayectoria,Definicion basada en el diccionario oficial RA 2025; conservar el grano sector-ambito.
promovidos_2,trayectoria,Int64,Promovidos en el ano/categoria indicada,estudiantes,aditiva,no aplica,desagregada por sector,desagregada por ambito,Permanencia; Trayectoria,Definicion basada en el diccionario oficial RA 2025; conservar el grano sector-ambito.
promovidos_3,trayectoria,Int64,Promovidos en el ano/categoria indicada,estudiantes,aditiva,no aplica,desagregada por sector,desagregada por ambito,Permanencia; Trayectoria,Definicion basada en el diccionario oficial RA 2025; conservar el grano sector-ambito.
promovidos_4,trayectoria,Int64,Promovidos en el ano/categoria indicada,estudiantes,aditiva,no aplica,desagregada por sector,desagregada por ambito,Permanencia; Trayectoria,Definicion basada en el diccionario oficial RA 2025; conservar el grano sector-ambito.
promovidos_5,trayectoria,Int64,Promovidos en el ano/categoria indicada,estudiantes,aditiva,no aplica,desagregada por sector,desagregada por ambito,Permanencia; Trayectoria,Definicion basada en el diccionario oficial RA 2025; conservar el grano sector-ambito.
promovidos_6,trayectoria,Int64,Promovidos en el ano/categoria indicada,estudiantes,aditiva,no aplica,desagregada por sector,desagregada por ambito,Permanencia; Trayectoria,Definicion basada en el diccionario oficial RA 2025; conservar el grano sector-ambito.
promovidos_7,trayectoria,Int64,Promovidos en el ano/categoria indicada,estudiantes,aditiva,no aplica,desagregada por sector,desagregada por ambito,Permanencia; Trayectoria,Definicion basada en el diccionario oficial RA 2025; conservar el grano sector-ambito.
promovidos_8,trayectoria,Int64,Promovidos en el ano/categoria indicada,estudiantes,aditiva,no aplica,desagregada por sector,desagregada por ambito,Permanencia; Trayectoria,Definicion basada en el diccionario oficial RA 2025; conservar el grano sector-ambito.
promovidos_9,trayectoria,Int64,Promovidos en el ano/categoria indicada,estudiantes,aditiva,no aplica,desagregada por sector,desagregada por ambito,Permanencia; Trayectoria,Definicion basada en el diccionario oficial RA 2025; conservar el grano sector-ambito.
promovidos_10,trayectoria,Int64,Promovidos en el ano/categoria indicada,estudiantes,aditiva,no aplica,desagregada por sector,desagregada por ambito,Permanencia; Trayectoria,Definicion basada en el diccionario oficial RA 2025; conservar el grano sector-ambito.
promovidos_11,trayectoria,Int64,Promovidos en el ano/categoria indicada,estudiantes,aditiva,no aplica,desagregada por sector,desagregada por ambito,Permanencia; Trayectoria,Definicion basada en el diccionario oficial RA 2025; conservar el grano sector-ambito.
promovidos_12,trayectoria,Int64,Promovidos en el ano/categoria indicada,estudiantes,aditiva,no aplica,desagregada por sector,desagregada por ambito,Permanencia; Trayectoria,Definicion basada en el diccionario oficial RA 2025; conservar el grano sector-ambito.
promovidos_1314,trayectoria,Int64,Promovidos en el ano/categoria indicada,estudiantes,aditiva,no aplica,desagregada por sector,desagregada por ambito,Permanencia; Trayectoria,Definicion basada en el diccionario oficial RA 2025; conservar el grano sector-ambito.
promovidos_20,trayectoria,Int64,Promovidos en el ano/categoria indicada,estudiantes,aditiva,no aplica,desagregada por sector,desagregada por ambito,Permanencia; Trayectoria,Definicion basada en el diccionario oficial RA 2025; conservar el grano sector-ambito.
m_promovidos_1,trayectoria,Int64,Mujeres: Promovidos en el ano/categoria indicada,estudiantes,aditiva,no aplica,desagregada por sector,desagregada por ambito,Permanencia; Trayectoria,Definicion basada en el diccionario oficial RA 2025; conservar el grano sector-ambito.
m_promovidos_2,trayectoria,Int64,Mujeres: Promovidos en el ano/categoria indicada,estudiantes,aditiva,no aplica,desagregada por sector,desagregada por ambito,Permanencia; Trayectoria,Definicion basada en el diccionario oficial RA 2025; conservar el grano sector-ambito.
m_promovidos_3,trayectoria,Int64,Mujeres: Promovidos en el ano/categoria indicada,estudiantes,aditiva,no aplica,desagregada por sector,desagregada por ambito,Permanencia; Trayectoria,Definicion basada en el diccionario oficial RA 2025; conservar el grano sector-ambito.
m_promovidos_4,trayectoria,Int64,Mujeres: Promovidos en el ano/categoria indicada,estudiantes,aditiva,no aplica,desagregada por sector,desagregada por ambito,Permanencia; Trayectoria,Definicion basada en el diccionario oficial RA 2025; conservar el grano sector-ambito.
m_promovidos_5,trayectoria,Int64,Mujeres: Promovidos en el ano/categoria indicada,estudiantes,aditiva,no aplica,desagregada por sector,desagregada por ambito,Permanencia; Trayectoria,Definicion basada en el diccionario oficial RA 2025; conservar el grano sector-ambito.
m_promovidos_6,trayectoria,Int64,Mujeres: Promovidos en el ano/categoria indicada,estudiantes,aditiva,no aplica,desagregada por sector,desagregada por ambito,Permanencia; Trayectoria,Definicion basada en el diccionario oficial RA 2025; conservar el grano sector-ambito.
m_promovidos_7,trayectoria,Int64,Mujeres: Promovidos en el ano/categoria indicada,estudiantes,aditiva,no aplica,desagregada por sector,desagregada por ambito,Permanencia; Trayectoria,Definicion basada en el diccionario oficial RA 2025; conservar el grano sector-ambito.
m_promovidos_8,trayectoria,Int64,Mujeres: Promovidos en el ano/categoria indicada,estudiantes,aditiva,no aplica,desagregada por sector,desagregada por ambito,Permanencia; Trayectoria,Definicion basada en el diccionario oficial RA 2025; conservar el grano sector-ambito.
m_promovidos_9,trayectoria,Int64,Mujeres: Promovidos en el ano/categoria indicada,estudiantes,aditiva,no aplica,desagregada por sector,desagregada por ambito,Permanencia; Trayectoria,Definicion basada en el diccionario oficial RA 2025; conservar el grano sector-ambito.
m_promovidos_10,trayectoria,Int64,Mujeres: Promovidos en el ano/categoria indicada,estudiantes,aditiva,no aplica,desagregada por sector,desagregada por ambito,Permanencia; Trayectoria,Definicion basada en el diccionario oficial RA 2025; conservar el grano sector-ambito.
m_promovidos_11,trayectoria,Int64,Mujeres: Promovidos en el ano/categoria indicada,estudiantes,aditiva,no aplica,desagregada por sector,desagregada por ambito,Permanencia; Trayectoria,Definicion basada en el diccionario oficial RA 2025; conservar el grano sector-ambito.
m_promovidos_12,trayectoria,Int64,Mujeres: Promovidos en el ano/categoria indicada,estudiantes,aditiva,no aplica,desagregada por sector,desagregada por ambito,Permanencia; Trayectoria,Definicion basada en el diccionario oficial RA 2025; conservar el grano sector-ambito.
m_promovidos_1314,trayectoria,Int64,Mujeres: Promovidos en el ano/categoria indicada,estudiantes,aditiva,no aplica,desagregada por sector,desagregada por ambito,Permanencia; Trayectoria,Definicion basada en el diccionario oficial RA 2025; conservar el grano sector-ambito.
m_promovidos_20,trayectoria,Int64,Mujeres: Promovidos en el ano/categoria indicada,estudiantes,aditiva,no aplica,desagregada por sector,desagregada por ambito,Permanencia; Trayectoria,Definicion basada en el diccionario oficial RA 2025; conservar el grano sector-ambito.
promovidos_ex_1,trayectoria,Int64,Promovidos en examen en el ano/categoria indicada,estudiantes,aditiva,no aplica,desagregada por sector,desagregada por ambito,Permanencia; Trayectoria,Definicion basada en el diccionario oficial RA 2025; conservar el grano sector-ambito.
promovidos_ex_2,trayectoria,Int64,Promovidos en examen en el ano/categoria indicada,estudiantes,aditiva,no aplica,desagregada por sector,desagregada por ambito,Permanencia; Trayectoria,Definicion basada en el diccionario oficial RA 2025; conservar el grano sector-ambito.
promovidos_ex_3,trayectoria,Int64,Promovidos en examen en el ano/categoria indicada,estudiantes,aditiva,no aplica,desagregada por sector,desagregada por ambito,Permanencia; Trayectoria,Definicion basada en el diccionario oficial RA 2025; conservar el grano sector-ambito.
promovidos_ex_4,trayectoria,Int64,Promovidos en examen en el ano/categoria indicada,estudiantes,aditiva,no aplica,desagregada por sector,desagregada por ambito,Permanencia; Trayectoria,Definicion basada en el diccionario oficial RA 2025; conservar el grano sector-ambito.
promovidos_ex_5,trayectoria,Int64,Promovidos en examen en el ano/categoria indicada,estudiantes,aditiva,no aplica,desagregada por sector,desagregada por ambito,Permanencia; Trayectoria,Definicion basada en el diccionario oficial RA 2025; conservar el grano sector-ambito.
promovidos_ex_6,trayectoria,Int64,Promovidos en examen en el ano/categoria indicada,estudiantes,aditiva,no aplica,desagregada por sector,desagregada por ambito,Permanencia; Trayectoria,Definicion basada en el diccionario oficial RA 2025; conservar el grano sector-ambito.
promovidos_ex_7,trayectoria,Int64,Promovidos en examen en el ano/categoria indicada,estudiantes,aditiva,no aplica,desagregada por sector,desagregada por ambito,Permanencia; Trayectoria,Definicion basada en el diccionario oficial RA 2025; conservar el grano sector-ambito.
promovidos_ex_8,trayectoria,Int64,Promovidos en examen en el ano/categoria indicada,estudiantes,aditiva,no aplica,desagregada por sector,desagregada por ambito,Permanencia; Trayectoria,Definicion basada en el diccionario oficial RA 2025; conservar el grano sector-ambito.
promovidos_ex_9,trayectoria,Int64,Promovidos en examen en el ano/categoria indicada,estudiantes,aditiva,no aplica,desagregada por sector,desagregada por ambito,Permanencia; Trayectoria,Definicion basada en el diccionario oficial RA 2025; conservar el grano sector-ambito.
promovidos_ex_10,trayectoria,Int64,Promovidos en examen en el ano/categoria indicada,estudiantes,aditiva,no aplica,desagregada por sector,desagregada por ambito,Permanencia; Trayectoria,Definicion basada en el diccionario oficial RA 2025; conservar el grano sector-ambito.
promovidos_ex_11,trayectoria,Int64,Promovidos en examen en el ano/categoria indicada,estudiantes,aditiva,no aplica,desagregada por sector,desagregada por ambito,Permanencia; Trayectoria,Definicion basada en el diccionario oficial RA 2025; conservar el grano sector-ambito.
promovidos_ex_12,trayectoria,Int64,Promovidos en examen en el ano/categoria indicada,estudiantes,aditiva,no aplica,desagregada por sector,desagregada por ambito,Permanencia; Trayectoria,Definicion basada en el diccionario oficial RA 2025; conservar el grano sector-ambito.
promovidos_ex_1314,trayectoria,Int64,Promovidos en examen en el ano/categoria indicada,estudiantes,aditiva,no aplica,desagregada por sector,desagregada por ambito,Permanencia; Trayectoria,Definicion basada en el diccionario oficial RA 2025; conservar el grano sector-ambito.
promovidos_ex_20,trayectoria,Int64,Promovidos en examen en el ano/categoria indicada,estudiantes,aditiva,no aplica,desagregada por sector,desagregada por ambito,Permanencia; Trayectoria,Definicion basada en el diccionario oficial RA 2025; conservar el grano sector-ambito.
m_promovidos_ex_1,trayectoria,Int64,Mujeres: Promovidos en examen en el ano/categoria indicada,estudiantes,aditiva,no aplica,desagregada por sector,desagregada por ambito,Permanencia; Trayectoria,Definicion basada en el diccionario oficial RA 2025; conservar el grano sector-ambito.
m_promovidos_ex_2,trayectoria,Int64,Mujeres: Promovidos en examen en el ano/categoria indicada,estudiantes,aditiva,no aplica,desagregada por sector,desagregada por ambito,Permanencia; Trayectoria,Definicion basada en el diccionario oficial RA 2025; conservar el grano sector-ambito.
m_promovidos_ex_3,trayectoria,Int64,Mujeres: Promovidos en examen en el ano/categoria indicada,estudiantes,aditiva,no aplica,desagregada por sector,desagregada por ambito,Permanencia; Trayectoria,Definicion basada en el diccionario oficial RA 2025; conservar el grano sector-ambito.
m_promovidos_ex_4,trayectoria,Int64,Mujeres: Promovidos en examen en el ano/categoria indicada,estudiantes,aditiva,no aplica,desagregada por sector,desagregada por ambito,Permanencia; Trayectoria,Definicion basada en el diccionario oficial RA 2025; conservar el grano sector-ambito.
m_promovidos_ex_5,trayectoria,Int64,Mujeres: Promovidos en examen en el ano/categoria indicada,estudiantes,aditiva,no aplica,desagregada por sector,desagregada por ambito,Permanencia; Trayectoria,Definicion basada en el diccionario oficial RA 2025; conservar el grano sector-ambito.
m_promovidos_ex_6,trayectoria,Int64,Mujeres: Promovidos en examen en el ano/categoria indicada,estudiantes,aditiva,no aplica,desagregada por sector,desagregada por ambito,Permanencia; Trayectoria,Definicion basada en el diccionario oficial RA 2025; conservar el grano sector-ambito.
m_promovidos_ex_7,trayectoria,Int64,Mujeres: Promovidos en examen en el ano/categoria indicada,estudiantes,aditiva,no aplica,desagregada por sector,desagregada por ambito,Permanencia; Trayectoria,Definicion basada en el diccionario oficial RA 2025; conservar el grano sector-ambito.
m_promovidos_ex_8,trayectoria,Int64,Mujeres: Promovidos en examen en el ano/categoria indicada,estudiantes,aditiva,no aplica,desagregada por sector,desagregada por ambito,Permanencia; Trayectoria,Definicion basada en el diccionario oficial RA 2025; conservar el grano sector-ambito.
m_promovidos_ex_9,trayectoria,Int64,Mujeres: Promovidos en examen en el ano/categoria indicada,estudiantes,aditiva,no aplica,desagregada por sector,desagregada por ambito,Permanencia; Trayectoria,Definicion basada en el diccionario oficial RA 2025; conservar el grano sector-ambito.
m_promovidos_ex_10,trayectoria,Int64,Mujeres: Promovidos en examen en el ano/categoria indicada,estudiantes,aditiva,no aplica,desagregada por sector,desagregada por ambito,Permanencia; Trayectoria,Definicion basada en el diccionario oficial RA 2025; conservar el grano sector-ambito.
m_promovidos_ex_11,trayectoria,Int64,Mujeres: Promovidos en examen en el ano/categoria indicada,estudiantes,aditiva,no aplica,desagregada por sector,desagregada por ambito,Permanencia; Trayectoria,Definicion basada en el diccionario oficial RA 2025; conservar el grano sector-ambito.
m_promovidos_ex_12,trayectoria,Int64,Mujeres: Promovidos en examen en el ano/categoria indicada,estudiantes,aditiva,no aplica,desagregada por sector,desagregada por ambito,Permanencia; Trayectoria,Definicion basada en el diccionario oficial RA 2025; conservar el grano sector-ambito.
m_promovidos_ex_1314,trayectoria,Int64,Mujeres: Promovidos en examen en el ano/categoria indicada,estudiantes,aditiva,no aplica,desagregada por sector,desagregada por ambito,Permanencia; Trayectoria,Definicion basada en el diccionario oficial RA 2025; conservar el grano sector-ambito.
m_promovidos_ex_20,trayectoria,Int64,Mujeres: Promovidos en examen en el ano/categoria indicada,estudiantes,aditiva,no aplica,desagregada por sector,desagregada por ambito,Permanencia; Trayectoria,Definicion basada en el diccionario oficial RA 2025; conservar el grano sector-ambito.
promovidos_mas_2mat_1,trayectoria,Int64,Promovidos con mas de dos materias en el ano/categoria indicada,estudiantes,aditiva,no aplica,desagregada por sector,desagregada por ambito,Permanencia; Trayectoria,Definicion basada en el diccionario oficial RA 2025; conservar el grano sector-ambito.
promovidos_mas_2mat_2,trayectoria,Int64,Promovidos con mas de dos materias en el ano/categoria indicada,estudiantes,aditiva,no aplica,desagregada por sector,desagregada por ambito,Permanencia; Trayectoria,Definicion basada en el diccionario oficial RA 2025; conservar el grano sector-ambito.
promovidos_mas_2mat_3,trayectoria,Int64,Promovidos con mas de dos materias en el ano/categoria indicada,estudiantes,aditiva,no aplica,desagregada por sector,desagregada por ambito,Permanencia; Trayectoria,Definicion basada en el diccionario oficial RA 2025; conservar el grano sector-ambito.
promovidos_mas_2mat_4,trayectoria,Int64,Promovidos con mas de dos materias en el ano/categoria indicada,estudiantes,aditiva,no aplica,desagregada por sector,desagregada por ambito,Permanencia; Trayectoria,Definicion basada en el diccionario oficial RA 2025; conservar el grano sector-ambito.
promovidos_mas_2mat_5,trayectoria,Int64,Promovidos con mas de dos materias en el ano/categoria indicada,estudiantes,aditiva,no aplica,desagregada por sector,desagregada por ambito,Permanencia; Trayectoria,Definicion basada en el diccionario oficial RA 2025; conservar el grano sector-ambito.
promovidos_mas_2mat_6,trayectoria,Int64,Promovidos con mas de dos materias en el ano/categoria indicada,estudiantes,aditiva,no aplica,desagregada por sector,desagregada por ambito,Permanencia; Trayectoria,Definicion basada en el diccionario oficial RA 2025; conservar el grano sector-ambito.
promovidos_mas_2mat_7,trayectoria,Int64,Promovidos con mas de dos materias en el ano/categoria indicada,estudiantes,aditiva,no aplica,desagregada por sector,desagregada por ambito,Permanencia; Trayectoria,Definicion basada en el diccionario oficial RA 2025; conservar el grano sector-ambito.
promovidos_mas_2mat_8,trayectoria,Int64,Promovidos con mas de dos materias en el ano/categoria indicada,estudiantes,aditiva,no aplica,desagregada por sector,desagregada por ambito,Permanencia; Trayectoria,Definicion basada en el diccionario oficial RA 2025; conservar el grano sector-ambito.
promovidos_mas_2mat_9,trayectoria,Int64,Promovidos con mas de dos materias en el ano/categoria indicada,estudiantes,aditiva,no aplica,desagregada por sector,desagregada por ambito,Permanencia; Trayectoria,Definicion basada en el diccionario oficial RA 2025; conservar el grano sector-ambito.
promovidos_mas_2mat_10,trayectoria,Int64,Promovidos con mas de dos materias en el ano/categoria indicada,estudiantes,aditiva,no aplica,desagregada por sector,desagregada por ambito,Permanencia; Trayectoria,Definicion basada en el diccionario oficial RA 2025; conservar el grano sector-ambito.
promovidos_mas_2mat_11,trayectoria,Int64,Promovidos con mas de dos materias en el ano/categoria indicada,estudiantes,aditiva,no aplica,desagregada por sector,desagregada por ambito,Permanencia; Trayectoria,Definicion basada en el diccionario oficial RA 2025; conservar el grano sector-ambito.
promovidos_mas_2mat_12,trayectoria,Int64,Promovidos con mas de dos materias en el ano/categoria indicada,estudiantes,aditiva,no aplica,desagregada por sector,desagregada por ambito,Permanencia; Trayectoria,Definicion basada en el diccionario oficial RA 2025; conservar el grano sector-ambito.
promovidos_mas_2mat_1314,trayectoria,Int64,Promovidos con mas de dos materias en el ano/categoria indicada,estudiantes,aditiva,no aplica,desagregada por sector,desagregada por ambito,Permanencia; Trayectoria,Definicion basada en el diccionario oficial RA 2025; conservar el grano sector-ambito.
promovidos_mas_2mat_20,trayectoria,Int64,Promovidos con mas de dos materias en el ano/categoria indicada,estudiantes,aditiva,no aplica,desagregada por sector,desagregada por ambito,Permanencia; Trayectoria,Definicion basada en el diccionario oficial RA 2025; conservar el grano sector-ambito.
m_promovidos_mas_2mat_1,trayectoria,Int64,Mujeres: Promovidos con mas de dos materias en el ano/categoria indicada,estudiantes,aditiva,no aplica,desagregada por sector,desagregada por ambito,Permanencia; Trayectoria,Definicion basada en el diccionario oficial RA 2025; conservar el grano sector-ambito.
m_promovidos_mas_2mat_2,trayectoria,Int64,Mujeres: Promovidos con mas de dos materias en el ano/categoria indicada,estudiantes,aditiva,no aplica,desagregada por sector,desagregada por ambito,Permanencia; Trayectoria,Definicion basada en el diccionario oficial RA 2025; conservar el grano sector-ambito.
m_promovidos_mas_2mat_3,trayectoria,Int64,Mujeres: Promovidos con mas de dos materias en el ano/categoria indicada,estudiantes,aditiva,no aplica,desagregada por sector,desagregada por ambito,Permanencia; Trayectoria,Definicion basada en el diccionario oficial RA 2025; conservar el grano sector-ambito.
m_promovidos_mas_2mat_4,trayectoria,Int64,Mujeres: Promovidos con mas de dos materias en el ano/categoria indicada,estudiantes,aditiva,no aplica,desagregada por sector,desagregada por ambito,Permanencia; Trayectoria,Definicion basada en el diccionario oficial RA 2025; conservar el grano sector-ambito.
m_promovidos_mas_2mat_5,trayectoria,Int64,Mujeres: Promovidos con mas de dos materias en el ano/categoria indicada,estudiantes,aditiva,no aplica,desagregada por sector,desagregada por ambito,Permanencia; Trayectoria,Definicion basada en el diccionario oficial RA 2025; conservar el grano sector-ambito.
m_promovidos_mas_2mat_6,trayectoria,Int64,Mujeres: Promovidos con mas de dos materias en el ano/categoria indicada,estudiantes,aditiva,no aplica,desagregada por sector,desagregada por ambito,Permanencia; Trayectoria,Definicion basada en el diccionario oficial RA 2025; conservar el grano sector-ambito.
m_promovidos_mas_2mat_7,trayectoria,Int64,Mujeres: Promovidos con mas de dos materias en el ano/categoria indicada,estudiantes,aditiva,no aplica,desagregada por sector,desagregada por ambito,Permanencia; Trayectoria,Definicion basada en el diccionario oficial RA 2025; conservar el grano sector-ambito.
m_promovidos_mas_2mat_8,trayectoria,Int64,Mujeres: Promovidos con mas de dos materias en el ano/categoria indicada,estudiantes,aditiva,no aplica,desagregada por sector,desagregada por ambito,Permanencia; Trayectoria,Definicion basada en el diccionario oficial RA 2025; conservar el grano sector-ambito.
m_promovidos_mas_2mat_9,trayectoria,Int64,Mujeres: Promovidos con mas de dos materias en el ano/categoria indicada,estudiantes,aditiva,no aplica,desagregada por sector,desagregada por ambito,Permanencia; Trayectoria,Definicion basada en el diccionario oficial RA 2025; conservar el grano sector-ambito.
m_promovidos_mas_2mat_10,trayectoria,Int64,Mujeres: Promovidos con mas de dos materias en el ano/categoria indicada,estudiantes,aditiva,no aplica,desagregada por sector,desagregada por ambito,Permanencia; Trayectoria,Definicion basada en el diccionario oficial RA 2025; conservar el grano sector-ambito.
m_promovidos_mas_2mat_11,trayectoria,Int64,Mujeres: Promovidos con mas de dos materias en el ano/categoria indicada,estudiantes,aditiva,no aplica,desagregada por sector,desagregada por ambito,Permanencia; Trayectoria,Definicion basada en el diccionario oficial RA 2025; conservar el grano sector-ambito.
m_promovidos_mas_2mat_12,trayectoria,Int64,Mujeres: Promovidos con mas de dos materias en el ano/categoria indicada,estudiantes,aditiva,no aplica,desagregada por sector,desagregada por ambito,Permanencia; Trayectoria,Definicion basada en el diccionario oficial RA 2025; conservar el grano sector-ambito.
m_promovidos_mas_2mat_1314,trayectoria,Int64,Mujeres: Promovidos con mas de dos materias en el ano/categoria indicada,estudiantes,aditiva,no aplica,desagregada por sector,desagregada por ambito,Permanencia; Trayectoria,Definicion basada en el diccionario oficial RA 2025; conservar el grano sector-ambito.
m_promovidos_mas_2mat_20,trayectoria,Int64,Mujeres: Promovidos con mas de dos materias en el ano/categoria indicada,estudiantes,aditiva,no aplica,desagregada por sector,desagregada por ambito,Permanencia; Trayectoria,Definicion basada en el diccionario oficial RA 2025; conservar el grano sector-ambito.
nopromo_1,trayectoria,Int64,No promovidos en el ano/categoria indicada,estudiantes,aditiva,no aplica,desagregada por sector,desagregada por ambito,Permanencia; Trayectoria,Definicion basada en el diccionario oficial RA 2025; conservar el grano sector-ambito.
nopromo_2,trayectoria,Int64,No promovidos en el ano/categoria indicada,estudiantes,aditiva,no aplica,desagregada por sector,desagregada por ambito,Permanencia; Trayectoria,Definicion basada en el diccionario oficial RA 2025; conservar el grano sector-ambito.
nopromo_3,trayectoria,Int64,No promovidos en el ano/categoria indicada,estudiantes,aditiva,no aplica,desagregada por sector,desagregada por ambito,Permanencia; Trayectoria,Definicion basada en el diccionario oficial RA 2025; conservar el grano sector-ambito.
nopromo_4,trayectoria,Int64,No promovidos en el ano/categoria indicada,estudiantes,aditiva,no aplica,desagregada por sector,desagregada por ambito,Permanencia; Trayectoria,Definicion basada en el diccionario oficial RA 2025; conservar el grano sector-ambito.
nopromo_5,trayectoria,Int64,No promovidos en el ano/categoria indicada,estudiantes,aditiva,no aplica,desagregada por sector,desagregada por ambito,Permanencia; Trayectoria,Definicion basada en el diccionario oficial RA 2025; conservar el grano sector-ambito.
nopromo_6,trayectoria,Int64,No promovidos en el ano/categoria indicada,estudiantes,aditiva,no aplica,desagregada por sector,desagregada por ambito,Permanencia; Trayectoria,Definicion basada en el diccionario oficial RA 2025; conservar el grano sector-ambito.
nopromo_7,trayectoria,Int64,No promovidos en el ano/categoria indicada,estudiantes,aditiva,no aplica,desagregada por sector,desagregada por ambito,Permanencia; Trayectoria,Definicion basada en el diccionario oficial RA 2025; conservar el grano sector-ambito.
nopromo_8,trayectoria,Int64,No promovidos en el ano/categoria indicada,estudiantes,aditiva,no aplica,desagregada por sector,desagregada por ambito,Permanencia; Trayectoria,Definicion basada en el diccionario oficial RA 2025; conservar el grano sector-ambito.
nopromo_9,trayectoria,Int64,No promovidos en el ano/categoria indicada,estudiantes,aditiva,no aplica,desagregada por sector,desagregada por ambito,Permanencia; Trayectoria,Definicion basada en el diccionario oficial RA 2025; conservar el grano sector-ambito.
nopromo_10,trayectoria,Int64,No promovidos en el ano/categoria indicada,estudiantes,aditiva,no aplica,desagregada por sector,desagregada por ambito,Permanencia; Trayectoria,Definicion basada en el diccionario oficial RA 2025; conservar el grano sector-ambito.
nopromo_11,trayectoria,Int64,No promovidos en el ano/categoria indicada,estudiantes,aditiva,no aplica,desagregada por sector,desagregada por ambito,Permanencia; Trayectoria,Definicion basada en el diccionario oficial RA 2025; conservar el grano sector-ambito.
nopromo_12,trayectoria,Int64,No promovidos en el ano/categoria indicada,estudiantes,aditiva,no aplica,desagregada por sector,desagregada por ambito,Permanencia; Trayectoria,Definicion basada en el diccionario oficial RA 2025; conservar el grano sector-ambito.
nopromo_1314,trayectoria,Int64,No promovidos en el ano/categoria indicada,estudiantes,aditiva,no aplica,desagregada por sector,desagregada por ambito,Permanencia; Trayectoria,Definicion basada en el diccionario oficial RA 2025; conservar el grano sector-ambito.
nopromo_20,trayectoria,Int64,No promovidos en el ano/categoria indicada,estudiantes,aditiva,no aplica,desagregada por sector,desagregada por ambito,Permanencia; Trayectoria,Definicion basada en el diccionario oficial RA 2025; conservar el grano sector-ambito.
m_nopromo_1,trayectoria,Int64,Mujeres: No promovidos en el ano/categoria indicada,estudiantes,aditiva,no aplica,desagregada por sector,desagregada por ambito,Permanencia; Trayectoria,Definicion basada en el diccionario oficial RA 2025; conservar el grano sector-ambito.
m_nopromo_2,trayectoria,Int64,Mujeres: No promovidos en el ano/categoria indicada,estudiantes,aditiva,no aplica,desagregada por sector,desagregada por ambito,Permanencia; Trayectoria,Definicion basada en el diccionario oficial RA 2025; conservar el grano sector-ambito.
m_nopromo_3,trayectoria,Int64,Mujeres: No promovidos en el ano/categoria indicada,estudiantes,aditiva,no aplica,desagregada por sector,desagregada por ambito,Permanencia; Trayectoria,Definicion basada en el diccionario oficial RA 2025; conservar el grano sector-ambito.
m_nopromo_4,trayectoria,Int64,Mujeres: No promovidos en el ano/categoria indicada,estudiantes,aditiva,no aplica,desagregada por sector,desagregada por ambito,Permanencia; Trayectoria,Definicion basada en el diccionario oficial RA 2025; conservar el grano sector-ambito.
m_nopromo_5,trayectoria,Int64,Mujeres: No promovidos en el ano/categoria indicada,estudiantes,aditiva,no aplica,desagregada por sector,desagregada por ambito,Permanencia; Trayectoria,Definicion basada en el diccionario oficial RA 2025; conservar el grano sector-ambito.
m_nopromo_6,trayectoria,Int64,Mujeres: No promovidos en el ano/categoria indicada,estudiantes,aditiva,no aplica,desagregada por sector,desagregada por ambito,Permanencia; Trayectoria,Definicion basada en el diccionario oficial RA 2025; conservar el grano sector-ambito.
m_nopromo_7,trayectoria,Int64,Mujeres: No promovidos en el ano/categoria indicada,estudiantes,aditiva,no aplica,desagregada por sector,desagregada por ambito,Permanencia; Trayectoria,Definicion basada en el diccionario oficial RA 2025; conservar el grano sector-ambito.
m_nopromo_8,trayectoria,Int64,Mujeres: No promovidos en el ano/categoria indicada,estudiantes,aditiva,no aplica,desagregada por sector,desagregada por ambito,Permanencia; Trayectoria,Definicion basada en el diccionario oficial RA 2025; conservar el grano sector-ambito.
m_nopromo_9,trayectoria,Int64,Mujeres: No promovidos en el ano/categoria indicada,estudiantes,aditiva,no aplica,desagregada por sector,desagregada por ambito,Permanencia; Trayectoria,Definicion basada en el diccionario oficial RA 2025; conservar el grano sector-ambito.
m_nopromo_10,trayectoria,Int64,Mujeres: No promovidos en el ano/categoria indicada,estudiantes,aditiva,no aplica,desagregada por sector,desagregada por ambito,Permanencia; Trayectoria,Definicion basada en el diccionario oficial RA 2025; conservar el grano sector-ambito.
m_nopromo_11,trayectoria,Int64,Mujeres: No promovidos en el ano/categoria indicada,estudiantes,aditiva,no aplica,desagregada por sector,desagregada por ambito,Permanencia; Trayectoria,Definicion basada en el diccionario oficial RA 2025; conservar el grano sector-ambito.
m_nopromo_12,trayectoria,Int64,Mujeres: No promovidos en el ano/categoria indicada,estudiantes,aditiva,no aplica,desagregada por sector,desagregada por ambito,Permanencia; Trayectoria,Definicion basada en el diccionario oficial RA 2025; conservar el grano sector-ambito.
m_nopromo_1314,trayectoria,Int64,Mujeres: No promovidos en el ano/categoria indicada,estudiantes,aditiva,no aplica,desagregada por sector,desagregada por ambito,Permanencia; Trayectoria,Definicion basada en el diccionario oficial RA 2025; conservar el grano sector-ambito.
m_nopromo_20,trayectoria,Int64,Mujeres: No promovidos en el ano/categoria indicada,estudiantes,aditiva,no aplica,desagregada por sector,desagregada por ambito,Permanencia; Trayectoria,Definicion basada en el diccionario oficial RA 2025; conservar el grano sector-ambito.
regulares_1,trayectoria,Int64,Regulares en el ano/categoria indicada,estudiantes,aditiva,no aplica,desagregada por sector,desagregada por ambito,Permanencia; Trayectoria,Definicion basada en el diccionario oficial RA 2025; conservar el grano sector-ambito.
regulares_2,trayectoria,Int64,Regulares en el ano/categoria indicada,estudiantes,aditiva,no aplica,desagregada por sector,desagregada por ambito,Permanencia; Trayectoria,Definicion basada en el diccionario oficial RA 2025; conservar el grano sector-ambito.
regulares_3,trayectoria,Int64,Regulares en el ano/categoria indicada,estudiantes,aditiva,no aplica,desagregada por sector,desagregada por ambito,Permanencia; Trayectoria,Definicion basada en el diccionario oficial RA 2025; conservar el grano sector-ambito.
regulares_4,trayectoria,Int64,Regulares en el ano/categoria indicada,estudiantes,aditiva,no aplica,desagregada por sector,desagregada por ambito,Permanencia; Trayectoria,Definicion basada en el diccionario oficial RA 2025; conservar el grano sector-ambito.
regulares_5,trayectoria,Int64,Regulares en el ano/categoria indicada,estudiantes,aditiva,no aplica,desagregada por sector,desagregada por ambito,Permanencia; Trayectoria,Definicion basada en el diccionario oficial RA 2025; conservar el grano sector-ambito.
regulares_6,trayectoria,Int64,Regulares en el ano/categoria indicada,estudiantes,aditiva,no aplica,desagregada por sector,desagregada por ambito,Permanencia; Trayectoria,Definicion basada en el diccionario oficial RA 2025; conservar el grano sector-ambito.
regulares_7,trayectoria,Int64,Regulares en el ano/categoria indicada,estudiantes,aditiva,no aplica,desagregada por sector,desagregada por ambito,Permanencia; Trayectoria,Definicion basada en el diccionario oficial RA 2025; conservar el grano sector-ambito.
regulares_8,trayectoria,Int64,Regulares en el ano/categoria indicada,estudiantes,aditiva,no aplica,desagregada por sector,desagregada por ambito,Permanencia; Trayectoria,Definicion basada en el diccionario oficial RA 2025; conservar el grano sector-ambito.
regulares_9,trayectoria,Int64,Regulares en el ano/categoria indicada,estudiantes,aditiva,no aplica,desagregada por sector,desagregada por ambito,Permanencia; Trayectoria,Definicion basada en el diccionario oficial RA 2025; conservar el grano sector-ambito.
regulares_10,trayectoria,Int64,Regulares en el ano/categoria indicada,estudiantes,aditiva,no aplica,desagregada por sector,desagregada por ambito,Permanencia; Trayectoria,Definicion basada en el diccionario oficial RA 2025; conservar el grano sector-ambito.
regulares_11,trayectoria,Int64,Regulares en el ano/categoria indicada,estudiantes,aditiva,no aplica,desagregada por sector,desagregada por ambito,Permanencia; Trayectoria,Definicion basada en el diccionario oficial RA 2025; conservar el grano sector-ambito.
regulares_12,trayectoria,Int64,Regulares en el ano/categoria indicada,estudiantes,aditiva,no aplica,desagregada por sector,desagregada por ambito,Permanencia; Trayectoria,Definicion basada en el diccionario oficial RA 2025; conservar el grano sector-ambito.
regulares_1314,trayectoria,Int64,Regulares en el ano/categoria indicada,estudiantes,aditiva,no aplica,desagregada por sector,desagregada por ambito,Permanencia; Trayectoria,Definicion basada en el diccionario oficial RA 2025; conservar el grano sector-ambito.
regulares_20,trayectoria,Int64,Regulares en el ano/categoria indicada,estudiantes,aditiva,no aplica,desagregada por sector,desagregada por ambito,Permanencia; Trayectoria,Definicion basada en el diccionario oficial RA 2025; conservar el grano sector-ambito.
m_regulares_1,trayectoria,Int64,Mujeres: Regulares en el ano/categoria indicada,estudiantes,aditiva,no aplica,desagregada por sector,desagregada por ambito,Permanencia; Trayectoria,Definicion basada en el diccionario oficial RA 2025; conservar el grano sector-ambito.
m_regulares_2,trayectoria,Int64,Mujeres: Regulares en el ano/categoria indicada,estudiantes,aditiva,no aplica,desagregada por sector,desagregada por ambito,Permanencia; Trayectoria,Definicion basada en el diccionario oficial RA 2025; conservar el grano sector-ambito.
m_regulares_3,trayectoria,Int64,Mujeres: Regulares en el ano/categoria indicada,estudiantes,aditiva,no aplica,desagregada por sector,desagregada por ambito,Permanencia; Trayectoria,Definicion basada en el diccionario oficial RA 2025; conservar el grano sector-ambito.
m_regulares_4,trayectoria,Int64,Mujeres: Regulares en el ano/categoria indicada,estudiantes,aditiva,no aplica,desagregada por sector,desagregada por ambito,Permanencia; Trayectoria,Definicion basada en el diccionario oficial RA 2025; conservar el grano sector-ambito.
m_regulares_5,trayectoria,Int64,Mujeres: Regulares en el ano/categoria indicada,estudiantes,aditiva,no aplica,desagregada por sector,desagregada por ambito,Permanencia; Trayectoria,Definicion basada en el diccionario oficial RA 2025; conservar el grano sector-ambito.
m_regulares_6,trayectoria,Int64,Mujeres: Regulares en el ano/categoria indicada,estudiantes,aditiva,no aplica,desagregada por sector,desagregada por ambito,Permanencia; Trayectoria,Definicion basada en el diccionario oficial RA 2025; conservar el grano sector-ambito.
m_regulares_7,trayectoria,Int64,Mujeres: Regulares en el ano/categoria indicada,estudiantes,aditiva,no aplica,desagregada por sector,desagregada por ambito,Permanencia; Trayectoria,Definicion basada en el diccionario oficial RA 2025; conservar el grano sector-ambito.
m_regulares_8,trayectoria,Int64,Mujeres: Regulares en el ano/categoria indicada,estudiantes,aditiva,no aplica,desagregada por sector,desagregada por ambito,Permanencia; Trayectoria,Definicion basada en el diccionario oficial RA 2025; conservar el grano sector-ambito.
m_regulares_9,trayectoria,Int64,Mujeres: Regulares en el ano/categoria indicada,estudiantes,aditiva,no aplica,desagregada por sector,desagregada por ambito,Permanencia; Trayectoria,Definicion basada en el diccionario oficial RA 2025; conservar el grano sector-ambito.
m_regulares_10,trayectoria,Int64,Mujeres: Regulares en el ano/categoria indicada,estudiantes,aditiva,no aplica,desagregada por sector,desagregada por ambito,Permanencia; Trayectoria,Definicion basada en el diccionario oficial RA 2025; conservar el grano sector-ambito.
m_regulares_11,trayectoria,Int64,Mujeres: Regulares en el ano/categoria indicada,estudiantes,aditiva,no aplica,desagregada por sector,desagregada por ambito,Permanencia; Trayectoria,Definicion basada en el diccionario oficial RA 2025; conservar el grano sector-ambito.
m_regulares_12,trayectoria,Int64,Mujeres: Regulares en el ano/categoria indicada,estudiantes,aditiva,no aplica,desagregada por sector,desagregada por ambito,Permanencia; Trayectoria,Definicion basada en el diccionario oficial RA 2025; conservar el grano sector-ambito.
m_regulares_1314,trayectoria,Int64,Mujeres: Regulares en el ano/categoria indicada,estudiantes,aditiva,no aplica,desagregada por sector,desagregada por ambito,Permanencia; Trayectoria,Definicion basada en el diccionario oficial RA 2025; conservar el grano sector-ambito.
m_regulares_20,trayectoria,Int64,Mujeres: Regulares en el ano/categoria indicada,estudiantes,aditiva,no aplica,desagregada por sector,desagregada por ambito,Permanencia; Trayectoria,Definicion basada en el diccionario oficial RA 2025; conservar el grano sector-ambito.
otros_1,trayectoria,Int64,Otros en el ano/categoria indicada,estudiantes,aditiva,no aplica,desagregada por sector,desagregada por ambito,Permanencia; Trayectoria,Definicion basada en el diccionario oficial RA 2025; conservar el grano sector-ambito.
otros_2,trayectoria,Int64,Otros en el ano/categoria indicada,estudiantes,aditiva,no aplica,desagregada por sector,desagregada por ambito,Permanencia; Trayectoria,Definicion basada en el diccionario oficial RA 2025; conservar el grano sector-ambito.
otros_3,trayectoria,Int64,Otros en el ano/categoria indicada,estudiantes,aditiva,no aplica,desagregada por sector,desagregada por ambito,Permanencia; Trayectoria,Definicion basada en el diccionario oficial RA 2025; conservar el grano sector-ambito.
otros_4,trayectoria,Int64,Otros en el ano/categoria indicada,estudiantes,aditiva,no aplica,desagregada por sector,desagregada por ambito,Permanencia; Trayectoria,Definicion basada en el diccionario oficial RA 2025; conservar el grano sector-ambito.
otros_5,trayectoria,Int64,Otros en el ano/categoria indicada,estudiantes,aditiva,no aplica,desagregada por sector,desagregada por ambito,Permanencia; Trayectoria,Definicion basada en el diccionario oficial RA 2025; conservar el grano sector-ambito.
otros_6,trayectoria,Int64,Otros en el ano/categoria indicada,estudiantes,aditiva,no aplica,desagregada por sector,desagregada por ambito,Permanencia; Trayectoria,Definicion basada en el diccionario oficial RA 2025; conservar el grano sector-ambito.
otros_7,trayectoria,Int64,Otros en el ano/categoria indicada,estudiantes,aditiva,no aplica,desagregada por sector,desagregada por ambito,Permanencia; Trayectoria,Definicion basada en el diccionario oficial RA 2025; conservar el grano sector-ambito.
otros_8,trayectoria,Int64,Otros en el ano/categoria indicada,estudiantes,aditiva,no aplica,desagregada por sector,desagregada por ambito,Permanencia; Trayectoria,Definicion basada en el diccionario oficial RA 2025; conservar el grano sector-ambito.
otros_9,trayectoria,Int64,Otros en el ano/categoria indicada,estudiantes,aditiva,no aplica,desagregada por sector,desagregada por ambito,Permanencia; Trayectoria,Definicion basada en el diccionario oficial RA 2025; conservar el grano sector-ambito.
otros_10,trayectoria,Int64,Otros en el ano/categoria indicada,estudiantes,aditiva,no aplica,desagregada por sector,desagregada por ambito,Permanencia; Trayectoria,Definicion basada en el diccionario oficial RA 2025; conservar el grano sector-ambito.
otros_11,trayectoria,Int64,Otros en el ano/categoria indicada,estudiantes,aditiva,no aplica,desagregada por sector,desagregada por ambito,Permanencia; Trayectoria,Definicion basada en el diccionario oficial RA 2025; conservar el grano sector-ambito.
otros_12,trayectoria,Int64,Otros en el ano/categoria indicada,estudiantes,aditiva,no aplica,desagregada por sector,desagregada por ambito,Permanencia; Trayectoria,Definicion basada en el diccionario oficial RA 2025; conservar el grano sector-ambito.
otros_1314,trayectoria,Int64,Otros en el ano/categoria indicada,estudiantes,aditiva,no aplica,desagregada por sector,desagregada por ambito,Permanencia; Trayectoria,Definicion basada en el diccionario oficial RA 2025; conservar el grano sector-ambito.
otros_20,trayectoria,Int64,Otros en el ano/categoria indicada,estudiantes,aditiva,no aplica,desagregada por sector,desagregada por ambito,Permanencia; Trayectoria,Definicion basada en el diccionario oficial RA 2025; conservar el grano sector-ambito.
m_otros_1,trayectoria,Int64,Mujeres: Otros en el ano/categoria indicada,estudiantes,aditiva,no aplica,desagregada por sector,desagregada por ambito,Permanencia; Trayectoria,Definicion basada en el diccionario oficial RA 2025; conservar el grano sector-ambito.
m_otros_2,trayectoria,Int64,Mujeres: Otros en el ano/categoria indicada,estudiantes,aditiva,no aplica,desagregada por sector,desagregada por ambito,Permanencia; Trayectoria,Definicion basada en el diccionario oficial RA 2025; conservar el grano sector-ambito.
m_otros_3,trayectoria,Int64,Mujeres: Otros en el ano/categoria indicada,estudiantes,aditiva,no aplica,desagregada por sector,desagregada por ambito,Permanencia; Trayectoria,Definicion basada en el diccionario oficial RA 2025; conservar el grano sector-ambito.
m_otros_4,trayectoria,Int64,Mujeres: Otros en el ano/categoria indicada,estudiantes,aditiva,no aplica,desagregada por sector,desagregada por ambito,Permanencia; Trayectoria,Definicion basada en el diccionario oficial RA 2025; conservar el grano sector-ambito.
m_otros_5,trayectoria,Int64,Mujeres: Otros en el ano/categoria indicada,estudiantes,aditiva,no aplica,desagregada por sector,desagregada por ambito,Permanencia; Trayectoria,Definicion basada en el diccionario oficial RA 2025; conservar el grano sector-ambito.
m_otros_6,trayectoria,Int64,Mujeres: Otros en el ano/categoria indicada,estudiantes,aditiva,no aplica,desagregada por sector,desagregada por ambito,Permanencia; Trayectoria,Definicion basada en el diccionario oficial RA 2025; conservar el grano sector-ambito.
m_otros_7,trayectoria,Int64,Mujeres: Otros en el ano/categoria indicada,estudiantes,aditiva,no aplica,desagregada por sector,desagregada por ambito,Permanencia; Trayectoria,Definicion basada en el diccionario oficial RA 2025; conservar el grano sector-ambito.
m_otros_8,trayectoria,Int64,Mujeres: Otros en el ano/categoria indicada,estudiantes,aditiva,no aplica,desagregada por sector,desagregada por ambito,Permanencia; Trayectoria,Definicion basada en el diccionario oficial RA 2025; conservar el grano sector-ambito.
m_otros_9,trayectoria,Int64,Mujeres: Otros en el ano/categoria indicada,estudiantes,aditiva,no aplica,desagregada por sector,desagregada por ambito,Permanencia; Trayectoria,Definicion basada en el diccionario oficial RA 2025; conservar el grano sector-ambito.
m_otros_10,trayectoria,Int64,Mujeres: Otros en el ano/categoria indicada,estudiantes,aditiva,no aplica,desagregada por sector,desagregada por ambito,Permanencia; Trayectoria,Definicion basada en el diccionario oficial RA 2025; conservar el grano sector-ambito.
m_otros_11,trayectoria,Int64,Mujeres: Otros en el ano/categoria indicada,estudiantes,aditiva,no aplica,desagregada por sector,desagregada por ambito,Permanencia; Trayectoria,Definicion basada en el diccionario oficial RA 2025; conservar el grano sector-ambito.
m_otros_12,trayectoria,Int64,Mujeres: Otros en el ano/categoria indicada,estudiantes,aditiva,no aplica,desagregada por sector,desagregada por ambito,Permanencia; Trayectoria,Definicion basada en el diccionario oficial RA 2025; conservar el grano sector-ambito.
m_otros_1314,trayectoria,Int64,Mujeres: Otros en el ano/categoria indicada,estudiantes,aditiva,no aplica,desagregada por sector,desagregada por ambito,Permanencia; Trayectoria,Definicion basada en el diccionario oficial RA 2025; conservar el grano sector-ambito.
m_otros_20,trayectoria,Int64,Mujeres: Otros en el ano/categoria indicada,estudiantes,aditiva,no aplica,desagregada por sector,desagregada por ambito,Permanencia; Trayectoria,Definicion basada en el diccionario oficial RA 2025; conservar el grano sector-ambito.
primaria_egresados,trayectoria,Int64,Egresados de primaria,estudiantes,aditiva,no aplica,desagregada por sector,desagregada por ambito,Trayectoria,Definicion basada en el diccionario oficial RA 2025; conservar el grano sector-ambito.
primaria_m_egresados,trayectoria,Int64,"Egresados de primaria, mujeres",estudiantes,aditiva,no aplica,desagregada por sector,desagregada por ambito,Trayectoria,Definicion basada en el diccionario oficial RA 2025; conservar el grano sector-ambito.
secundaria_egresados,trayectoria,Int64,Egresados de secundaria,estudiantes,aditiva,no aplica,desagregada por sector,desagregada por ambito,Trayectoria,Definicion basada en el diccionario oficial RA 2025; conservar el grano sector-ambito.
secundaria_m_egresados,trayectoria,Int64,"Egresados de secundaria, mujeres",estudiantes,aditiva,no aplica,desagregada por sector,desagregada por ambito,Trayectoria,Definicion basada en el diccionario oficial RA 2025; conservar el grano sector-ambito.
provincia_nombre_fuente,trayectoria,string,Provincia informada por la fuente,no aplica,no aplica,no aplica,desagregada por sector,desagregada por ambito,Trazabilidad,No usar sustantivamente hasta confirmar la definicion oficial.
departamento_nombre_fuente,trayectoria,string,Departamento informado por la fuente,no aplica,no aplica,no aplica,desagregada por sector,desagregada por ambito,Trazabilidad,No usar sustantivamente hasta confirmar la definicion oficial.
provincia_clave_fuente,trayectoria,object,Nombre normalizado para correspondencia,no aplica,no aplica,no aplica,desagregada por sector,desagregada por ambito,Trazabilidad,No usar sustantivamente hasta confirmar la definicion oficial.
departamento_clave_fuente,trayectoria,object,Nombre normalizado para correspondencia,no aplica,no aplica,no aplica,desagregada por sector,desagregada por ambito,Trazabilidad,No usar sustantivamente hasta confirmar la definicion oficial.
provincia_id,trayectoria,string,Identificador GeoRef de provincia,no aplica,no aplica,no aplica,desagregada por sector,desagregada por ambito,Trazabilidad,No usar sustantivamente hasta confirmar la definicion oficial.
provincia_nombre,trayectoria,string,Nombre oficial GeoRef de provincia,no aplica,no aplica,no aplica,desagregada por sector,desagregada por ambito,Trazabilidad,No usar sustantivamente hasta confirmar la definicion oficial.
departamento_id,trayectoria,string,Identificador nacional GeoRef de departamento o equivalente,no aplica,no aplica,no aplica,desagregada por sector,desagregada por ambito,Trazabilidad,No usar sustantivamente hasta confirmar la definicion oficial.
departamento_nombre,trayectoria,string,Nombre GeoRef de departamento o equivalente,no aplica,no aplica,no aplica,desagregada por sector,desagregada por ambito,Trazabilidad,No usar sustantivamente hasta confirmar la definicion oficial.
clave_territorial,trayectoria,string,Clave interna provincia-departamento,no aplica,no aplica,no aplica,desagregada por sector,desagregada por ambito,Trazabilidad,No usar sustantivamente hasta confirmar la definicion oficial.
match_metodo,trayectoria,string,Metodo documentado de correspondencia territorial,no aplica,no aplica,no aplica,desagregada por sector,desagregada por ambito,Trazabilidad,No usar sustantivamente hasta confirmar la definicion oficial.
dataset,caracteristicas,object,Nombre interno de la base,no aplica,no aplica,no aplica,desagregada por sector,desagregada por ambito,Trazabilidad,No usar sustantivamente hasta confirmar la definicion oficial.
anio,caracteristicas,int64,Ano del relevamiento,no aplica,no aplica,no aplica,desagregada por sector,desagregada por ambito,Trazabilidad,No usar sustantivamente hasta confirmar la definicion oficial.
url_origen,caracteristicas,object,URL de origen,no aplica,no aplica,no aplica,desagregada por sector,desagregada por ambito,Trazabilidad,No usar sustantivamente hasta confirmar la definicion oficial.
fecha_descarga,caracteristicas,object,Fecha de descarga,no aplica,no aplica,no aplica,desagregada por sector,desagregada por ambito,Trazabilidad,No usar sustantivamente hasta confirmar la definicion oficial.
sector,caracteristicas,string,Sector de gestion,no aplica,no aplica,no aplica,desagregada por sector,desagregada por ambito,Trazabilidad,No usar sustantivamente hasta confirmar la definicion oficial.
ambito,caracteristicas,string,Ambito urbano o rural,no aplica,no aplica,no aplica,desagregada por sector,desagregada por ambito,Trazabilidad,No usar sustantivamente hasta confirmar la definicion oficial.
localizacion,caracteristicas,Int64,Cantidad de localizaciones educativas,localizaciones,aditiva,no aplica,desagregada por sector,desagregada por ambito,Acceso; Equidad,Definicion basada en el diccionario oficial RA 2025; conservar el grano sector-ambito.
electricidadsi,caracteristicas,Int64,definicion por verificar,definicion por verificar,definicion por verificar,no aplica,desagregada por sector,desagregada por ambito,por verificar,No usar sustantivamente hasta confirmar la definicion oficial.
electricidadredpublica,caracteristicas,Int64,definicion por verificar,definicion por verificar,definicion por verificar,no aplica,desagregada por sector,desagregada por ambito,por verificar,No usar sustantivamente hasta confirmar la definicion oficial.
electricidadgrupoelectrogeno,caracteristicas,Int64,definicion por verificar,definicion por verificar,definicion por verificar,no aplica,desagregada por sector,desagregada por ambito,por verificar,No usar sustantivamente hasta confirmar la definicion oficial.
electricidadpanelfotovoltaicosolar,caracteristicas,Int64,definicion por verificar,definicion por verificar,definicion por verificar,no aplica,desagregada por sector,desagregada por ambito,por verificar,No usar sustantivamente hasta confirmar la definicion oficial.
electricidadgeneradoreolico,caracteristicas,Int64,definicion por verificar,definicion por verificar,definicion por verificar,no aplica,desagregada por sector,desagregada por ambito,por verificar,No usar sustantivamente hasta confirmar la definicion oficial.
electricidadgeneradorhidraulico,caracteristicas,Int64,definicion por verificar,definicion por verificar,definicion por verificar,no aplica,desagregada por sector,desagregada por ambito,por verificar,No usar sustantivamente hasta confirmar la definicion oficial.
electricidadotro,caracteristicas,Int64,definicion por verificar,definicion por verificar,definicion por verificar,no aplica,desagregada por sector,desagregada por ambito,por verificar,No usar sustantivamente hasta confirmar la definicion oficial.
equipamientoestablecimientotelevisor,caracteristicas,Int64,definicion por verificar,definicion por verificar,definicion por verificar,no aplica,desagregada por sector,desagregada por ambito,por verificar,No usar sustantivamente hasta confirmar la definicion oficial.
equipamientoestablecimientosistemamultimediaocanon,caracteristicas,Int64,definicion por verificar,definicion por verificar,definicion por verificar,no aplica,desagregada por sector,desagregada por ambito,por verificar,No usar sustantivamente hasta confirmar la definicion oficial.
equipamientoestablecimientoscanner,caracteristicas,Int64,definicion por verificar,definicion por verificar,definicion por verificar,no aplica,desagregada por sector,desagregada por ambito,por verificar,No usar sustantivamente hasta confirmar la definicion oficial.
equipamientoestablecimientowebcam,caracteristicas,Int64,definicion por verificar,definicion por verificar,definicion por verificar,no aplica,desagregada por sector,desagregada por ambito,por verificar,No usar sustantivamente hasta confirmar la definicion oficial.
equipamientoestablecimientotelefonointeligente,caracteristicas,Int64,definicion por verificar,definicion por verificar,definicion por verificar,no aplica,desagregada por sector,desagregada por ambito,por verificar,No usar sustantivamente hasta confirmar la definicion oficial.
equipamientoestablecimientoimpresora,caracteristicas,Int64,definicion por verificar,definicion por verificar,definicion por verificar,no aplica,desagregada por sector,desagregada por ambito,por verificar,No usar sustantivamente hasta confirmar la definicion oficial.
equipamientoestablecimientoequipoemisorderadioamfm,caracteristicas,Int64,definicion por verificar,definicion por verificar,definicion por verificar,no aplica,desagregada por sector,desagregada por ambito,por verificar,No usar sustantivamente hasta confirmar la definicion oficial.
equipamientoestablecimientoequiporeceptorderadioamfm,caracteristicas,Int64,definicion por verificar,definicion por verificar,definicion por verificar,no aplica,desagregada por sector,desagregada por ambito,por verificar,No usar sustantivamente hasta confirmar la definicion oficial.
equipamientoestablecimientoservidorparausoescolar,caracteristicas,Int64,definicion por verificar,definicion por verificar,definicion por verificar,no aplica,desagregada por sector,desagregada por ambito,por verificar,No usar sustantivamente hasta confirmar la definicion oficial.
equipamientoestablecimientoimpresora3d,caracteristicas,Int64,definicion por verificar,definicion por verificar,definicion por verificar,no aplica,desagregada por sector,desagregada por ambito,por verificar,No usar sustantivamente hasta confirmar la definicion oficial.
equipamientoestablecimientoequipodesonido,caracteristicas,Int64,definicion por verificar,definicion por verificar,definicion por verificar,no aplica,desagregada por sector,desagregada por ambito,por verificar,No usar sustantivamente hasta confirmar la definicion oficial.
equipamientoestablecimientopizarrasdigitales,caracteristicas,Int64,definicion por verificar,definicion por verificar,definicion por verificar,no aplica,desagregada por sector,desagregada por ambito,por verificar,No usar sustantivamente hasta confirmar la definicion oficial.
equipamientobibliotecatelevisor,caracteristicas,Int64,definicion por verificar,definicion por verificar,definicion por verificar,no aplica,desagregada por sector,desagregada por ambito,por verificar,No usar sustantivamente hasta confirmar la definicion oficial.
equipamientobibliotecasistemamultimediaocanon,caracteristicas,Int64,definicion por verificar,definicion por verificar,definicion por verificar,no aplica,desagregada por sector,desagregada por ambito,por verificar,No usar sustantivamente hasta confirmar la definicion oficial.
equipamientobibliotecascanner,caracteristicas,Int64,definicion por verificar,definicion por verificar,definicion por verificar,no aplica,desagregada por sector,desagregada por ambito,por verificar,No usar sustantivamente hasta confirmar la definicion oficial.
equipamientobibliotecawebcam,caracteristicas,Int64,definicion por verificar,definicion por verificar,definicion por verificar,no aplica,desagregada por sector,desagregada por ambito,por verificar,No usar sustantivamente hasta confirmar la definicion oficial.
equipamientobibliotecatelefonointeligente,caracteristicas,Int64,definicion por verificar,definicion por verificar,definicion por verificar,no aplica,desagregada por sector,desagregada por ambito,por verificar,No usar sustantivamente hasta confirmar la definicion oficial.
equipamientobibliotecaimpresora,caracteristicas,Int64,definicion por verificar,definicion por verificar,definicion por verificar,no aplica,desagregada por sector,desagregada por ambito,por verificar,No usar sustantivamente hasta confirmar la definicion oficial.
equipamientobibliotecaequipoemisorderadioamfm,caracteristicas,Int64,definicion por verificar,definicion por verificar,definicion por verificar,no aplica,desagregada por sector,desagregada por ambito,por verificar,No usar sustantivamente hasta confirmar la definicion oficial.
equipamientobibliotecaequiporeceptorderadioamfm,caracteristicas,Int64,definicion por verificar,definicion por verificar,definicion por verificar,no aplica,desagregada por sector,desagregada por ambito,por verificar,No usar sustantivamente hasta confirmar la definicion oficial.
equipamientobibliotecaservidorparausoescolar,caracteristicas,Int64,definicion por verificar,definicion por verificar,definicion por verificar,no aplica,desagregada por sector,desagregada por ambito,por verificar,No usar sustantivamente hasta confirmar la definicion oficial.
equipamientobibliotecaimpresora3d,caracteristicas,Int64,definicion por verificar,definicion por verificar,definicion por verificar,no aplica,desagregada por sector,desagregada por ambito,por verificar,No usar sustantivamente hasta confirmar la definicion oficial.
equipamientobibliotecaequipodesonido,caracteristicas,Int64,definicion por verificar,definicion por verificar,definicion por verificar,no aplica,desagregada por sector,desagregada por ambito,por verificar,No usar sustantivamente hasta confirmar la definicion oficial.
equipamientobibliotecapizarrasdigitales,caracteristicas,Int64,definicion por verificar,definicion por verificar,definicion por verificar,no aplica,desagregada por sector,desagregada por ambito,por verificar,No usar sustantivamente hasta confirmar la definicion oficial.
internettipodeserviciogratuitoestado,caracteristicas,Int64,definicion por verificar,definicion por verificar,definicion por verificar,no aplica,desagregada por sector,desagregada por ambito,por verificar,No usar sustantivamente hasta confirmar la definicion oficial.
internettipodeserviciogratuitootro,caracteristicas,Int64,definicion por verificar,definicion por verificar,definicion por verificar,no aplica,desagregada por sector,desagregada por ambito,por verificar,No usar sustantivamente hasta confirmar la definicion oficial.
internettipodeserviciopago,caracteristicas,Int64,definicion por verificar,definicion por verificar,definicion por verificar,no aplica,desagregada por sector,desagregada por ambito,por verificar,No usar sustantivamente hasta confirmar la definicion oficial.
internettipodeconexiontelefonica,caracteristicas,Int64,definicion por verificar,definicion por verificar,definicion por verificar,no aplica,desagregada por sector,desagregada por ambito,por verificar,No usar sustantivamente hasta confirmar la definicion oficial.
internettipodeconexionadsl,caracteristicas,Int64,definicion por verificar,definicion por verificar,definicion por verificar,no aplica,desagregada por sector,desagregada por ambito,por verificar,No usar sustantivamente hasta confirmar la definicion oficial.
internettipodeconexioncablemodem,caracteristicas,Int64,definicion por verificar,definicion por verificar,definicion por verificar,no aplica,desagregada por sector,desagregada por ambito,por verificar,No usar sustantivamente hasta confirmar la definicion oficial.
internettipodeconexionsatelital,caracteristicas,Int64,definicion por verificar,definicion por verificar,definicion por verificar,no aplica,desagregada por sector,desagregada por ambito,por verificar,No usar sustantivamente hasta confirmar la definicion oficial.
internettipodeconexionotrotipo,caracteristicas,Int64,definicion por verificar,definicion por verificar,definicion por verificar,no aplica,desagregada por sector,desagregada por ambito,por verificar,No usar sustantivamente hasta confirmar la definicion oficial.
internettipodeconexionmovil,caracteristicas,Int64,definicion por verificar,definicion por verificar,definicion por verificar,no aplica,desagregada por sector,desagregada por ambito,por verificar,No usar sustantivamente hasta confirmar la definicion oficial.
espaciosconconexionenelareadeadministracion,caracteristicas,Int64,definicion por verificar,definicion por verificar,definicion por verificar,no aplica,desagregada por sector,desagregada por ambito,por verificar,No usar sustantivamente hasta confirmar la definicion oficial.
espaciosconconexionenlasaulas,caracteristicas,Int64,definicion por verificar,definicion por verificar,definicion por verificar,no aplica,desagregada por sector,desagregada por ambito,por verificar,No usar sustantivamente hasta confirmar la definicion oficial.
espaciosconconexionenlabibliotecas,caracteristicas,Int64,definicion por verificar,definicion por verificar,definicion por verificar,no aplica,desagregada por sector,desagregada por ambito,por verificar,No usar sustantivamente hasta confirmar la definicion oficial.
espaciosconconexionenotroespaciodelestablecimiento,caracteristicas,Int64,definicion por verificar,definicion por verificar,definicion por verificar,no aplica,desagregada por sector,desagregada por ambito,por verificar,No usar sustantivamente hasta confirmar la definicion oficial.
espaciosconconexionenellaboratorio,caracteristicas,Int64,definicion por verificar,definicion por verificar,definicion por verificar,no aplica,desagregada por sector,desagregada por ambito,por verificar,No usar sustantivamente hasta confirmar la definicion oficial.
cooperadoraconpersoneriajuridica,caracteristicas,Int64,definicion por verificar,definicion por verificar,definicion por verificar,no aplica,desagregada por sector,desagregada por ambito,por verificar,No usar sustantivamente hasta confirmar la definicion oficial.
cooperadorasinpersoneriajuridica,caracteristicas,Int64,definicion por verificar,definicion por verificar,definicion por verificar,no aplica,desagregada por sector,desagregada por ambito,por verificar,No usar sustantivamente hasta confirmar la definicion oficial.
cooperadorano,caracteristicas,Int64,definicion por verificar,definicion por verificar,definicion por verificar,no aplica,desagregada por sector,desagregada por ambito,por verificar,No usar sustantivamente hasta confirmar la definicion oficial.
sistemadegestionescolarsi,caracteristicas,Int64,definicion por verificar,definicion por verificar,definicion por verificar,no aplica,desagregada por sector,desagregada por ambito,por verificar,No usar sustantivamente hasta confirmar la definicion oficial.
sistemadegestionescolarprovistoporelministerio,caracteristicas,Int64,definicion por verificar,definicion por verificar,definicion por verificar,no aplica,desagregada por sector,desagregada por ambito,por verificar,No usar sustantivamente hasta confirmar la definicion oficial.
sistemadegestionescolardesarrolladoporterceros,caracteristicas,Int64,definicion por verificar,definicion por verificar,definicion por verificar,no aplica,desagregada por sector,desagregada por ambito,por verificar,No usar sustantivamente hasta confirmar la definicion oficial.
sistemadegestionescolarencargadoporelestablecimiento,caracteristicas,Int64,definicion por verificar,definicion por verificar,definicion por verificar,no aplica,desagregada por sector,desagregada por ambito,por verificar,No usar sustantivamente hasta confirmar la definicion oficial.
sistemadegestionescolarplanilladecalculo,caracteristicas,Int64,definicion por verificar,definicion por verificar,definicion por verificar,no aplica,desagregada por sector,desagregada por ambito,por verificar,No usar sustantivamente hasta confirmar la definicion oficial.
disponedesalaolaboratoriodeinformaticasi,caracteristicas,Int64,definicion por verificar,definicion por verificar,definicion por verificar,no aplica,desagregada por sector,desagregada por ambito,por verificar,No usar sustantivamente hasta confirmar la definicion oficial.
laboratoriofuncionaesespacioexclusivosi,caracteristicas,Int64,definicion por verificar,definicion por verificar,definicion por verificar,no aplica,desagregada por sector,desagregada por ambito,por verificar,No usar sustantivamente hasta confirmar la definicion oficial.
bibliotecadisponedealmenosunasi,caracteristicas,Int64,definicion por verificar,definicion por verificar,definicion por verificar,no aplica,desagregada por sector,desagregada por ambito,por verificar,No usar sustantivamente hasta confirmar la definicion oficial.
bibliotecafuncionaesespacioexclusivosi,caracteristicas,Int64,definicion por verificar,definicion por verificar,definicion por verificar,no aplica,desagregada por sector,desagregada por ambito,por verificar,No usar sustantivamente hasta confirmar la definicion oficial.
subvencionestataljardinmaternalsi,caracteristicas,Int64,definicion por verificar,definicion por verificar,definicion por verificar,no aplica,desagregada por sector,desagregada por ambito,por verificar,No usar sustantivamente hasta confirmar la definicion oficial.
subvencionestataljardindeinfantessi,caracteristicas,Int64,definicion por verificar,definicion por verificar,definicion por verificar,no aplica,desagregada por sector,desagregada por ambito,por verificar,No usar sustantivamente hasta confirmar la definicion oficial.
subvencionestatalprimariasi,caracteristicas,Int64,definicion por verificar,definicion por verificar,definicion por verificar,no aplica,desagregada por sector,desagregada por ambito,por verificar,No usar sustantivamente hasta confirmar la definicion oficial.
subvencionestatalsecundariasi,caracteristicas,Int64,definicion por verificar,definicion por verificar,definicion por verificar,no aplica,desagregada por sector,desagregada por ambito,por verificar,No usar sustantivamente hasta confirmar la definicion oficial.
subvencionestatalsnusi,caracteristicas,Int64,definicion por verificar,definicion por verificar,definicion por verificar,no aplica,desagregada por sector,desagregada por ambito,por verificar,No usar sustantivamente hasta confirmar la definicion oficial.
provincia_nombre_fuente,caracteristicas,string,Provincia informada por la fuente,no aplica,no aplica,no aplica,desagregada por sector,desagregada por ambito,Trazabilidad,No usar sustantivamente hasta confirmar la definicion oficial.
departamento_nombre_fuente,caracteristicas,string,Departamento informado por la fuente,no aplica,no aplica,no aplica,desagregada por sector,desagregada por ambito,Trazabilidad,No usar sustantivamente hasta confirmar la definicion oficial.
provincia_clave_fuente,caracteristicas,object,Nombre normalizado para correspondencia,no aplica,no aplica,no aplica,desagregada por sector,desagregada por ambito,Trazabilidad,No usar sustantivamente hasta confirmar la definicion oficial.
departamento_clave_fuente,caracteristicas,object,Nombre normalizado para correspondencia,no aplica,no aplica,no aplica,desagregada por sector,desagregada por ambito,Trazabilidad,No usar sustantivamente hasta confirmar la definicion oficial.
provincia_id,caracteristicas,string,Identificador GeoRef de provincia,no aplica,no aplica,no aplica,desagregada por sector,desagregada por ambito,Trazabilidad,No usar sustantivamente hasta confirmar la definicion oficial.
provincia_nombre,caracteristicas,string,Nombre oficial GeoRef de provincia,no aplica,no aplica,no aplica,desagregada por sector,desagregada por ambito,Trazabilidad,No usar sustantivamente hasta confirmar la definicion oficial.
departamento_id,caracteristicas,string,Identificador nacional GeoRef de departamento o equivalente,no aplica,no aplica,no aplica,desagregada por sector,desagregada por ambito,Trazabilidad,No usar sustantivamente hasta confirmar la definicion oficial.
departamento_nombre,caracteristicas,string,Nombre GeoRef de departamento o equivalente,no aplica,no aplica,no aplica,desagregada por sector,desagregada por ambito,Trazabilidad,No usar sustantivamente hasta confirmar la definicion oficial.
clave_territorial,caracteristicas,string,Clave interna provincia-departamento,no aplica,no aplica,no aplica,desagregada por sector,desagregada por ambito,Trazabilidad,No usar sustantivamente hasta confirmar la definicion oficial.
match_metodo,caracteristicas,string,Metodo documentado de correspondencia territorial,no aplica,no aplica,no aplica,desagregada por sector,desagregada por ambito,Trazabilidad,No usar sustantivamente hasta confirmar la definicion oficial.
